transaction_id,user_id,amount,transaction_date,payment_method
1,5347,3720,2023-06-02,UPI
2,5569,4941,2023-04-17,UPI
3,8521,1148,2023-06-28,Net Banking
4,1571,895,2023-02-18,Credit Card
5,3015,4708,2023-06-19,UPI
6,2229,419,2023-02-14,Credit Card
7,2673,720,2023-06-11,UPI
8,710,811,2023-02-04,Net Banking
9,4199,2946,2023-05-04,UPI
10,6217,2911,2023-05-29,Debit Card
11,8215,1739,2023-05-29,UPI
12,1555,3484,2023-06-20,Net Banking
13,3088,4991,2023-05-29,Net Banking
14,7593,4056,2023-06-23,Net Banking
15,4687,713,2023-03-03,Debit Card
16,597,108,2023-04-16,Debit Card
17,3700,2497,2023-03-09,UPI
18,6997,958,2023-06-02,Net Banking
19,8542,3573,2023-05-08,Credit Card
20,5193,4025,2023-04-29,UPI
21,9588,2367,2023-05-31,Debit Card
22,7510,153,2023-04-01,Debit Card
23,6533,411,2023-06-06,Debit Card
24,2747,3137,2023-06-13,Credit Card
25,8762,4989,2023-06-20,Debit Card
26,6695,1355,2023-06-26,Credit Card
27,1624,3204,2023-02-25,Net Banking
28,2719,1737,2023-06-17,Debit Card
29,6146,2341,2023-04-13,Debit Card
30,7192,3934,2023-06-14,Net Banking
31,1752,2715,2023-05-16,UPI
32,3566,4183,2023-05-15,Debit Card
33,3938,4851,2023-04-16,Net Banking
34,4383,809,2023-04-09,UPI
35,7880,4245,2023-06-08,Credit Card
36,2902,172,2023-06-09,UPI
37,5056,3745,2023-05-06,UPI
38,9024,2039,2023-04-05,Debit Card
39,1580,4727,2023-06-26,Debit Card
40,9203,4075,2023-05-27,Credit Card
41,190,1889,2023-06-02,UPI
42,3525,629,2023-05-22,UPI
43,4065,279,2023-05-19,Debit Card
44,6477,1272,2023-05-07,Net Banking
45,8940,4317,2023-03-03,Credit Card
46,6576,1132,2023-06-21,Credit Card
47,9612,4953,2023-06-20,Debit Card
48,5168,2285,2023-04-11,UPI
49,3413,689,2023-06-05,UPI
50,7723,1510,2023-06-28,UPI
51,4582,697,2023-06-10,UPI
52,9460,866,2023-06-23,Debit Card
53,331,3596,2023-05-04,Credit Card
54,4880,1835,2023-06-01,Net Banking
55,3078,3832,2023-04-18,Net Banking
56,2356,2973,2023-06-28,Net Banking
57,901,4374,2023-06-05,UPI
58,4028,938,2023-06-21,Debit Card
59,9677,3551,2023-04-25,UPI
60,7941,866,2023-05-02,Credit Card
61,7437,1423,2023-04-10,Net Banking
62,7652,3098,2023-04-28,Credit Card
63,8398,2895,2023-03-06,Debit Card
64,4394,3665,2023-05-09,UPI
65,9486,768,2023-06-07,Net Banking
66,5322,2372,2023-06-28,Net Banking
67,7241,1306,2023-06-06,Credit Card
68,6103,1611,2023-05-15,Debit Card
69,6485,2592,2023-05-28,UPI
70,9900,2650,2023-03-28,Debit Card
71,2104,217,2023-04-15,Credit Card
72,5967,3455,2023-06-03,Net Banking
73,1643,3003,2023-06-21,Net Banking
74,8005,3180,2023-04-19,Net Banking
75,184,2691,2023-02-25,Net Banking
76,3001,2078,2023-03-19,UPI
77,210,3170,2023-04-10,Credit Card
78,8498,4810,2023-02-21,UPI
79,1130,2208,2023-06-07,Credit Card
80,4807,2199,2023-05-25,Credit Card
81,4500,3054,2023-06-22,Net Banking
82,3822,4721,2023-04-21,Debit Card
83,241,2761,2023-04-21,UPI
84,3089,612,2023-04-17,Net Banking
85,4230,1976,2023-05-19,Credit Card
86,4671,1517,2023-06-28,Debit Card
87,5261,4240,2023-04-14,Net Banking
88,4958,886,2023-06-02,Debit Card
89,3972,1590,2023-06-13,Net Banking
90,7596,4034,2023-04-21,Net Banking
91,2208,4564,2023-03-13,Credit Card
92,5335,701,2023-05-23,Net Banking
93,8982,4410,2023-06-06,UPI
94,8628,2783,2023-05-22,Net Banking
95,910,3032,2023-06-25,Credit Card
96,9585,933,2023-06-10,UPI
97,2191,1324,2023-06-23,Debit Card
98,1600,4000,2023-02-26,Credit Card
99,3849,3120,2023-06-25,Credit Card
100,7979,885,2023-06-16,Debit Card
101,3250,4631,2023-06-09,UPI
102,2930,2438,2023-03-23,Debit Card
103,9227,539,2023-06-10,Net Banking
104,2672,3181,2023-04-18,UPI
105,4177,380,2023-06-18,Debit Card
106,3527,1010,2023-03-10,Credit Card
107,5792,3053,2023-06-22,Net Banking
108,1498,3638,2023-06-02,Net Banking
109,75,1114,2023-05-20,Credit Card
110,3279,3669,2023-04-09,Debit Card
111,8712,4452,2023-03-20,Credit Card
112,1574,1158,2023-06-27,Net Banking
113,7464,1290,2023-06-05,Debit Card
114,654,3493,2023-06-06,Credit Card
115,3972,2886,2023-06-18,UPI
116,1309,2183,2023-05-01,Credit Card
117,2501,2904,2023-05-29,Net Banking
118,6780,3021,2023-05-09,Net Banking
119,8997,2644,2023-06-28,UPI
120,8069,2618,2023-05-15,Net Banking
121,9084,2078,2023-06-12,Net Banking
122,9265,646,2023-06-09,UPI
123,5519,4918,2023-05-30,Credit Card
124,1615,4812,2023-06-24,Net Banking
125,4362,2299,2023-06-05,Net Banking
126,8048,4494,2023-02-25,Debit Card
127,9452,2777,2023-06-15,UPI
128,5094,1536,2023-03-29,Debit Card
129,1629,1639,2023-06-20,UPI
130,4426,3286,2023-05-03,Debit Card
131,2094,1745,2023-04-24,Debit Card
132,4921,3723,2023-05-19,Debit Card
133,1787,1404,2023-04-24,Net Banking
134,6448,4240,2023-06-28,Net Banking
135,1053,3556,2023-06-18,Credit Card
136,9850,1444,2023-05-01,Credit Card
137,7835,1258,2023-06-28,Debit Card
138,158,3060,2023-05-07,UPI
139,7115,577,2023-03-12,Credit Card
140,7251,4285,2023-05-02,UPI
141,66,3548,2023-06-27,Debit Card
142,1991,2568,2023-04-10,Net Banking
143,5322,1577,2023-06-27,UPI
144,8915,868,2023-06-16,Net Banking
145,7735,1086,2023-01-29,Net Banking
146,4606,2353,2023-06-18,Credit Card
147,4604,2764,2023-05-14,Net Banking
148,9209,652,2023-05-21,Debit Card
149,6229,4262,2023-04-09,UPI
150,5116,2943,2023-06-19,Debit Card
151,2088,2335,2023-04-06,Credit Card
152,2367,4640,2023-05-08,Net Banking
153,850,4281,2023-03-08,UPI
154,8134,2921,2023-03-24,Net Banking
155,5522,1428,2023-06-17,UPI
156,4661,3940,2023-06-14,Debit Card
157,7742,1587,2023-06-29,Credit Card
158,2611,2290,2023-03-30,UPI
159,7033,3384,2023-06-17,Net Banking
160,3101,3172,2023-06-14,UPI
161,1328,2929,2023-03-28,Debit Card
162,5948,1544,2023-06-13,UPI
163,5687,4646,2023-06-16,Net Banking
164,6921,2307,2023-06-20,UPI
165,9461,1312,2023-02-18,Net Banking
166,5206,2050,2023-06-18,Debit Card
167,8217,4293,2023-06-03,Credit Card
168,2275,4528,2023-05-24,Net Banking
169,3240,1448,2023-06-26,Credit Card
170,278,525,2023-05-31,Credit Card
171,5343,1432,2023-06-09,UPI
172,1368,619,2023-05-24,UPI
173,8533,1077,2023-05-11,Debit Card
174,1815,4282,2023-06-21,Debit Card
175,6675,3128,2023-06-05,Credit Card
176,3284,967,2023-06-17,Credit Card
177,863,4105,2023-06-19,Net Banking
178,8254,4970,2023-01-06,Credit Card
179,2420,1421,2023-03-13,Net Banking
180,277,4120,2023-06-14,Net Banking
181,3572,1803,2023-05-10,Debit Card
182,798,3154,2023-05-23,Debit Card
183,6014,1470,2023-06-18,Debit Card
184,6057,893,2023-06-27,UPI
185,1860,1288,2023-05-19,UPI
186,8577,410,2023-04-10,UPI
187,2240,4018,2023-04-20,Net Banking
188,4544,1888,2023-05-27,Credit Card
189,560,1872,2023-06-27,Debit Card
190,325,1205,2023-06-28,Net Banking
191,421,2179,2023-05-30,Debit Card
192,9173,3332,2023-06-07,UPI
193,1794,3468,2023-06-09,UPI
194,1043,1367,2023-05-30,Credit Card
195,3661,2965,2023-06-08,UPI
196,3608,811,2023-06-11,Credit Card
197,8333,4463,2023-06-27,Debit Card
198,5076,3619,2023-06-27,UPI
199,1727,4513,2023-04-14,Net Banking
200,1228,4827,2023-04-10,Debit Card
201,9576,1721,2023-04-30,Debit Card
202,623,2181,2023-06-25,Debit Card
203,1445,1946,2023-06-02,Net Banking
204,7658,2008,2023-04-25,Debit Card
205,4559,437,2023-05-25,Credit Card
206,8305,3700,2023-05-06,UPI
207,949,546,2023-06-11,Debit Card
208,146,4503,2023-06-22,Credit Card
209,6244,1449,2023-06-24,Net Banking
210,3122,3259,2023-06-29,Credit Card
211,6619,1638,2023-06-24,UPI
212,1940,3071,2023-01-29,Credit Card
213,567,4934,2023-06-09,Debit Card
214,6612,2726,2023-01-30,UPI
215,7416,1487,2023-05-05,Net Banking
216,669,2421,2023-04-12,Credit Card
217,1491,524,2023-06-26,UPI
218,4780,3625,2023-06-24,Net Banking
219,1860,3367,2023-05-05,Net Banking
220,6517,2883,2023-05-04,Net Banking
221,9853,2650,2023-04-18,UPI
222,3002,1525,2023-06-16,UPI
223,5465,2904,2023-06-23,Net Banking
224,4465,2348,2023-06-24,Credit Card
225,8200,164,2023-05-21,Debit Card
226,2287,2801,2023-04-09,Net Banking
227,9898,281,2023-06-04,Net Banking
228,1440,2176,2023-05-29,Credit Card
229,5017,874,2023-06-23,Debit Card
230,8927,1097,2023-05-14,Debit Card
231,1934,3505,2023-05-02,Debit Card
232,274,3843,2023-06-22,Net Banking
233,8705,3606,2023-05-15,Credit Card
234,2280,2896,2023-03-06,Credit Card
235,9584,1102,2023-05-21,Debit Card
236,5052,4529,2023-06-03,Credit Card
237,6957,1661,2023-06-17,UPI
238,3613,3770,2023-03-25,UPI
239,305,1187,2023-02-15,Debit Card
240,7114,4536,2023-06-29,UPI
241,7928,4887,2023-03-06,Debit Card
242,1603,3747,2023-04-25,UPI
243,5883,403,2023-06-23,Debit Card
244,1306,1340,2023-04-30,UPI
245,4908,2936,2023-06-28,UPI
246,4799,3056,2023-05-05,Credit Card
247,3173,4024,2023-05-02,Net Banking
248,3327,1037,2023-02-06,UPI
249,6694,440,2023-06-21,Credit Card
250,5819,2834,2023-05-22,Debit Card
251,930,296,2023-03-23,Debit Card
252,1033,2325,2023-06-14,Debit Card
253,836,3923,2023-05-24,UPI
254,8135,1919,2023-06-05,UPI
255,9440,2440,2023-06-16,Debit Card
256,3169,3029,2023-06-28,Net Banking
257,2562,2801,2023-03-30,Debit Card
258,5940,2359,2023-06-12,Credit Card
259,3754,4201,2023-05-03,Credit Card
260,4067,4759,2023-06-27,Credit Card
261,1059,2588,2023-06-18,Debit Card
262,7521,764,2023-05-16,Debit Card
263,4290,2707,2023-05-12,UPI
264,7251,2445,2023-05-23,Debit Card
265,6946,4289,2023-05-11,Net Banking
266,4853,3395,2023-06-18,UPI
267,2327,1689,2023-06-15,Credit Card
268,3700,1722,2023-05-09,Net Banking
269,6228,3127,2023-03-19,Net Banking
270,3134,2047,2023-05-29,Net Banking
271,8610,875,2023-06-24,Net Banking
272,1511,207,2023-03-22,UPI
273,9293,4296,2023-06-29,Net Banking
274,5287,770,2023-06-25,Net Banking
275,3001,2718,2023-03-30,Debit Card
276,7844,3090,2023-05-14,Debit Card
277,6988,4473,2023-05-24,Credit Card
278,5833,3869,2023-06-18,Credit Card
279,8442,2061,2023-06-19,UPI
280,4066,4391,2023-05-19,Credit Card
281,8483,2641,2023-06-29,Net Banking
282,9767,1420,2023-06-13,Debit Card
283,1422,4601,2023-04-08,Credit Card
284,6796,1038,2023-06-29,UPI
285,3885,4849,2023-05-05,Credit Card
286,6158,2890,2023-06-13,Debit Card
287,3038,4795,2023-04-27,Net Banking
288,6827,784,2023-04-18,Net Banking
289,8016,1419,2023-04-13,Net Banking
290,9158,4405,2023-06-28,Debit Card
291,4132,4748,2023-06-25,Net Banking
292,1046,4517,2023-06-28,Credit Card
293,8317,4162,2023-05-31,Net Banking
294,126,4580,2023-04-14,Net Banking
295,394,4886,2023-06-20,Debit Card
296,8490,463,2023-05-22,Net Banking
297,3973,1682,2023-01-18,Net Banking
298,5184,3671,2023-06-29,UPI
299,3378,4605,2023-03-19,UPI
300,8352,1219,2023-03-05,UPI
301,7198,4397,2023-03-20,Credit Card
302,5420,3443,2023-05-07,UPI
303,8132,3812,2023-05-09,Debit Card
304,6139,1053,2023-02-12,Debit Card
305,849,4384,2023-05-29,Net Banking
306,5747,1457,2023-04-20,UPI
307,6597,2234,2023-06-25,UPI
308,1477,1044,2023-06-05,Debit Card
309,6436,2471,2023-06-09,Credit Card
310,1073,3761,2023-04-15,Net Banking
311,4598,431,2023-06-15,Debit Card
312,8589,3669,2023-06-04,Debit Card
313,2902,1486,2023-05-30,Debit Card
314,6057,2438,2023-06-27,Credit Card
315,2101,4632,2023-03-05,Credit Card
316,8860,2058,2023-04-12,Debit Card
317,4932,695,2023-05-25,Debit Card
318,2136,3117,2023-03-17,Debit Card
319,422,1666,2023-05-12,Net Banking
320,8614,3735,2023-05-10,UPI
321,952,2620,2023-05-02,UPI
322,1195,1533,2023-05-16,Debit Card
323,323,4080,2023-02-06,Debit Card
324,8163,2923,2023-05-20,Net Banking
325,7823,1983,2023-06-28,Net Banking
326,2610,1463,2023-06-06,Debit Card
327,3005,4380,2023-05-09,Debit Card
328,4371,4138,2023-06-20,Credit Card
329,332,4266,2023-06-25,Debit Card
330,6548,3679,2023-05-31,Net Banking
331,4356,4191,2023-06-28,Net Banking
332,7081,3582,2023-02-04,Debit Card
333,8106,3649,2023-05-28,Net Banking
334,8969,2704,2023-06-23,Credit Card
335,2167,1404,2023-06-14,UPI
336,7145,935,2023-03-24,Debit Card
337,4933,728,2023-06-28,UPI
338,7317,539,2023-06-29,UPI
339,6694,2859,2023-05-29,Net Banking
340,8696,432,2023-06-27,UPI
341,4426,422,2023-05-11,UPI
342,1803,2184,2023-06-26,Net Banking
343,6500,3404,2023-06-15,Credit Card
344,2466,3826,2023-06-07,Credit Card
345,3289,2553,2023-05-03,UPI
346,8074,936,2023-02-25,UPI
347,9718,3135,2023-06-21,UPI
348,7317,1327,2023-06-22,UPI
349,1612,4652,2023-06-29,Credit Card
350,293,4256,2023-06-12,UPI
351,8695,2651,2023-04-01,Debit Card
352,1620,3826,2023-05-22,Net Banking
353,6251,528,2023-06-13,Credit Card
354,3285,2063,2023-05-21,Debit Card
355,7462,3847,2023-06-21,Net Banking
356,3032,4075,2023-04-03,Credit Card
357,2298,2615,2023-03-10,Credit Card
358,7830,4349,2023-04-24,UPI
359,9432,1340,2023-03-27,UPI
360,1805,4259,2023-06-20,Credit Card
361,1343,2531,2023-06-06,UPI
362,1104,3442,2023-05-18,Credit Card
363,8054,4643,2023-06-22,Net Banking
364,264,2936,2023-06-12,Debit Card
365,9302,4080,2023-03-22,Debit Card
366,2799,3720,2023-05-27,Net Banking
367,591,772,2023-06-27,Debit Card
368,8072,1369,2023-06-23,Net Banking
369,3452,3435,2023-03-22,UPI
370,2539,3994,2023-05-18,Debit Card
371,9991,2542,2023-01-02,Credit Card
372,3020,654,2023-05-31,UPI
373,2993,2725,2023-05-22,UPI
374,6674,4146,2023-04-29,Credit Card
375,9387,2843,2023-04-12,Debit Card
376,751,3545,2023-05-24,UPI
377,6436,3554,2023-05-08,Net Banking
378,3321,1304,2023-06-24,Credit Card
379,1736,3014,2023-04-10,Debit Card
380,227,2735,2023-06-14,Debit Card
381,2799,2871,2023-06-11,Net Banking
382,3923,805,2023-05-03,Net Banking
383,273,4379,2023-04-14,UPI
384,5746,606,2023-06-27,Debit Card
385,241,1007,2023-06-10,Net Banking
386,4016,4081,2023-04-21,Credit Card
387,4132,1914,2023-06-16,Net Banking
388,1142,4868,2023-02-13,Credit Card
389,7169,2080,2023-06-17,Credit Card
390,5689,4168,2023-06-19,Credit Card
391,9304,3050,2023-05-13,UPI
392,4799,1728,2023-04-18,Credit Card
393,6776,2716,2023-05-04,Net Banking
394,2039,281,2023-03-22,UPI
395,36,770,2023-04-24,UPI
396,443,1993,2023-05-24,Net Banking
397,7614,2440,2023-05-22,Credit Card
398,4188,2477,2023-05-13,Credit Card
399,144,1529,2023-06-03,UPI
400,2001,1551,2023-06-01,Credit Card
401,8074,3544,2023-02-09,Credit Card
402,5656,4409,2023-04-29,Credit Card
403,3781,2833,2023-04-28,Net Banking
404,5628,4644,2023-06-19,UPI
405,3285,4010,2023-05-19,Debit Card
406,4860,4201,2023-04-12,UPI
407,4907,4431,2023-05-20,Credit Card
408,7392,3743,2023-06-27,Net Banking
409,907,4342,2023-06-16,Debit Card
410,855,379,2023-06-20,Debit Card
411,8271,1728,2023-05-27,Net Banking
412,6433,789,2023-02-25,Net Banking
413,6271,4728,2023-05-01,Credit Card
414,9501,1366,2023-06-27,Credit Card
415,3713,1389,2023-04-14,Debit Card
416,1674,1166,2023-06-22,Net Banking
417,4814,4870,2023-06-26,Credit Card
418,6257,1951,2023-06-16,Credit Card
419,8969,2385,2023-05-11,Credit Card
420,3799,585,2023-02-03,Credit Card
421,1921,4375,2023-06-03,Debit Card
422,2858,4909,2023-04-27,UPI
423,8292,1427,2023-03-05,UPI
424,7829,2608,2023-05-16,Credit Card
425,3775,741,2023-05-22,Credit Card
426,6690,625,2023-06-07,UPI
427,1277,2560,2023-02-17,Credit Card
428,7450,734,2023-06-21,Credit Card
429,3480,4067,2023-06-21,UPI
430,345,1447,2023-06-25,UPI
431,9770,3871,2023-04-22,Credit Card
432,1130,1756,2023-02-10,UPI
433,2814,2230,2023-06-22,Debit Card
434,5264,440,2023-04-23,Credit Card
435,9388,3014,2023-03-22,Net Banking
436,7534,629,2023-04-12,Net Banking
437,7407,2296,2023-06-24,Net Banking
438,9178,2308,2023-05-09,UPI
439,6293,2218,2023-06-04,Net Banking
440,3408,3184,2023-05-28,Debit Card
441,8004,1021,2023-05-10,Net Banking
442,935,2769,2023-05-17,Net Banking
443,2558,1063,2023-04-04,Net Banking
444,8356,4921,2023-06-01,Credit Card
445,983,1840,2023-05-20,Net Banking
446,2804,3998,2023-04-21,UPI
447,4676,4865,2023-06-20,Debit Card
448,2080,3830,2023-03-26,UPI
449,7751,4484,2023-05-27,UPI
450,3157,341,2023-05-12,Debit Card
451,2899,3136,2023-06-18,Net Banking
452,7623,1642,2023-04-29,Debit Card
453,4284,3924,2023-06-18,Credit Card
454,2104,2561,2023-05-21,Net Banking
455,7931,210,2023-06-09,UPI
456,9310,3946,2023-04-16,UPI
457,8840,4010,2023-05-27,Credit Card
458,1308,3412,2023-06-22,Debit Card
459,5184,778,2023-06-03,Net Banking
460,2557,622,2023-05-02,Debit Card
461,690,4151,2023-05-11,Credit Card
462,4099,421,2023-06-25,Net Banking
463,9266,1122,2023-06-09,Debit Card
464,7684,4883,2023-03-30,UPI
465,8373,2459,2023-02-10,Net Banking
466,9804,2267,2023-05-11,Debit Card
467,442,2226,2023-05-13,UPI
468,9325,4750,2023-05-17,Debit Card
469,8400,432,2023-06-27,Debit Card
470,3796,883,2023-06-07,Net Banking
471,5264,1895,2023-04-22,Net Banking
472,137,2399,2023-04-28,Credit Card
473,3854,1768,2023-06-10,Net Banking
474,7182,561,2023-06-07,Net Banking
475,9418,928,2023-06-02,Net Banking
476,9507,1938,2023-06-15,UPI
477,26,149,2023-04-26,Credit Card
478,105,4008,2023-04-07,Net Banking
479,5915,2167,2023-06-16,Credit Card
480,2253,629,2023-06-21,UPI
481,607,4692,2023-06-21,Credit Card
482,9282,3160,2023-06-09,Net Banking
483,6920,3460,2023-06-27,Debit Card
484,431,4548,2023-05-26,Debit Card
485,8937,4719,2023-05-07,Net Banking
486,6853,1572,2023-05-28,Credit Card
487,7723,4215,2023-06-26,Debit Card
488,7430,3518,2023-05-03,Debit Card
489,1730,1902,2023-06-27,UPI
490,6382,2123,2023-05-27,Credit Card
491,7848,2027,2023-05-11,Net Banking
492,9776,2366,2023-04-17,Debit Card
493,3103,2928,2023-05-20,Net Banking
494,8893,4483,2023-06-12,Credit Card
495,7451,1471,2023-06-29,Credit Card
496,5420,1984,2023-05-17,Debit Card
497,229,833,2023-06-15,Debit Card
498,3313,2569,2023-06-12,UPI
499,6972,4095,2023-06-29,Debit Card
500,2643,118,2023-06-07,Debit Card
501,7801,991,2023-03-16,Net Banking
502,4689,1923,2023-06-03,Debit Card
503,5460,2109,2023-06-13,Debit Card
504,1841,894,2023-06-18,UPI
505,4958,3051,2023-05-10,UPI
506,6928,2381,2023-06-04,Debit Card
507,6338,3946,2023-06-26,UPI
508,6766,4586,2023-06-12,Net Banking
509,3535,1193,2023-05-08,Credit Card
510,1550,3043,2023-06-25,Credit Card
511,9637,3624,2023-06-24,UPI
512,4402,1043,2023-03-07,Credit Card
513,32,1802,2023-05-06,Net Banking
514,4545,3666,2023-05-17,Debit Card
515,3469,3891,2023-04-02,UPI
516,4944,3168,2023-06-02,Debit Card
517,1983,1007,2023-06-29,Net Banking
518,9163,3433,2023-06-03,Credit Card
519,1812,3497,2023-04-29,Net Banking
520,9114,2287,2023-05-25,Debit Card
521,3770,3684,2023-03-20,Net Banking
522,2899,4455,2023-06-10,Debit Card
523,4675,625,2023-06-01,Credit Card
524,8902,875,2023-05-20,Credit Card
525,6375,2105,2023-05-14,UPI
526,6507,3176,2023-01-23,Credit Card
527,840,1328,2023-06-26,Credit Card
528,6914,4059,2023-06-27,Net Banking
529,5014,3127,2023-04-17,Credit Card
530,6714,2034,2023-05-05,Net Banking
531,3730,4783,2023-05-29,Credit Card
532,8475,4408,2023-06-19,Net Banking
533,5888,683,2023-06-23,UPI
534,2392,1686,2023-06-22,Net Banking
535,8175,314,2023-04-03,UPI
536,8535,688,2023-04-24,Credit Card
537,1795,3834,2023-06-11,Credit Card
538,354,2668,2023-06-11,UPI
539,491,2240,2023-06-10,Net Banking
540,9387,1681,2023-03-11,Debit Card
541,8404,4463,2023-04-21,Credit Card
542,7493,4965,2023-06-25,Debit Card
543,698,2519,2023-03-12,Net Banking
544,4936,1387,2023-06-17,UPI
545,5098,4996,2023-05-01,Debit Card
546,4399,1976,2023-05-29,UPI
547,9101,1716,2023-05-28,Net Banking
548,9278,2940,2023-05-11,UPI
549,3144,324,2023-02-11,Debit Card
550,4417,2648,2023-05-12,Debit Card
551,4089,2316,2023-06-19,Debit Card
552,7049,687,2023-04-17,Debit Card
553,7484,4226,2023-05-31,Debit Card
554,3092,4123,2023-02-19,Debit Card
555,9796,1865,2023-05-06,UPI
556,5930,2443,2023-05-27,Credit Card
557,2480,1748,2023-06-17,Debit Card
558,6668,1540,2023-02-16,Net Banking
559,2004,962,2023-03-27,Credit Card
560,9090,137,2023-02-27,Debit Card
561,7440,1521,2023-05-11,Net Banking
562,2921,2745,2023-03-31,Credit Card
563,84,1713,2023-05-08,Debit Card
564,3565,1804,2023-03-11,UPI
565,9296,3315,2023-04-19,Credit Card
566,1496,3310,2023-06-22,Credit Card
567,1113,415,2023-05-13,Credit Card
568,8605,2596,2023-05-17,Net Banking
569,3346,3876,2023-05-23,Credit Card
570,3843,170,2023-05-10,Debit Card
571,6830,3648,2023-06-20,Credit Card
572,3726,1487,2023-06-12,Credit Card
573,6712,2159,2023-05-18,UPI
574,2420,4636,2023-02-17,Debit Card
575,1592,4449,2023-06-07,Debit Card
576,7065,2896,2023-05-20,Net Banking
577,1595,2625,2023-06-16,Net Banking
578,2157,2299,2023-05-21,Credit Card
579,3378,3288,2023-05-04,Credit Card
580,2906,3114,2023-06-28,Credit Card
581,1281,855,2023-05-15,UPI
582,7112,2863,2023-05-29,UPI
583,530,3352,2023-06-24,Debit Card
584,644,2486,2023-06-25,Net Banking
585,188,2337,2023-06-02,Debit Card
586,1334,2134,2023-03-03,UPI
587,3444,2633,2023-05-06,UPI
588,9519,3450,2023-06-16,UPI
589,2996,1685,2023-04-21,Credit Card
590,497,2959,2023-03-19,UPI
591,2868,2335,2023-05-03,UPI
592,9299,4191,2023-06-12,Credit Card
593,7823,251,2023-06-27,Net Banking
594,8422,2947,2023-06-22,Net Banking
595,9293,3454,2023-05-17,Net Banking
596,5669,3582,2023-06-26,Credit Card
597,5730,2428,2023-05-22,UPI
598,991,3537,2023-04-29,UPI
599,6041,3518,2023-05-18,Debit Card
600,9567,1687,2023-03-21,Debit Card
601,5277,2548,2023-06-13,UPI
602,8187,4020,2023-05-17,Credit Card
603,5017,4816,2023-06-12,Credit Card
604,7830,4626,2023-06-24,Net Banking
605,7212,3582,2023-04-28,UPI
606,5748,2975,2023-05-10,UPI
607,9207,3449,2023-03-11,UPI
608,2837,2449,2023-06-08,UPI
609,1923,226,2023-03-18,Debit Card
610,49,2682,2023-03-17,Debit Card
611,1982,4635,2023-04-26,Credit Card
612,2760,1525,2023-03-31,Credit Card
613,3163,2088,2023-06-28,Net Banking
614,9458,1216,2023-06-09,Credit Card
615,8283,4192,2023-06-13,Net Banking
616,4439,951,2023-06-22,Credit Card
617,6811,1879,2023-06-13,Net Banking
618,430,741,2023-02-12,Credit Card
619,1235,2798,2023-06-28,Net Banking
620,432,739,2023-06-15,Net Banking
621,7124,4757,2023-02-21,Net Banking
622,1122,2757,2023-05-20,UPI
623,1051,4248,2023-05-25,Debit Card
624,9699,211,2023-06-17,Debit Card
625,784,3658,2023-03-26,Net Banking
626,431,1959,2023-05-25,UPI
627,2528,4179,2023-06-24,Debit Card
628,3201,625,2023-05-18,Debit Card
629,5053,957,2023-04-22,UPI
630,4435,2854,2023-05-17,UPI
631,9455,664,2023-03-18,Net Banking
632,5209,1276,2023-05-20,UPI
633,4133,969,2023-05-11,Debit Card
634,2299,1681,2023-06-28,Credit Card
635,8688,4799,2023-06-07,UPI
636,7437,2048,2023-05-11,Net Banking
637,3709,2824,2023-06-24,Net Banking
638,607,1654,2023-04-19,Debit Card
639,2059,2841,2023-05-17,Credit Card
640,3866,780,2023-04-22,UPI
641,7900,3116,2023-06-20,UPI
642,1697,1349,2023-05-04,UPI
643,8718,4770,2023-06-14,Credit Card
644,42,900,2023-05-23,Net Banking
645,6501,1500,2023-05-10,Credit Card
646,2303,699,2023-05-28,UPI
647,3002,3787,2023-05-26,Credit Card
648,9617,1075,2023-04-14,Net Banking
649,3966,1315,2023-02-28,Debit Card
650,443,3573,2023-06-11,Credit Card
651,873,362,2023-05-14,Credit Card
652,5943,1102,2023-02-21,Net Banking
653,3327,4020,2023-03-11,Credit Card
654,5575,3950,2023-05-10,Credit Card
655,6796,4066,2023-06-10,UPI
656,1836,3943,2023-04-27,UPI
657,3602,3598,2023-03-09,Credit Card
658,8993,518,2023-05-07,Net Banking
659,7354,360,2023-05-06,Debit Card
660,7288,4044,2023-05-24,UPI
661,9099,2922,2023-06-13,Net Banking
662,3148,1236,2023-03-07,Credit Card
663,7830,2886,2023-05-15,UPI
664,18,4634,2023-06-08,Debit Card
665,5888,4528,2023-06-28,Net Banking
666,7583,2967,2023-06-28,Net Banking
667,1548,4272,2023-04-30,Net Banking
668,4592,3432,2023-06-03,Debit Card
669,6388,1340,2023-06-24,Net Banking
670,5787,1965,2023-06-27,Net Banking
671,7970,1743,2023-03-14,Net Banking
672,9777,1698,2023-06-24,Credit Card
673,9829,2236,2023-06-12,Net Banking
674,4637,4307,2023-06-21,Debit Card
675,5159,1348,2023-03-22,UPI
676,2898,1316,2023-02-22,Net Banking
677,6341,1222,2023-06-25,UPI
678,2944,3828,2023-06-14,Net Banking
679,229,4908,2023-06-16,Net Banking
680,7548,1313,2023-05-09,Debit Card
681,5610,2174,2023-05-25,Credit Card
682,4423,4923,2023-06-09,Credit Card
683,9521,2986,2023-06-25,Credit Card
684,569,4000,2023-02-19,UPI
685,2805,4815,2023-05-11,UPI
686,5884,3652,2023-05-07,UPI
687,1805,3531,2023-06-28,Debit Card
688,1367,179,2023-06-27,Debit Card
689,680,4228,2023-04-20,UPI
690,8302,1595,2023-04-14,Net Banking
691,4947,3919,2023-06-20,Credit Card
692,6587,2134,2023-05-31,Net Banking
693,9985,1160,2023-04-10,Credit Card
694,7735,3409,2023-01-30,UPI
695,9337,3955,2023-05-30,UPI
696,3274,124,2023-04-14,Credit Card
697,9076,2409,2023-04-06,Net Banking
698,8302,532,2023-03-20,Net Banking
699,9231,1882,2023-06-22,UPI
700,6273,976,2023-06-24,Net Banking
701,2709,4249,2023-04-18,UPI
702,5760,436,2023-05-31,Debit Card
703,7375,2273,2023-06-21,Credit Card
704,5731,4744,2023-05-28,Debit Card
705,5549,4942,2023-04-12,Net Banking
706,7596,2305,2023-06-10,Credit Card
707,5012,634,2023-06-26,Credit Card
708,8079,1705,2023-06-09,UPI
709,4464,4361,2023-03-31,UPI
710,6373,3668,2023-06-09,Net Banking
711,3317,264,2023-06-17,Net Banking
712,5617,3723,2023-03-19,Debit Card
713,7553,1118,2023-04-13,Net Banking
714,8183,2754,2023-05-15,Debit Card
715,4505,638,2023-04-24,UPI
716,407,4646,2023-06-25,Credit Card
717,6923,3738,2023-06-07,UPI
718,5544,857,2023-05-15,Debit Card
719,3274,3397,2023-04-08,Debit Card
720,6502,2173,2023-06-11,Net Banking
721,8562,1071,2023-05-23,Credit Card
722,4757,3257,2023-05-13,Credit Card
723,3913,4089,2023-05-02,UPI
724,893,1604,2023-04-11,Debit Card
725,7950,2608,2023-06-20,Net Banking
726,1491,2630,2023-06-25,Net Banking
727,3521,104,2023-06-07,Debit Card
728,8086,2661,2023-06-26,UPI
729,594,1137,2023-06-20,Net Banking
730,9826,4148,2023-06-11,UPI
731,2976,479,2023-03-18,UPI
732,1513,4514,2023-06-07,Credit Card
733,4659,706,2023-05-05,Net Banking
734,7015,3592,2023-06-11,Net Banking
735,3779,1300,2023-04-12,Debit Card
736,8695,2403,2023-05-16,Credit Card
737,2126,3003,2023-06-11,Debit Card
738,2675,4923,2023-06-23,Debit Card
739,4442,576,2023-04-30,UPI
740,8293,1910,2023-06-03,Net Banking
741,4374,3416,2023-03-27,Debit Card
742,1885,3226,2023-06-27,Debit Card
743,1431,3864,2023-06-16,Credit Card
744,5315,4470,2023-04-12,Debit Card
745,5665,177,2023-01-26,Debit Card
746,343,1903,2023-06-23,UPI
747,2971,4089,2023-06-01,Debit Card
748,4371,720,2023-06-25,Net Banking
749,1131,1032,2023-05-28,UPI
750,6130,400,2023-06-19,Net Banking
751,2539,270,2023-05-13,Credit Card
752,2293,4219,2023-05-07,Debit Card
753,6119,4691,2023-03-17,Debit Card
754,5058,3987,2023-06-10,Credit Card
755,4153,2948,2023-06-28,Net Banking
756,3138,2995,2023-06-11,UPI
757,6261,4963,2023-06-24,Credit Card
758,6375,3400,2023-06-02,Credit Card
759,8078,2417,2023-05-31,UPI
760,987,2083,2023-04-27,Credit Card
761,1469,1422,2023-06-20,Credit Card
762,836,2788,2023-03-23,UPI
763,1990,1580,2023-03-06,Net Banking
764,2514,2594,2023-05-14,Net Banking
765,6627,4444,2023-06-23,UPI
766,4104,1205,2023-06-08,Debit Card
767,7172,592,2023-05-31,UPI
768,2339,3250,2023-05-14,UPI
769,615,997,2023-05-23,Net Banking
770,9612,2304,2023-06-10,Net Banking
771,3452,4355,2023-03-13,Credit Card
772,5652,3872,2023-06-11,Debit Card
773,843,3998,2023-06-21,UPI
774,606,2260,2023-05-31,UPI
775,8624,2563,2023-05-09,Debit Card
776,2657,3116,2023-05-15,Credit Card
777,6000,4491,2023-05-09,Debit Card
778,7193,254,2023-03-24,Debit Card
779,2767,2099,2023-06-14,Credit Card
780,2004,484,2023-03-22,UPI
781,1440,4026,2023-06-05,Debit Card
782,7150,1345,2023-05-24,Credit Card
783,3307,4457,2023-04-18,Net Banking
784,6247,4239,2023-02-22,UPI
785,1570,972,2023-06-20,Credit Card
786,8845,1566,2023-05-05,Net Banking
787,8999,2406,2023-05-03,Debit Card
788,7707,2159,2023-04-21,Debit Card
789,9693,3532,2023-03-27,Net Banking
790,8186,2296,2023-06-25,Credit Card
791,2639,3458,2023-05-24,Credit Card
792,9489,2728,2023-06-17,Debit Card
793,4057,3233,2023-06-01,Net Banking
794,6677,4280,2023-05-24,Credit Card
795,822,815,2023-03-09,UPI
796,8018,397,2023-05-17,Debit Card
797,3457,3458,2023-06-28,Debit Card
798,551,2967,2023-06-15,Debit Card
799,2060,921,2023-06-27,Debit Card
800,23,4348,2023-06-26,Debit Card
801,9425,1959,2023-04-28,UPI
802,2466,4415,2023-03-23,Debit Card
803,6933,4098,2023-06-04,Debit Card
804,1281,2154,2023-06-28,UPI
805,7224,1363,2023-06-18,Net Banking
806,2247,3935,2023-06-19,Net Banking
807,2031,4348,2023-03-06,Credit Card
808,3435,1564,2023-06-08,Net Banking
809,9538,887,2023-03-06,Net Banking
810,2744,4256,2023-06-28,Net Banking
811,8375,1035,2023-06-04,Debit Card
812,468,816,2023-05-20,Net Banking
813,5721,4130,2023-05-11,Credit Card
814,5139,2855,2023-05-10,Net Banking
815,2219,1853,2023-06-09,Credit Card
816,1515,2683,2023-04-08,Net Banking
817,8551,4069,2023-02-06,UPI
818,5306,2759,2023-04-26,Credit Card
819,2135,3557,2023-02-20,UPI
820,3029,4549,2023-05-26,UPI
821,3298,2253,2023-06-23,Net Banking
822,2259,2194,2023-06-28,Credit Card
823,485,3511,2023-06-18,Net Banking
824,3436,520,2023-03-21,UPI
825,563,4396,2023-05-22,Credit Card
826,8906,3418,2023-05-14,UPI
827,8005,4319,2023-05-06,Credit Card
828,1254,2077,2023-06-03,UPI
829,6425,801,2023-03-23,Debit Card
830,1632,1242,2023-04-03,Debit Card
831,2336,4390,2023-05-01,Credit Card
832,7252,2759,2023-06-08,Credit Card
833,1324,726,2023-06-16,UPI
834,1112,4651,2023-04-29,Net Banking
835,52,3061,2023-06-19,Net Banking
836,9662,2332,2023-02-16,Credit Card
837,1269,2620,2023-06-27,UPI
838,6683,4120,2023-06-21,Net Banking
839,277,4088,2023-06-15,Net Banking
840,5862,3207,2023-06-09,UPI
841,3987,2284,2023-06-10,UPI
842,6176,2777,2023-05-15,Debit Card
843,3103,4505,2023-06-14,Debit Card
844,871,2348,2023-04-22,UPI
845,3541,382,2023-06-17,Debit Card
846,5201,3674,2023-06-05,Net Banking
847,3676,117,2023-06-03,Debit Card
848,1461,3602,2023-06-19,Credit Card
849,7881,4404,2023-02-25,Debit Card
850,4395,886,2023-06-20,UPI
851,1254,2607,2023-06-02,Debit Card
852,9304,1607,2023-05-24,Debit Card
853,2346,1404,2023-06-16,UPI
854,7844,2294,2023-04-07,Debit Card
855,2426,2739,2023-06-17,UPI
856,9991,4489,2023-04-17,Credit Card
857,9984,4154,2023-06-13,UPI
858,9259,4343,2023-06-04,Net Banking
859,2459,3846,2023-04-09,Net Banking
860,4066,1690,2023-04-30,Net Banking
861,80,2531,2023-05-25,UPI
862,2639,4053,2023-05-15,UPI
863,5864,4551,2023-05-11,Credit Card
864,8897,4509,2023-05-31,Net Banking
865,8279,3863,2023-05-17,UPI
866,757,4860,2023-06-13,Net Banking
867,2455,587,2023-06-27,Credit Card
868,6040,958,2023-03-13,Credit Card
869,9616,871,2023-04-09,Net Banking
870,7858,2775,2023-04-22,Net Banking
871,4235,598,2023-06-18,Net Banking
872,8872,2743,2023-04-25,Credit Card
873,5426,312,2023-06-23,Net Banking
874,8796,4554,2023-06-07,Credit Card
875,6751,4347,2023-06-19,Debit Card
876,1294,757,2023-05-23,Net Banking
877,3478,4434,2023-06-09,Net Banking
878,4502,3278,2023-05-05,Net Banking
879,7513,408,2023-02-05,Credit Card
880,5967,2076,2023-05-23,Net Banking
881,1821,803,2023-05-02,UPI
882,7400,3857,2023-04-25,Net Banking
883,7923,4944,2023-06-23,UPI
884,9143,1246,2023-04-07,UPI
885,9067,995,2023-06-22,UPI
886,7548,2426,2023-06-17,Net Banking
887,9962,2434,2023-06-22,Net Banking
888,8400,2590,2023-06-25,Debit Card
889,6634,830,2023-06-23,Net Banking
890,9641,1214,2023-05-10,Debit Card
891,3567,2395,2023-05-30,UPI
892,9668,277,2023-06-13,Debit Card
893,5443,505,2023-06-16,UPI
894,6785,3618,2023-04-03,Net Banking
895,4330,1196,2023-06-01,Net Banking
896,812,2882,2023-06-18,Debit Card
897,2522,2419,2023-06-20,Net Banking
898,8092,101,2023-06-27,Net Banking
899,6067,1158,2023-05-01,Credit Card
900,642,2711,2023-04-08,Credit Card
901,32,2006,2023-03-08,Credit Card
902,7245,2209,2023-04-17,UPI
903,6516,1305,2023-06-28,UPI
904,3444,2895,2023-06-13,Net Banking
905,3386,288,2023-05-24,Debit Card
906,295,4395,2023-06-22,Debit Card
907,4511,3540,2023-04-23,Net Banking
908,522,2263,2023-06-28,UPI
909,2902,459,2023-05-02,Net Banking
910,5289,1788,2023-05-21,Credit Card
911,3308,441,2023-06-23,Net Banking
912,5519,1844,2023-05-03,UPI
913,101,1118,2023-06-27,Net Banking
914,4708,1351,2023-03-08,UPI
915,7070,4767,2023-06-27,Net Banking
916,4307,4082,2023-06-17,Debit Card
917,1820,3352,2023-02-14,Net Banking
918,6269,245,2023-05-04,Net Banking
919,1644,4798,2023-04-20,Debit Card
920,7119,3481,2023-02-27,UPI
921,822,2798,2023-06-27,UPI
922,2910,2845,2023-03-26,Debit Card
923,2425,3464,2023-05-21,UPI
924,1147,3035,2023-05-25,UPI
925,8726,1288,2023-05-28,Debit Card
926,6235,4476,2023-06-28,Credit Card
927,9626,1222,2023-06-28,Net Banking
928,9632,3607,2023-03-10,UPI
929,8633,3634,2023-04-28,UPI
930,7808,1414,2023-04-12,UPI
931,8043,2863,2023-04-09,Debit Card
932,3738,924,2023-06-19,Credit Card
933,9696,2273,2023-06-22,Credit Card
934,9923,1566,2023-06-21,Net Banking
935,7275,1869,2023-05-25,Debit Card
936,4141,3839,2023-06-18,Credit Card
937,7018,1519,2023-04-16,Debit Card
938,5397,2266,2023-05-28,Debit Card
939,8710,140,2023-05-29,UPI
940,3990,4916,2023-06-29,Net Banking
941,7767,464,2023-05-22,Credit Card
942,3022,4941,2023-05-18,Credit Card
943,4564,4276,2023-05-12,Debit Card
944,1836,2747,2023-03-27,UPI
945,1715,4275,2023-05-07,Credit Card
946,5711,499,2023-05-17,Net Banking
947,1998,4692,2023-02-27,Net Banking
948,5588,2297,2023-06-08,Credit Card
949,2991,2619,2023-06-27,Net Banking
950,3838,2638,2023-05-05,Net Banking
951,5569,1768,2023-04-12,Net Banking
952,1121,4160,2023-05-25,Credit Card
953,7664,1410,2023-06-20,Credit Card
954,2767,412,2023-06-14,Credit Card
955,9787,207,2023-05-12,Credit Card
956,7060,3313,2023-06-08,Credit Card
957,1343,366,2023-06-16,Net Banking
958,1242,1240,2023-05-25,Credit Card
959,5205,4243,2023-05-15,UPI
960,1495,3741,2023-03-11,UPI
961,1465,4623,2023-06-07,Debit Card
962,7709,382,2023-05-18,UPI
963,3226,597,2023-06-09,UPI
964,1536,4863,2023-02-02,Debit Card
965,5672,465,2023-03-30,Debit Card
966,7819,220,2023-06-10,Net Banking
967,185,2177,2023-03-27,Net Banking
968,7033,4131,2023-05-30,Net Banking
969,2556,2063,2023-05-16,Net Banking
970,6257,4468,2023-04-23,UPI
971,2832,1579,2023-05-29,UPI
972,1518,563,2023-05-25,Net Banking
973,5062,658,2023-06-09,Debit Card
974,3149,3098,2023-05-11,Net Banking
975,5707,987,2023-03-27,Debit Card
976,9879,4286,2023-03-14,Debit Card
977,5041,2341,2023-03-30,Net Banking
978,8811,179,2023-03-12,Credit Card
979,7688,3702,2023-05-09,UPI
980,3058,1095,2023-03-24,UPI
981,2530,1486,2023-06-13,Credit Card
982,3385,3941,2023-03-03,Debit Card
983,7802,1588,2023-06-15,UPI
984,8771,4404,2023-06-10,Debit Card
985,2142,2801,2023-06-28,UPI
986,8631,3001,2023-06-23,UPI
987,1064,790,2023-06-03,Debit Card
988,7554,3510,2023-04-27,Net Banking
989,8249,2037,2023-04-10,UPI
990,9185,408,2023-05-14,UPI
991,6044,4134,2023-06-22,Debit Card
992,1372,4961,2023-06-13,Credit Card
993,9173,1723,2023-05-01,Net Banking
994,154,4497,2023-03-01,Credit Card
995,287,1022,2023-01-31,UPI
996,4585,2283,2023-05-23,Net Banking
997,8834,1242,2023-06-08,Credit Card
998,5268,3386,2023-06-01,Credit Card
999,8188,4123,2023-03-06,Credit Card
1000,814,1034,2023-03-09,UPI
1001,5678,2317,2023-02-11,Debit Card
1002,8751,4215,2023-06-21,Credit Card
1003,9445,732,2023-04-15,Debit Card
1004,4535,4384,2023-06-25,Debit Card
1005,908,3915,2023-05-15,Debit Card
1006,596,1878,2023-06-29,Debit Card
1007,4958,233,2023-05-10,Net Banking
1008,8743,1643,2023-06-13,Net Banking
1009,2828,2592,2023-06-04,Credit Card
1010,5433,580,2023-05-09,Credit Card
1011,3265,2632,2023-06-21,Credit Card
1012,2953,2759,2023-06-27,UPI
1013,6519,792,2023-04-09,Net Banking
1014,9241,484,2023-04-08,UPI
1015,5530,1892,2023-06-26,Debit Card
1016,8384,1501,2023-05-31,Credit Card
1017,8749,4442,2023-06-05,Debit Card
1018,6175,909,2023-06-24,Debit Card
1019,8268,274,2023-05-02,Credit Card
1020,5535,918,2023-03-29,Net Banking
1021,9127,991,2023-06-12,Debit Card
1022,8966,690,2023-05-25,Net Banking
1023,6946,4595,2023-05-25,Net Banking
1024,2719,2185,2023-04-19,UPI
1025,7548,3192,2023-06-11,UPI
1026,780,3119,2023-05-23,Debit Card
1027,5347,1537,2023-05-27,UPI
1028,6028,685,2023-06-04,Debit Card
1029,4790,2872,2023-04-07,Credit Card
1030,5088,4993,2023-05-28,Debit Card
1031,6408,3405,2023-06-21,Debit Card
1032,4494,2738,2023-04-04,Net Banking
1033,5124,2445,2023-06-09,UPI
1034,1953,1312,2023-04-03,Net Banking
1035,3928,3764,2023-06-11,Debit Card
1036,5218,129,2023-06-01,Credit Card
1037,1627,3708,2023-06-17,Debit Card
1038,6677,3987,2023-06-22,Credit Card
1039,485,2000,2023-06-11,Credit Card
1040,921,667,2023-03-13,Debit Card
1041,181,1630,2023-06-29,UPI
1042,34,397,2023-02-24,Net Banking
1043,8542,1825,2023-05-02,Net Banking
1044,7273,4509,2023-06-06,Debit Card
1045,5743,2670,2023-06-17,Net Banking
1046,8255,1911,2023-02-23,Net Banking
1047,2562,4267,2023-05-16,Debit Card
1048,5272,1047,2023-06-24,Debit Card
1049,1216,2402,2023-06-15,UPI
1050,9563,4546,2023-06-23,UPI
1051,3794,4919,2023-03-16,Debit Card
1052,9535,4222,2023-05-31,Credit Card
1053,2921,3803,2023-02-08,Debit Card
1054,9538,3823,2023-02-17,Net Banking
1055,5513,898,2023-06-26,Debit Card
1056,4853,1181,2023-06-12,Debit Card
1057,7886,3402,2023-05-30,UPI
1058,8994,4488,2023-02-24,Credit Card
1059,994,4096,2023-06-28,Debit Card
1060,1152,1181,2023-06-29,Credit Card
1061,6086,2059,2023-03-24,Credit Card
1062,7614,1018,2023-04-19,UPI
1063,8117,580,2023-06-19,Credit Card
1064,2931,906,2023-06-11,Net Banking
1065,1138,4618,2023-05-09,Net Banking
1066,2369,4634,2023-06-02,Debit Card
1067,49,1386,2023-05-26,UPI
1068,8117,3052,2023-03-08,Net Banking
1069,7035,1772,2023-05-16,Debit Card
1070,4728,4456,2023-03-18,Debit Card
1071,9136,3952,2023-06-28,Debit Card
1072,8035,4091,2023-06-15,Net Banking
1073,2150,2884,2023-06-03,Debit Card
1074,7320,4587,2023-06-23,Credit Card
1075,1862,4962,2023-05-19,Debit Card
1076,4240,2357,2023-06-27,Credit Card
1077,8175,1904,2023-04-26,Debit Card
1078,9418,1582,2023-06-04,Debit Card
1079,1890,3254,2023-06-06,Credit Card
1080,1465,3777,2023-05-16,UPI
1081,1234,1591,2023-02-27,Net Banking
1082,4670,2664,2023-06-26,Net Banking
1083,1228,3402,2023-06-03,Debit Card
1084,1146,4497,2023-06-17,UPI
1085,7688,2656,2023-06-17,UPI
1086,9169,3937,2023-04-09,Credit Card
1087,1380,3845,2023-06-07,Debit Card
1088,3699,3296,2023-04-30,Credit Card
1089,9148,1809,2023-06-24,Net Banking
1090,7709,968,2023-06-09,Debit Card
1091,4153,4725,2023-06-29,UPI
1092,625,3733,2023-06-14,Credit Card
1093,8438,681,2023-04-15,Credit Card
1094,6332,2749,2023-06-28,UPI
1095,6716,3466,2023-06-29,Debit Card
1096,3693,190,2023-06-13,Credit Card
1097,814,3284,2023-03-17,Debit Card
1098,3823,3163,2023-06-12,Debit Card
1099,6301,522,2023-06-20,UPI
1100,5890,4194,2023-05-15,Debit Card
1101,5930,4990,2023-05-07,Debit Card
1102,9154,3730,2023-05-06,Debit Card
1103,9809,3777,2023-06-01,Net Banking
1104,6101,1126,2023-06-20,Net Banking
1105,1277,2474,2023-04-19,UPI
1106,4499,2318,2023-03-30,Credit Card
1107,919,1241,2023-05-10,Net Banking
1108,6204,1053,2023-04-07,Debit Card
1109,5101,2318,2023-05-25,Credit Card
1110,1859,1864,2023-06-26,Net Banking
1111,9797,4022,2023-04-23,Net Banking
1112,1302,4606,2023-05-07,Debit Card
1113,2139,117,2023-04-23,Debit Card
1114,4135,3345,2023-01-05,Debit Card
1115,4925,2175,2023-01-12,Credit Card
1116,6157,1783,2023-06-21,Net Banking
1117,2423,3569,2023-03-10,Debit Card
1118,1828,1307,2023-06-29,Credit Card
1119,5186,2050,2023-05-02,Debit Card
1120,4902,4364,2023-06-28,Debit Card
1121,5017,4208,2023-06-18,Net Banking
1122,9373,3232,2023-01-20,Credit Card
1123,6269,1562,2023-05-11,Debit Card
1124,2218,559,2023-02-22,Debit Card
1125,5888,166,2023-06-25,Credit Card
1126,9658,383,2023-06-06,UPI
1127,987,404,2023-06-11,UPI
1128,1580,4727,2023-06-26,Credit Card
1129,2522,3093,2023-06-21,Debit Card
1130,6039,1310,2023-05-30,Debit Card
1131,5544,1562,2023-04-25,Net Banking
1132,8230,4092,2023-06-08,Debit Card
1133,7556,2131,2023-03-06,Net Banking
1134,6404,4250,2023-04-14,Net Banking
1135,7288,2133,2023-06-25,Net Banking
1136,9158,1229,2023-06-28,UPI
1137,2262,3870,2023-05-22,UPI
1138,4343,448,2023-03-15,Net Banking
1139,518,2179,2023-06-03,UPI
1140,4578,2955,2023-06-19,Net Banking
1141,3855,4302,2023-05-03,Debit Card
1142,7235,4355,2023-06-23,UPI
1143,989,4998,2023-05-16,Debit Card
1144,5176,4201,2023-06-02,Net Banking
1145,386,4944,2023-04-03,UPI
1146,3987,3449,2023-06-18,Credit Card
1147,8485,3874,2023-05-28,Credit Card
1148,4644,1795,2023-06-29,UPI
1149,2675,2730,2023-06-24,Debit Card
1150,929,1007,2023-03-09,Debit Card
1151,9588,4947,2023-06-21,Debit Card
1152,5575,1522,2023-06-19,Net Banking
1153,459,2289,2023-06-09,Net Banking
1154,3763,454,2023-06-28,Credit Card
1155,9818,2545,2023-06-21,UPI
1156,2998,4062,2023-06-07,UPI
1157,234,1907,2023-05-18,Credit Card
1158,2814,2587,2023-06-16,UPI
1159,1450,1119,2023-02-19,Net Banking
1160,4042,3568,2023-04-12,Debit Card
1161,4268,1217,2023-06-28,Net Banking
1162,4605,1980,2023-06-24,Net Banking
1163,1598,4077,2023-06-18,UPI
1164,5636,440,2023-06-29,UPI
1165,9325,3583,2023-06-21,Net Banking
1166,8211,2027,2023-05-01,UPI
1167,7970,2836,2023-06-29,Debit Card
1168,6556,1238,2023-04-20,Credit Card
1169,3940,668,2023-06-10,Debit Card
1170,6477,4577,2023-03-26,Net Banking
1171,180,4925,2023-05-12,Credit Card
1172,9307,2446,2023-06-16,Credit Card
1173,7163,4365,2023-02-11,Net Banking
1174,2917,1576,2023-04-10,Debit Card
1175,6038,3813,2023-05-21,Credit Card
1176,2179,4592,2023-06-29,Net Banking
1177,5739,981,2023-04-14,Net Banking
1178,21,2793,2023-06-21,Net Banking
1179,8659,1472,2023-05-25,Credit Card
1180,8959,1140,2023-02-23,Net Banking
1181,551,468,2023-06-18,Debit Card
1182,6392,126,2023-06-16,Debit Card
1183,5128,4025,2023-04-26,Net Banking
1184,5231,2557,2023-04-17,Net Banking
1185,8317,2064,2023-06-25,Net Banking
1186,6761,2581,2023-06-25,Credit Card
1187,2885,1197,2023-02-27,Debit Card
1188,9474,2851,2023-02-05,Debit Card
1189,3411,297,2023-06-16,Debit Card
1190,1598,3753,2023-03-21,UPI
1191,1983,3364,2023-05-29,Debit Card
1192,8065,1668,2023-06-08,UPI
1193,3763,1293,2023-06-10,Debit Card
1194,4092,807,2023-05-23,Net Banking
1195,7584,3458,2023-05-29,Debit Card
1196,9689,4421,2023-06-13,Credit Card
1197,2906,3382,2023-06-29,UPI
1198,7746,3772,2023-06-21,Credit Card
1199,8808,4855,2023-06-07,UPI
1200,2562,3148,2023-06-03,UPI
1201,8412,1556,2023-06-16,Debit Card
1202,1271,2997,2023-06-02,Net Banking
1203,4199,2101,2023-04-04,Debit Card
1204,5508,186,2023-06-04,Net Banking
1205,4684,4407,2023-06-21,Debit Card
1206,2669,1403,2023-06-28,UPI
1207,388,947,2023-06-17,Credit Card
1208,8459,2804,2023-05-27,Debit Card
1209,2569,2933,2023-04-19,UPI
1210,1341,4055,2023-06-23,UPI
1211,3336,1432,2023-06-23,Credit Card
1212,3690,611,2023-05-19,Debit Card
1213,1878,4928,2023-06-26,Credit Card
1214,9431,2519,2023-03-26,Net Banking
1215,7604,3177,2023-06-16,Net Banking
1216,7094,2380,2023-05-10,Credit Card
1217,5350,3512,2023-04-25,UPI
1218,3745,1656,2023-06-29,Debit Card
1219,1271,2498,2023-06-23,Credit Card
1220,9938,126,2023-06-10,Debit Card
1221,4132,3289,2023-06-18,Debit Card
1222,8945,2791,2023-05-22,UPI
1223,7523,4528,2023-06-17,Credit Card
1224,4938,3924,2023-05-27,Credit Card
1225,6254,1243,2023-05-10,UPI
1226,5217,4131,2023-05-14,Net Banking
1227,7364,852,2023-06-15,Credit Card
1228,7086,2731,2023-06-12,Debit Card
1229,5105,1460,2023-04-08,Debit Card
1230,1646,4058,2023-06-06,UPI
1231,9563,4168,2023-06-06,Credit Card
1232,6323,3009,2023-05-20,Credit Card
1233,1293,2582,2023-04-20,UPI
1234,6082,1558,2023-05-11,UPI
1235,7450,3478,2023-06-12,Credit Card
1236,1030,3448,2023-06-11,Debit Card
1237,6221,4428,2023-06-04,Net Banking
1238,3915,3826,2023-04-06,Net Banking
1239,1249,3485,2023-06-15,Debit Card
1240,1114,2951,2023-06-29,Credit Card
1241,1536,3668,2023-03-10,Credit Card
1242,532,4523,2023-05-14,UPI
1243,6635,3321,2023-03-24,Net Banking
1244,1518,866,2023-04-23,Credit Card
1245,3313,562,2023-06-13,Credit Card
1246,390,262,2023-04-09,Credit Card
1247,7396,3062,2023-04-04,Debit Card
1248,921,4940,2023-03-09,Credit Card
1249,7290,3672,2023-03-03,Net Banking
1250,3302,1150,2023-06-29,Net Banking
1251,9641,1338,2023-04-15,Credit Card
1252,6300,1359,2023-04-10,Debit Card
1253,3214,3152,2023-06-29,Debit Card
1254,3286,1428,2023-05-09,Net Banking
1255,8173,304,2023-04-15,Credit Card
1256,2930,3105,2023-05-22,Credit Card
1257,7710,4927,2023-05-21,Debit Card
1258,2728,3634,2023-06-16,Debit Card
1259,7123,2571,2023-06-23,Credit Card
1260,6180,4870,2023-06-29,Debit Card
1261,5348,2980,2023-05-01,Credit Card
1262,1787,326,2023-05-16,Debit Card
1263,8771,4272,2023-04-13,UPI
1264,6103,1653,2023-06-22,UPI
1265,2675,2420,2023-06-21,Credit Card
1266,709,1458,2023-04-20,Credit Card
1267,9665,2073,2023-06-14,Credit Card
1268,5140,593,2023-06-22,Debit Card
1269,27,4340,2023-02-06,Net Banking
1270,6320,284,2023-06-15,Net Banking
1271,5784,2871,2023-06-07,Debit Card
1272,7556,4590,2023-02-27,Credit Card
1273,9231,3536,2023-04-30,Net Banking
1274,8001,3845,2023-03-25,Credit Card
1275,2342,2652,2023-06-05,Credit Card
1276,1418,3585,2023-04-05,UPI
1277,2265,3642,2023-01-17,Debit Card
1278,4492,3556,2023-06-05,Net Banking
1279,1308,3643,2023-06-27,Credit Card
1280,7674,4496,2023-06-21,Debit Card
1281,6482,4655,2023-03-23,UPI
1282,1121,370,2023-05-27,Net Banking
1283,4038,1275,2023-05-08,UPI
1284,4066,1691,2023-05-04,UPI
1285,2939,1679,2023-04-26,Net Banking
1286,6887,2647,2023-06-16,Debit Card
1287,1201,4205,2023-03-06,Debit Card
1288,4186,2494,2023-06-18,Credit Card
1289,321,2007,2023-06-07,Credit Card
1290,9013,4986,2023-06-16,Credit Card
1291,3884,1359,2023-06-22,Debit Card
1292,7588,3366,2023-05-27,UPI
1293,9895,548,2023-06-02,Credit Card
1294,4423,1913,2023-06-04,Credit Card
1295,5667,2814,2023-06-29,Credit Card
1296,7020,793,2023-04-29,Credit Card
1297,5798,206,2023-06-12,Debit Card
1298,6787,1510,2023-04-30,Debit Card
1299,5830,1952,2023-05-14,Net Banking
1300,152,3242,2023-06-21,UPI
1301,4130,3513,2023-05-16,Credit Card
1302,5818,2450,2023-06-11,UPI
1303,1898,3062,2023-06-25,Credit Card
1304,4859,3966,2023-06-26,Debit Card
1305,4591,3448,2023-06-15,Net Banking
1306,1116,575,2023-06-11,Credit Card
1307,5372,1716,2023-05-17,UPI
1308,1003,4819,2023-04-12,Debit Card
1309,9458,2087,2023-04-24,UPI
1310,3953,2347,2023-06-11,Debit Card
1311,2219,4863,2023-04-27,Credit Card
1312,7016,1538,2023-06-08,Debit Card
1313,1733,4155,2023-06-06,Net Banking
1314,9988,2612,2023-03-13,UPI
1315,8400,4635,2023-06-26,Net Banking
1316,9557,3658,2023-06-18,UPI
1317,8307,508,2023-05-28,UPI
1318,8993,1950,2023-06-14,Net Banking
1319,9796,2382,2023-04-02,Debit Card
1320,2556,4451,2023-06-12,UPI
1321,1194,2154,2023-06-01,Debit Card
1322,6393,1992,2023-06-14,Credit Card
1323,6322,2910,2023-06-20,UPI
1324,9287,2013,2023-05-30,Credit Card
1325,880,612,2023-05-11,UPI
1326,538,2218,2023-05-06,Credit Card
1327,8189,2889,2023-04-09,Debit Card
1328,8823,1503,2023-03-30,UPI
1329,4520,1826,2023-06-16,UPI
1330,4957,1064,2023-03-30,Debit Card
1331,1565,456,2023-06-24,Debit Card
1332,3713,3063,2023-03-22,Debit Card
1333,4535,4069,2023-05-04,Credit Card
1334,7117,2358,2023-04-05,UPI
1335,47,1876,2023-04-22,Net Banking
1336,6753,2057,2023-06-22,Net Banking
1337,9464,413,2023-05-29,UPI
1338,5532,4674,2023-04-22,Debit Card
1339,265,2895,2023-05-26,Credit Card
1340,5979,4743,2023-06-21,Net Banking
1341,5389,2327,2023-03-30,Debit Card
1342,3996,2506,2023-06-04,UPI
1343,680,2786,2023-05-05,Debit Card
1344,365,4592,2023-06-12,Net Banking
1345,9637,1749,2023-05-23,UPI
1346,8254,3288,2023-05-11,Net Banking
1347,2826,2605,2023-05-27,Debit Card
1348,9858,3724,2023-06-25,Credit Card
1349,9079,4329,2023-05-23,Debit Card
1350,3144,3312,2023-03-27,Debit Card
1351,7111,4310,2023-04-30,UPI
1352,9081,3734,2023-06-07,UPI
1353,7283,706,2023-06-21,Credit Card
1354,8289,2699,2023-06-20,Net Banking
1355,2016,536,2023-04-26,Net Banking
1356,80,234,2023-06-01,Debit Card
1357,3898,1004,2023-04-17,Debit Card
1358,664,266,2023-06-09,UPI
1359,1266,631,2023-06-26,Credit Card
1360,903,652,2023-06-29,UPI
1361,8407,117,2023-06-25,UPI
1362,644,4673,2023-06-24,UPI
1363,452,2575,2023-06-03,Net Banking
1364,8044,2594,2023-03-14,UPI
1365,2094,2383,2023-05-17,Net Banking
1366,2678,1479,2023-06-01,Credit Card
1367,5449,701,2023-06-21,Net Banking
1368,8190,1789,2023-06-19,Credit Card
1369,1431,665,2023-05-03,Debit Card
1370,281,1235,2023-06-25,UPI
1371,3668,324,2023-02-24,Net Banking
1372,2755,3981,2023-05-20,Credit Card
1373,1097,2715,2023-04-11,Credit Card
1374,8046,4510,2023-05-29,UPI
1375,3981,641,2023-05-23,Credit Card
1376,7720,1656,2023-04-26,Credit Card
1377,3978,1856,2023-05-11,UPI
1378,9153,4652,2023-06-16,UPI
1379,7849,3627,2023-05-02,Debit Card
1380,850,1157,2023-03-08,UPI
1381,6231,450,2023-06-06,Debit Card
1382,5559,2043,2023-06-26,Debit Card
1383,5041,1979,2023-03-31,UPI
1384,2876,3516,2023-04-12,Net Banking
1385,2640,1321,2023-06-29,Credit Card
1386,2224,1749,2023-06-25,UPI
1387,913,2559,2023-06-08,UPI
1388,5522,4854,2023-06-16,Debit Card
1389,8009,998,2023-06-17,Credit Card
1390,7833,1880,2023-05-11,Credit Card
1391,9419,1524,2023-06-16,Net Banking
1392,7833,1917,2023-06-28,Credit Card
1393,836,1886,2023-04-05,Credit Card
1394,1628,2293,2023-06-17,Net Banking
1395,5780,3143,2023-04-26,Net Banking
1396,9771,3962,2023-06-29,Net Banking
1397,3103,1999,2023-06-10,Credit Card
1398,9331,4303,2023-06-29,UPI
1399,3694,4675,2023-04-01,Credit Card
1400,6384,3942,2023-06-02,Net Banking
1401,6690,4817,2023-06-17,Net Banking
1402,4533,1793,2023-06-08,Debit Card
1403,4769,3109,2023-04-01,Debit Card
1404,2022,2972,2023-06-04,UPI
1405,9967,2140,2023-05-20,Credit Card
1406,1847,3955,2023-03-19,Net Banking
1407,1675,2926,2023-05-13,Debit Card
1408,3823,3783,2023-06-07,Net Banking
1409,4735,209,2023-04-28,Debit Card
1410,8633,215,2023-06-21,UPI
1411,4308,4452,2023-05-03,Net Banking
1412,1527,4233,2023-05-05,Credit Card
1413,6287,3493,2023-05-25,UPI
1414,8517,4966,2023-06-16,Debit Card
1415,3364,2225,2023-06-13,Net Banking
1416,4723,567,2023-06-20,Net Banking
1417,3149,4982,2023-04-15,UPI
1418,4863,4799,2023-06-19,Net Banking
1419,6593,361,2023-06-25,Debit Card
1420,6320,1302,2023-06-09,Debit Card
1421,9242,3022,2023-06-23,Debit Card
1422,1997,1059,2023-06-28,Credit Card
1423,5741,2613,2023-06-18,Debit Card
1424,2839,1457,2023-06-29,Net Banking
1425,8120,3779,2023-02-20,Net Banking
1426,8826,3248,2023-06-22,UPI
1427,2006,883,2023-06-29,Net Banking
1428,6384,667,2023-06-13,Credit Card
1429,2240,3136,2023-05-21,Credit Card
1430,580,1477,2023-06-09,Credit Card
1431,4947,3652,2023-06-06,Credit Card
1432,8646,1325,2023-06-22,Credit Card
1433,8651,939,2023-04-15,UPI
1434,7396,4338,2023-04-01,Net Banking
1435,1580,993,2023-06-25,Debit Card
1436,2006,320,2023-06-29,Net Banking
1437,9858,1819,2023-06-27,Credit Card
1438,347,4266,2023-06-27,Credit Card
1439,3179,3057,2023-06-29,Net Banking
1440,2657,1168,2023-04-16,Net Banking
1441,4092,2950,2023-05-23,UPI
1442,8619,1704,2023-06-28,Debit Card
1443,7134,3941,2023-06-07,UPI
1444,863,3623,2023-02-21,Debit Card
1445,202,403,2023-02-22,Credit Card
1446,8521,1788,2023-06-28,Debit Card
1447,7042,1598,2023-05-20,UPI
1448,4205,2702,2023-03-27,UPI
1449,9012,2434,2023-04-11,Credit Card
1450,9627,839,2023-02-20,Credit Card
1451,2552,4461,2023-01-30,Net Banking
1452,6500,3642,2023-06-29,UPI
1453,2276,686,2023-05-08,Credit Card
1454,1645,1135,2023-04-26,Credit Card
1455,4905,3193,2023-04-16,UPI
1456,2031,3945,2023-05-04,Net Banking
1457,4183,137,2023-03-18,Credit Card
1458,497,2563,2023-06-22,Credit Card
1459,7650,2327,2023-06-17,Debit Card
1460,7856,4169,2023-05-09,Debit Card
1461,192,1594,2023-04-12,UPI
1462,7638,718,2023-03-27,UPI
1463,5677,2834,2023-04-10,UPI
1464,456,528,2023-04-16,Net Banking
1465,7528,1915,2023-04-12,Debit Card
1466,8748,3459,2023-06-05,Debit Card
1467,4757,246,2023-06-25,Debit Card
1468,3385,2623,2023-05-06,Net Banking
1469,1011,1866,2023-05-16,UPI
1470,3113,2115,2023-06-17,Debit Card
1471,3009,3102,2023-06-23,Net Banking
1472,6905,4626,2023-05-26,UPI
1473,3822,4207,2023-06-23,Debit Card
1474,3804,4728,2023-04-27,Net Banking
1475,7581,4455,2023-06-21,Credit Card
1476,1831,522,2023-04-23,UPI
1477,7707,514,2023-05-26,Credit Card
1478,365,1934,2023-06-01,UPI
1479,5036,2899,2023-05-18,Net Banking
1480,8749,3388,2023-06-24,Net Banking
1481,8704,2575,2023-03-17,Credit Card
1482,4932,3573,2023-05-29,Credit Card
1483,1599,1048,2023-06-27,Net Banking
1484,9896,3200,2023-03-05,Net Banking
1485,5331,2662,2023-02-10,UPI
1486,7274,3891,2023-03-20,Debit Card
1487,9966,762,2023-05-31,Net Banking
1488,7405,122,2023-06-26,UPI
1489,229,4020,2023-06-16,UPI
1490,3385,2250,2023-04-26,Net Banking
1491,9611,2652,2023-06-06,Credit Card
1492,2321,1877,2023-05-11,Net Banking
1493,751,708,2023-06-26,Credit Card
1494,2217,2090,2023-06-24,Net Banking
1495,4871,4992,2023-01-25,Debit Card
1496,2182,1544,2023-04-28,Debit Card
1497,2958,911,2023-06-02,Credit Card
1498,1736,2456,2023-04-17,Net Banking
1499,1359,3619,2023-06-28,Net Banking
1500,8708,4147,2023-06-24,Debit Card
1501,1317,3619,2023-05-20,Debit Card
1502,1285,3162,2023-05-06,Debit Card
1503,9425,3931,2023-06-09,Debit Card
1504,3815,2271,2023-03-20,Credit Card
1505,1862,4960,2023-02-08,Debit Card
1506,3529,122,2023-03-17,UPI
1507,9116,541,2023-06-13,Net Banking
1508,2737,2694,2023-05-18,Net Banking
1509,4910,520,2023-05-16,Debit Card
1510,23,3136,2023-05-13,UPI
1511,278,2187,2023-06-25,Debit Card
1512,21,2568,2023-06-11,Credit Card
1513,6518,3135,2023-06-29,Net Banking
1514,8834,1875,2023-03-30,Net Banking
1515,3413,2850,2023-06-11,Credit Card
1516,3132,3836,2023-05-31,UPI
1517,7973,2683,2023-05-02,Debit Card
1518,5828,4764,2023-05-16,Debit Card
1519,1898,2916,2023-04-10,Net Banking
1520,8407,4985,2023-06-24,Debit Card
1521,4810,2337,2023-06-19,Debit Card
1522,1000,166,2023-06-15,Credit Card
1523,2342,4802,2023-06-24,Net Banking
1524,7906,3275,2023-06-24,Debit Card
1525,1293,1768,2023-02-11,UPI
1526,567,1240,2023-05-04,Debit Card
1527,7448,1749,2023-06-20,Net Banking
1528,3208,1255,2023-03-12,Debit Card
1529,1021,3606,2023-06-03,UPI
1530,2754,1475,2023-06-16,Credit Card
1531,6197,3898,2023-06-22,UPI
1532,7785,4430,2023-05-11,Credit Card
1533,4872,340,2023-05-11,Net Banking
1534,6566,1735,2023-06-21,Debit Card
1535,7652,2775,2023-02-04,Debit Card
1536,8841,4802,2023-05-23,Credit Card
1537,7224,2573,2023-06-12,Debit Card
1538,347,3307,2023-06-28,Net Banking
1539,8982,2400,2023-04-05,Credit Card
1540,9717,2981,2023-05-08,UPI
1541,789,3344,2023-02-05,Credit Card
1542,9153,980,2023-03-28,Credit Card
1543,6558,886,2023-04-08,Net Banking
1544,4760,2876,2023-06-27,Credit Card
1545,6122,4920,2023-06-21,Debit Card
1546,4629,4885,2023-06-27,UPI
1547,8671,3926,2023-06-28,UPI
1548,1021,1694,2023-06-18,Net Banking
1549,9390,173,2023-06-13,Net Banking
1550,3305,3228,2023-05-06,Net Banking
1551,1805,3412,2023-06-24,Credit Card
1552,8292,2683,2023-06-08,Credit Card
1553,5287,3393,2023-06-17,Debit Card
1554,983,1900,2023-05-02,Net Banking
1555,5364,3580,2023-04-04,Net Banking
1556,8388,2407,2023-06-01,Net Banking
1557,7802,2169,2023-06-25,Credit Card
1558,6160,2038,2023-06-22,UPI
1559,7793,3409,2023-02-08,Debit Card
1560,5785,4399,2023-05-01,UPI
1561,8855,991,2023-06-17,UPI
1562,3613,4859,2023-06-29,Debit Card
1563,4993,3986,2023-06-27,Net Banking
1564,4417,1813,2023-05-23,Debit Card
1565,7694,3476,2023-06-29,Credit Card
1566,8068,2379,2023-06-27,Net Banking
1567,173,2017,2023-06-14,Debit Card
1568,7707,3310,2023-04-27,Net Banking
1569,1521,4721,2023-06-19,Debit Card
1570,5722,4508,2023-06-27,Net Banking
1571,4416,949,2023-06-07,UPI
1572,5555,3417,2023-05-03,Credit Card
1573,2175,2354,2023-06-27,UPI
1574,7019,998,2023-04-09,Credit Card
1575,5963,1760,2023-03-13,Net Banking
1576,4960,3603,2023-04-01,UPI
1577,2961,833,2023-06-12,Debit Card
1578,3497,1961,2023-01-21,Debit Card
1579,3182,3354,2023-03-25,UPI
1580,8828,3476,2023-04-18,Net Banking
1581,6231,179,2023-06-29,Net Banking
1582,6293,1911,2023-05-13,UPI
1583,3273,362,2023-04-02,Net Banking
1584,1511,864,2023-05-17,UPI
1585,661,3117,2023-02-15,Credit Card
1586,2885,479,2023-04-15,Debit Card
1587,5494,4721,2023-06-23,Net Banking
1588,6811,1713,2023-02-26,UPI
1589,5557,3632,2023-05-23,Credit Card
1590,9576,2558,2023-04-29,Net Banking
1591,4868,256,2023-05-08,Credit Card
1592,6557,3740,2023-05-22,UPI
1593,1551,4162,2023-05-24,Credit Card
1594,1310,2099,2023-05-10,Credit Card
1595,9304,3980,2023-05-12,Net Banking
1596,6537,2513,2023-06-12,Net Banking
1597,3701,2968,2023-04-26,UPI
1598,6416,360,2023-05-14,Debit Card
1599,7563,3175,2023-05-19,Net Banking
1600,537,978,2023-04-25,Credit Card
1601,3636,4909,2023-06-28,Net Banking
1602,1147,3352,2023-05-24,Debit Card
1603,3730,1715,2023-05-29,Debit Card
1604,8337,3601,2023-05-29,Debit Card
1605,5875,1395,2023-06-26,UPI
1606,9123,2745,2023-05-27,Credit Card
1607,9813,1605,2023-02-24,Credit Card
1608,5110,3385,2023-05-13,Net Banking
1609,9699,4260,2023-06-11,Debit Card
1610,9539,4257,2023-06-25,Net Banking
1611,6914,4971,2023-06-28,Net Banking
1612,7567,4075,2023-03-21,Debit Card
1613,9832,2938,2023-06-10,Net Banking
1614,7352,2510,2023-04-23,Debit Card
1615,9340,1062,2023-05-29,Credit Card
1616,9110,2924,2023-06-18,Debit Card
1617,7241,2286,2023-05-19,Debit Card
1618,9585,1805,2023-06-16,Debit Card
1619,1598,2256,2023-02-20,Credit Card
1620,2027,1038,2023-05-14,Net Banking
1621,9067,1818,2023-06-26,UPI
1622,4351,1630,2023-06-24,Net Banking
1623,7392,3576,2023-06-24,Credit Card
1624,8720,4697,2023-05-28,UPI
1625,6336,1002,2023-06-29,Credit Card
1626,9983,4276,2023-03-26,Credit Card
1627,4036,1347,2023-06-19,Debit Card
1628,4976,3026,2023-06-17,Debit Card
1629,5056,4902,2023-01-18,UPI
1630,2776,302,2023-05-08,Debit Card
1631,5354,1414,2023-03-11,Debit Card
1632,7559,1346,2023-05-09,Credit Card
1633,1915,2276,2023-04-04,UPI
1634,6308,3427,2023-03-30,Debit Card
1635,9566,3565,2023-06-08,Debit Card
1636,3823,2853,2023-06-17,Debit Card
1637,7700,587,2023-05-21,Debit Card
1638,6609,1552,2023-06-24,Debit Card
1639,9418,1256,2023-06-19,Net Banking
1640,3535,166,2023-06-15,Debit Card
1641,6011,1711,2023-06-07,UPI
1642,3227,689,2023-03-04,Credit Card
1643,631,2300,2023-06-29,Credit Card
1644,5053,1354,2023-04-06,Debit Card
1645,1286,2047,2023-06-24,Credit Card
1646,744,369,2023-05-06,Net Banking
1647,9267,935,2023-02-15,Credit Card
1648,2906,3667,2023-06-29,Debit Card
1649,3358,2563,2023-02-28,UPI
1650,7810,4221,2023-06-14,Debit Card
1651,9868,1590,2023-06-27,UPI
1652,2146,2172,2023-06-07,Net Banking
1653,545,3445,2023-06-25,Debit Card
1654,8133,4737,2023-06-29,UPI
1655,4321,3048,2023-05-01,Net Banking
1656,87,3205,2023-05-13,UPI
1657,183,4651,2023-03-26,Debit Card
1658,5133,3948,2023-04-20,Debit Card
1659,374,3359,2023-02-12,Credit Card
1660,2129,1252,2023-06-18,Credit Card
1661,2553,1881,2023-06-05,Net Banking
1662,3220,2649,2023-04-17,Net Banking
1663,5494,795,2023-06-29,Debit Card
1664,515,2680,2023-05-12,Debit Card
1665,7115,3170,2023-06-04,Debit Card
1666,2359,2115,2023-06-07,Net Banking
1667,253,1961,2023-06-20,Credit Card
1668,8884,1672,2023-05-25,UPI
1669,7710,100,2023-05-19,Credit Card
1670,3602,2219,2023-06-20,UPI
1671,1765,1884,2023-03-26,UPI
1672,3464,4026,2023-06-15,Credit Card
1673,6370,980,2023-03-21,UPI
1674,7767,1584,2023-05-24,Debit Card
1675,2562,2403,2023-06-07,Net Banking
1676,973,4165,2023-06-21,Credit Card
1677,5183,1914,2023-06-05,Net Banking
1678,3427,3225,2023-03-29,Net Banking
1679,5480,4666,2023-06-28,UPI
1680,347,3012,2023-06-25,Net Banking
1681,6837,4932,2023-06-23,Net Banking
1682,9208,2925,2023-06-25,Debit Card
1683,6760,1154,2023-06-15,UPI
1684,962,1517,2023-06-03,Net Banking
1685,9774,1567,2023-03-10,Net Banking
1686,9240,1928,2023-06-29,UPI
1687,3939,4001,2023-04-04,Credit Card
1688,3866,2150,2023-05-13,Credit Card
1689,15,749,2023-06-26,Net Banking
1690,8463,4141,2023-06-18,UPI
1691,5193,4732,2023-04-04,Debit Card
1692,929,2576,2023-05-17,Credit Card
1693,1055,3439,2023-06-24,Net Banking
1694,4284,2786,2023-06-26,Net Banking
1695,655,4670,2023-06-07,UPI
1696,7548,2061,2023-05-02,Net Banking
1697,2924,3638,2023-05-18,Net Banking
1698,7371,1170,2023-05-30,Debit Card
1699,9216,1072,2023-06-12,Debit Card
1700,6249,3860,2023-05-04,Net Banking
1701,9762,3847,2023-03-17,Net Banking
1702,8520,1775,2023-06-12,Net Banking
1703,3428,3769,2023-03-21,Credit Card
1704,8591,3469,2023-06-14,Credit Card
1705,7977,4880,2023-06-27,UPI
1706,1943,1330,2023-03-26,Net Banking
1707,8323,3190,2023-05-25,Debit Card
1708,9956,863,2023-06-12,UPI
1709,5864,1622,2023-05-30,Net Banking
1710,5349,2180,2023-06-29,Debit Card
1711,6811,1218,2023-03-04,UPI
1712,4293,507,2023-06-27,Net Banking
1713,8037,1717,2023-04-28,UPI
1714,7970,894,2023-06-29,Net Banking
1715,5748,185,2023-01-20,Credit Card
1716,9612,279,2023-05-22,Debit Card
1717,8334,2476,2023-06-20,Debit Card
1718,80,3690,2023-05-16,Debit Card
1719,8849,3480,2023-06-08,Debit Card
1720,7632,668,2023-05-05,UPI
1721,8154,3396,2023-04-25,Debit Card
1722,7341,4957,2023-06-25,UPI
1723,2832,316,2023-05-30,UPI
1724,3674,1439,2023-04-27,Debit Card
1725,4649,3674,2023-04-20,UPI
1726,1353,2422,2023-03-02,Net Banking
1727,6574,4809,2023-02-28,Debit Card
1728,3736,3194,2023-03-12,UPI
1729,8142,4246,2023-06-15,Debit Card
1730,3001,1727,2023-05-18,Net Banking
1731,3011,2342,2023-06-12,Debit Card
1732,5409,2826,2023-02-27,Net Banking
1733,1269,1452,2023-04-22,Net Banking
1734,1927,4318,2023-06-27,Net Banking
1735,188,1688,2023-06-29,Credit Card
1736,4706,1728,2023-05-02,UPI
1737,5633,2817,2023-06-28,Credit Card
1738,6546,3210,2023-06-06,Net Banking
1739,2602,4194,2023-02-20,Debit Card
1740,8634,1179,2023-06-09,UPI
1741,6000,1996,2023-05-06,Debit Card
1742,8808,3826,2023-05-16,Debit Card
1743,363,1752,2023-06-06,Credit Card
1744,5840,1905,2023-06-22,Debit Card
1745,9925,391,2023-04-19,Debit Card
1746,2156,3229,2023-06-29,Debit Card
1747,2675,1359,2023-06-29,UPI
1748,2149,1921,2023-06-04,UPI
1749,8246,4789,2023-05-15,Debit Card
1750,9468,1636,2023-03-29,Debit Card
1751,6024,516,2023-06-28,UPI
1752,5354,895,2023-04-25,UPI
1753,7794,374,2023-06-03,Credit Card
1754,47,2734,2023-04-06,Debit Card
1755,340,4897,2023-04-21,Debit Card
1756,675,2792,2023-05-05,Debit Card
1757,8799,854,2023-06-08,Debit Card
1758,9762,4196,2023-02-08,Credit Card
1759,1205,1134,2023-06-22,Net Banking
1760,9809,4086,2023-04-20,Net Banking
1761,6604,1569,2023-05-13,Net Banking
1762,6184,366,2023-06-06,UPI
1763,4268,2096,2023-06-28,Credit Card
1764,5314,3215,2023-06-23,Net Banking
1765,9208,3321,2023-05-04,Net Banking
1766,6896,4755,2023-04-20,UPI
1767,789,3898,2023-04-11,UPI
1768,2985,774,2023-06-23,Net Banking
1769,7131,3216,2023-06-28,Credit Card
1770,471,2398,2023-06-29,Net Banking
1771,9295,2563,2023-06-25,UPI
1772,3668,4804,2023-04-23,UPI
1773,9486,3686,2023-06-19,UPI
1774,3659,4004,2023-05-25,Credit Card
1775,122,3586,2023-06-13,Credit Card
1776,9012,4181,2023-06-15,Debit Card
1777,5094,2032,2023-03-18,Credit Card
1778,735,360,2023-06-13,UPI
1779,4099,3024,2023-06-16,UPI
1780,2928,3404,2023-05-25,Credit Card
1781,8519,3184,2023-05-22,Credit Card
1782,2015,1589,2023-05-09,UPI
1783,4757,363,2023-05-17,Credit Card
1784,1920,4966,2023-06-24,UPI
1785,9598,1496,2023-06-04,Credit Card
1786,3169,634,2023-06-22,UPI
1787,2930,4546,2023-06-23,Debit Card
1788,7791,3410,2023-06-14,Debit Card
1789,4640,4845,2023-05-12,UPI
1790,4449,3196,2023-05-01,Credit Card
1791,5992,3896,2023-05-19,UPI
1792,2354,1357,2023-02-18,Credit Card
1793,7746,815,2023-06-23,Debit Card
1794,2463,2304,2023-04-19,Debit Card
1795,7588,3127,2023-04-18,Credit Card
1796,6187,724,2023-06-21,UPI
1797,7928,194,2023-02-02,Credit Card
1798,4649,361,2023-06-19,Credit Card
1799,489,1654,2023-05-12,Net Banking
1800,6113,1928,2023-06-21,Credit Card
1801,2320,1485,2023-05-01,Net Banking
1802,5306,2465,2023-05-08,Debit Card
1803,871,3049,2023-05-06,Net Banking
1804,179,1984,2023-06-20,Debit Card
1805,7404,4400,2023-04-24,Net Banking
1806,5112,1731,2023-06-18,Credit Card
1807,8555,1368,2023-06-26,Net Banking
1808,3285,1013,2023-05-12,Credit Card
1809,9594,770,2023-06-26,Credit Card
1810,80,1128,2023-05-17,Credit Card
1811,5862,3993,2023-04-01,Credit Card
1812,1310,2065,2023-05-28,Credit Card
1813,8785,4218,2023-06-23,UPI
1814,9202,1171,2023-06-04,Debit Card
1815,9642,2553,2023-05-23,Credit Card
1816,8154,701,2023-05-05,Net Banking
1817,2074,4688,2023-01-28,UPI
1818,9187,2127,2023-05-03,Debit Card
1819,3401,2120,2023-05-31,UPI
1820,7861,3775,2023-06-18,Credit Card
1821,4855,4099,2023-04-28,UPI
1822,4675,4903,2023-06-19,Net Banking
1823,3108,4567,2023-06-19,Credit Card
1824,1843,125,2023-03-07,Net Banking
1825,3136,3920,2023-06-27,Debit Card
1826,9336,3717,2023-03-09,Debit Card
1827,4183,2454,2023-05-16,Net Banking
1828,3693,154,2023-06-11,Net Banking
1829,7407,859,2023-06-25,Credit Card
1830,7013,4701,2023-04-16,UPI
1831,7462,1760,2023-06-15,Credit Card
1832,3063,2122,2023-05-27,Credit Card
1833,5782,1334,2023-05-06,Net Banking
1834,6041,2285,2023-05-05,Credit Card
1835,4077,1525,2023-06-26,Net Banking
1836,4446,626,2023-02-12,Credit Card
1837,4533,1731,2023-06-24,UPI
1838,8654,434,2023-06-04,UPI
1839,1171,124,2023-06-29,Credit Card
1840,8648,4072,2023-06-03,UPI
1841,7569,3224,2023-03-11,Debit Card
1842,5125,4517,2023-06-21,Net Banking
1843,9053,3426,2023-03-17,UPI
1844,429,647,2023-05-09,Net Banking
1845,9606,2525,2023-06-07,Debit Card
1846,6048,541,2023-06-23,Credit Card
1847,268,2984,2023-06-20,Net Banking
1848,4162,1032,2023-06-22,UPI
1849,4940,4172,2023-05-25,UPI
1850,8973,864,2023-06-08,UPI
1851,5354,4287,2023-04-29,UPI
1852,7354,326,2023-06-20,UPI
1853,5487,1899,2023-04-22,UPI
1854,5892,1654,2023-06-16,UPI
1855,5409,2030,2023-03-12,Net Banking
1856,8564,2658,2023-05-31,Net Banking
1857,6127,2962,2023-06-18,Credit Card
1858,8801,2500,2023-02-12,Debit Card
1859,9529,689,2023-06-26,Credit Card
1860,1113,4502,2023-05-26,Credit Card
1861,6502,879,2023-03-06,UPI
1862,7694,448,2023-06-18,Credit Card
1863,7336,309,2023-02-19,Debit Card
1864,2133,4247,2023-04-18,Debit Card
1865,3253,3480,2023-05-13,UPI
1866,1201,805,2023-04-26,UPI
1867,9213,2922,2023-05-10,Net Banking
1868,9853,3276,2023-05-11,Debit Card
1869,1923,1475,2023-05-25,Credit Card
1870,6521,1996,2023-04-17,UPI
1871,5273,714,2023-06-10,Credit Card
1872,9510,4405,2023-01-29,Credit Card
1873,577,1480,2023-06-27,Debit Card
1874,9425,1281,2023-05-25,Debit Card
1875,6432,1782,2023-06-04,Net Banking
1876,2195,1244,2023-05-07,Credit Card
1877,8348,521,2023-06-29,UPI
1878,2391,2674,2023-06-25,Credit Card
1879,8289,1852,2023-06-09,UPI
1880,1197,1149,2023-06-12,Net Banking
1881,4829,3316,2023-06-20,Credit Card
1882,4235,1547,2023-05-28,Credit Card
1883,1047,356,2023-05-25,Credit Card
1884,4011,3813,2023-03-09,Net Banking
1885,2486,3333,2023-06-25,Debit Card
1886,5704,1944,2023-06-15,UPI
1887,2528,208,2023-05-08,Credit Card
1888,2687,3341,2023-06-12,Debit Card
1889,5420,1007,2023-04-06,Net Banking
1890,5322,669,2023-06-27,Debit Card
1891,3201,315,2023-06-29,Credit Card
1892,6570,4028,2023-05-21,Debit Card
1893,5210,1776,2023-06-21,Net Banking
1894,7718,4517,2023-04-08,Net Banking
1895,9388,1518,2023-06-20,Debit Card
1896,7827,3098,2023-06-29,Net Banking
1897,1842,2753,2023-06-19,Debit Card
1898,3042,4202,2023-05-29,Net Banking
1899,1154,919,2023-05-12,Credit Card
1900,6888,2272,2023-06-15,UPI
1901,9180,2124,2023-04-07,Debit Card
1902,8914,1595,2023-02-04,UPI
1903,1054,734,2023-05-24,Net Banking
1904,5248,3007,2023-06-24,UPI
1905,6155,637,2023-06-18,Debit Card
1906,2325,781,2023-05-30,Debit Card
1907,9303,4927,2023-06-12,Debit Card
1908,2455,4632,2023-06-27,UPI
1909,7982,1338,2023-05-10,Net Banking
1910,2383,3503,2023-06-28,Credit Card
1911,9777,2488,2023-06-25,UPI
1912,2057,1042,2023-06-10,UPI
1913,3452,1877,2023-06-14,UPI
1914,1236,2230,2023-05-26,Net Banking
1915,4591,4347,2023-06-13,Net Banking
1916,554,356,2023-06-15,Net Banking
1917,8666,4412,2023-05-23,UPI
1918,1215,4001,2023-05-31,Credit Card
1919,4954,3676,2023-03-30,Credit Card
1920,4464,2325,2023-06-05,Net Banking
1921,8719,1644,2023-06-25,UPI
1922,9736,4134,2023-05-05,UPI
1923,8827,195,2023-05-24,UPI
1924,3882,307,2023-04-09,Debit Card
1925,388,1556,2023-06-28,Credit Card
1926,1739,602,2023-05-11,Debit Card
1927,7712,3722,2023-04-11,Debit Card
1928,6153,1870,2023-05-05,Credit Card
1929,1483,3034,2023-06-16,Credit Card
1930,2234,1789,2023-03-12,Debit Card
1931,31,4993,2023-06-23,Credit Card
1932,9585,3267,2023-06-29,Debit Card
1933,4371,1883,2023-06-08,UPI
1934,8675,4838,2023-06-29,Net Banking
1935,3994,4237,2023-05-05,Net Banking
1936,4031,1593,2023-05-01,Debit Card
1937,8243,149,2023-06-05,Credit Card
1938,9249,2301,2023-06-01,Credit Card
1939,4596,2488,2023-06-26,UPI
1940,1153,336,2023-03-16,Net Banking
1941,1359,1141,2023-06-19,Net Banking
1942,4688,4451,2023-06-06,Debit Card
1943,2726,1738,2023-06-04,UPI
1944,2998,139,2023-06-18,Net Banking
1945,2471,4461,2023-05-19,Net Banking
1946,5269,1950,2023-06-26,UPI
1947,5646,4187,2023-06-11,Debit Card
1948,6614,3054,2023-02-22,Debit Card
1949,8059,753,2023-06-29,UPI
1950,8646,2387,2023-06-20,UPI
1951,5513,2958,2023-06-24,Debit Card
1952,217,4269,2023-06-04,UPI
1953,7641,3958,2023-02-04,UPI
1954,7863,1434,2023-05-23,Credit Card
1955,1378,3936,2023-02-21,Credit Card
1956,7768,2754,2023-06-27,Net Banking
1957,9682,3315,2023-06-26,UPI
1958,7300,2407,2023-06-06,UPI
1959,8239,489,2023-03-11,Net Banking
1960,6897,1020,2023-04-07,Credit Card
1961,3106,4810,2023-05-08,UPI
1962,3346,4702,2023-05-01,Credit Card
1963,7802,1348,2023-06-27,Net Banking
1964,5292,1598,2023-06-18,Credit Card
1965,9234,2289,2023-04-05,UPI
1966,4922,2851,2023-05-25,UPI
1967,542,2555,2023-04-21,Debit Card
1968,3613,4696,2023-02-27,Net Banking
1969,9195,3961,2023-06-18,Net Banking
1970,4266,3779,2023-04-05,Credit Card
1971,2058,686,2023-06-19,Credit Card
1972,1289,296,2023-06-27,Credit Card
1973,5441,4236,2023-05-27,Debit Card
1974,866,3788,2023-04-27,Credit Card
1975,1977,422,2023-03-03,UPI
1976,9234,1040,2023-05-05,UPI
1977,5747,1281,2023-05-10,UPI
1978,8290,4435,2023-04-11,Debit Card
1979,161,653,2023-06-26,Credit Card
1980,7452,746,2023-06-16,Debit Card
1981,2074,1536,2023-05-21,Debit Card
1982,9453,4585,2023-06-07,Credit Card
1983,5052,1339,2023-06-01,Credit Card
1984,8264,2434,2023-05-31,Credit Card
1985,7225,2297,2023-03-29,Credit Card
1986,4149,2563,2023-05-10,Net Banking
1987,3855,2413,2023-05-21,Credit Card
1988,727,1060,2023-06-17,UPI
1989,6179,4047,2023-05-11,Credit Card
1990,8136,4667,2023-05-23,UPI
1991,6015,4438,2023-03-30,Credit Card
1992,1347,3486,2023-05-22,Net Banking
1993,9373,395,2023-03-08,Net Banking
1994,3428,575,2023-06-28,UPI
1995,7614,682,2023-04-17,UPI
1996,6047,2007,2023-05-25,Credit Card
1997,4998,2858,2023-06-29,Credit Card
1998,1393,4981,2023-02-26,Debit Card
1999,2341,4217,2023-06-20,UPI
2000,2630,623,2023-03-31,Credit Card
2001,6682,4878,2023-06-15,Credit Card
2002,868,579,2023-06-06,UPI
2003,7494,4837,2023-04-25,Net Banking
2004,57,4803,2023-06-24,Net Banking
2005,6194,215,2023-06-11,Net Banking
2006,973,1487,2023-06-27,Credit Card
2007,3244,2036,2023-06-07,Net Banking
2008,149,4629,2023-03-21,UPI
2009,3173,4899,2023-06-13,Debit Card
2010,5274,1145,2023-05-12,Credit Card
2011,9861,1700,2023-06-12,Credit Card
2012,7026,363,2023-06-03,Net Banking
2013,551,981,2023-06-12,Credit Card
2014,3804,4198,2023-06-26,Credit Card
2015,6656,2710,2023-03-07,Credit Card
2016,754,134,2023-03-10,UPI
2017,7264,4191,2023-06-29,UPI
2018,3138,1266,2023-06-08,Credit Card
2019,5896,4722,2023-06-24,Net Banking
2020,7441,397,2023-03-23,Net Banking
2021,4290,4703,2023-02-18,Debit Card
2022,7429,2864,2023-06-26,Net Banking
2023,6540,1501,2023-06-16,Net Banking
2024,3478,450,2023-06-29,Credit Card
2025,5721,3333,2023-05-26,Debit Card
2026,5269,3723,2023-06-26,UPI
2027,8332,1616,2023-06-08,UPI
2028,908,3181,2023-06-27,Credit Card
2029,6304,1672,2023-06-28,UPI
2030,1640,3801,2023-06-11,Debit Card
2031,5643,471,2023-04-14,Debit Card
2032,1490,4141,2023-03-01,UPI
2033,7274,3767,2023-05-20,Net Banking
2034,6203,1588,2023-06-25,UPI
2035,9982,4695,2023-04-11,Credit Card
2036,7641,822,2023-06-03,Credit Card
2037,2468,3081,2023-04-22,Debit Card
2038,758,2956,2023-05-15,UPI
2039,4162,2383,2023-06-15,Debit Card
2040,8597,4970,2023-03-09,Net Banking
2041,1850,2939,2023-05-17,UPI
2042,7717,939,2023-05-26,UPI
2043,4304,517,2023-06-10,UPI
2044,1550,2530,2023-06-28,UPI
2045,2774,2112,2023-05-29,Credit Card
2046,2275,2355,2023-04-10,Debit Card
2047,7963,4947,2023-03-28,Debit Card
2048,5901,741,2023-06-08,Debit Card
2049,4214,2950,2023-06-26,Net Banking
2050,484,2378,2023-06-29,UPI
2051,8205,2625,2023-05-20,Debit Card
2052,3540,1185,2023-05-14,Credit Card
2053,9641,2246,2023-03-07,UPI
2054,3785,4735,2023-06-25,Net Banking
2055,4307,2752,2023-06-05,UPI
2056,6506,879,2023-04-02,Credit Card
2057,5085,1695,2023-03-28,Debit Card
2058,569,3793,2023-05-31,Credit Card
2059,7451,1344,2023-03-31,UPI
2060,6093,3315,2023-04-22,Net Banking
2061,2872,813,2023-06-20,Net Banking
2062,1673,3961,2023-06-29,Net Banking
2063,5098,4806,2023-03-17,Credit Card
2064,4661,4781,2023-06-15,Debit Card
2065,6379,2858,2023-06-23,Debit Card
2066,409,575,2023-05-19,Net Banking
2067,868,3876,2023-05-26,Net Banking
2068,5548,3432,2023-06-25,Debit Card
2069,512,2785,2023-03-28,Credit Card
2070,9614,2964,2023-05-08,Debit Card
2071,5052,4007,2023-05-03,UPI
2072,9659,2459,2023-06-28,Credit Card
2073,5185,3527,2023-05-16,Net Banking
2074,30,2124,2023-04-21,UPI
2075,3106,361,2023-06-17,Credit Card
2076,1116,1895,2023-04-27,Debit Card
2077,315,2382,2023-03-10,Net Banking
2078,7985,1471,2023-03-04,Debit Card
2079,2713,2692,2023-04-28,UPI
2080,3692,2111,2023-05-09,Debit Card
2081,9514,2902,2023-06-29,Debit Card
2082,4710,198,2023-03-23,Debit Card
2083,861,1976,2023-06-08,UPI
2084,5854,4762,2023-06-20,Credit Card
2085,1427,3813,2023-06-20,UPI
2086,4136,3460,2023-05-22,UPI
2087,1260,450,2023-05-23,UPI
2088,6006,1088,2023-04-24,Net Banking
2089,3755,2426,2023-06-27,Net Banking
2090,1992,4791,2023-06-02,Credit Card
2091,399,4178,2023-06-17,Credit Card
2092,9063,1889,2023-05-20,UPI
2093,3903,3696,2023-04-04,UPI
2094,7808,3988,2023-04-22,Credit Card
2095,7810,3693,2023-06-16,UPI
2096,537,4925,2023-02-17,Debit Card
2097,7415,3860,2023-06-27,Debit Card
2098,9858,1283,2023-06-27,Net Banking
2099,3524,308,2023-04-06,Debit Card
2100,9407,3828,2023-04-04,Debit Card
2101,754,4388,2023-04-16,Net Banking
2102,7474,167,2023-06-02,Debit Card
2103,5471,2869,2023-06-29,Debit Card
2104,4364,624,2023-06-11,Net Banking
2105,96,3871,2023-03-27,Net Banking
2106,8421,626,2023-05-24,UPI
2107,8038,1635,2023-06-28,Net Banking
2108,8659,755,2023-06-24,Debit Card
2109,7879,2829,2023-05-03,Credit Card
2110,49,2036,2023-05-28,Net Banking
2111,1293,851,2023-02-24,Net Banking
2112,9634,1046,2023-06-12,Debit Card
2113,2640,623,2023-06-14,Debit Card
2114,5520,1458,2023-03-08,Debit Card
2115,5041,830,2023-05-13,Credit Card
2116,1927,2752,2023-06-29,UPI
2117,5222,4981,2023-02-05,Debit Card
2118,3944,2989,2023-03-01,Credit Card
2119,2358,4994,2023-03-30,Debit Card
2120,3515,732,2023-04-27,Debit Card
2121,8187,3477,2023-05-29,Net Banking
2122,5113,4980,2023-03-31,UPI
2123,2006,3499,2023-06-28,Debit Card
2124,7405,3898,2023-06-23,Debit Card
2125,4162,174,2023-06-03,UPI
2126,5299,2948,2023-02-13,Credit Card
2127,1035,3509,2023-06-26,Debit Card
2128,9978,1202,2023-05-17,Net Banking
2129,9246,2591,2023-03-05,Net Banking
2130,2652,4833,2023-05-03,Debit Card
2131,8935,3760,2023-06-27,UPI
2132,7450,2444,2023-06-08,UPI
2133,2492,3421,2023-06-15,Debit Card
2134,7680,801,2023-03-18,Net Banking
2135,8526,120,2023-05-19,Net Banking
2136,320,2514,2023-06-08,Debit Card
2137,5080,4009,2023-01-30,Debit Card
2138,4253,826,2023-06-03,Debit Card
2139,6153,156,2023-06-29,Net Banking
2140,7039,4044,2023-06-21,Net Banking
2141,1422,1380,2023-03-02,Debit Card
2142,1617,144,2023-06-09,Credit Card
2143,576,2424,2023-03-11,Net Banking
2144,249,108,2023-06-03,Credit Card
2145,72,261,2023-04-22,Debit Card
2146,40,4584,2023-06-25,UPI
2147,3284,2245,2023-06-27,Credit Card
2148,4347,4558,2023-06-25,Debit Card
2149,1692,1917,2023-04-04,Credit Card
2150,9211,2460,2023-06-21,Debit Card
2151,366,1484,2023-02-05,Debit Card
2152,5629,4077,2023-06-29,Credit Card
2153,137,1162,2023-06-20,UPI
2154,1905,2785,2023-06-21,UPI
2155,3126,2328,2023-02-01,Debit Card
2156,1820,3675,2023-04-03,UPI
2157,6836,3097,2023-06-08,Debit Card
2158,1810,2965,2023-06-29,Debit Card
2159,6467,3735,2023-06-26,UPI
2160,1751,1782,2023-06-28,Debit Card
2161,7792,2784,2023-06-25,UPI
2162,1592,3613,2023-05-05,UPI
2163,3207,1127,2023-05-27,Net Banking
2164,5931,1559,2023-05-03,Credit Card
2165,4968,1561,2023-06-08,Debit Card
2166,1803,1261,2023-06-16,Net Banking
2167,4485,1849,2023-05-26,Net Banking
2168,4614,2233,2023-06-29,Credit Card
2169,2040,1374,2023-06-17,Debit Card
2170,8855,1841,2023-06-17,Net Banking
2171,5060,2063,2023-06-02,Credit Card
2172,7414,1097,2023-05-29,UPI
2173,3592,1422,2023-03-26,Debit Card
2174,5927,4173,2023-05-24,Debit Card
2175,4969,4502,2023-06-10,Credit Card
2176,2013,1350,2023-06-13,Net Banking
2177,154,1403,2023-05-16,UPI
2178,3120,1839,2023-06-28,Credit Card
2179,4198,1768,2023-06-23,Net Banking
2180,8438,1928,2023-05-31,Net Banking
2181,2737,3912,2023-04-02,Debit Card
2182,2898,815,2023-04-10,Debit Card
2183,265,4356,2023-06-06,Debit Card
2184,1765,4089,2023-04-21,UPI
2185,683,1951,2023-04-14,Net Banking
2186,5993,2223,2023-05-16,UPI
2187,2882,2038,2023-06-25,Net Banking
2188,5258,4385,2023-05-19,Net Banking
2189,1174,2115,2023-06-29,UPI
2190,2815,2786,2023-05-11,Net Banking
2191,7288,2365,2023-05-13,Credit Card
2192,7846,760,2023-06-18,Net Banking
2193,9863,3111,2023-05-25,UPI
2194,4011,979,2023-03-18,Credit Card
2195,160,1119,2023-04-24,Credit Card
2196,1492,3218,2023-06-11,Debit Card
2197,9636,3682,2023-06-12,UPI
2198,9116,1514,2023-05-24,UPI
2199,3286,4417,2023-06-22,Debit Card
2200,4492,1445,2023-05-28,Debit Card
2201,3922,2961,2023-03-25,Net Banking
2202,8897,4042,2023-04-28,Net Banking
2203,1122,2681,2023-06-24,Debit Card
2204,4362,1733,2023-04-06,Net Banking
2205,398,725,2023-06-05,Net Banking
2206,4459,1110,2023-06-17,Net Banking
2207,9448,4149,2023-06-25,Credit Card
2208,5823,3211,2023-02-25,Debit Card
2209,6609,671,2023-06-10,Net Banking
2210,989,3675,2023-05-04,UPI
2211,4207,1238,2023-06-02,Debit Card
2212,8323,326,2023-04-29,Credit Card
2213,9588,2337,2023-05-31,UPI
2214,5044,3099,2023-06-26,Net Banking
2215,3745,3684,2023-06-29,Net Banking
2216,8535,3955,2023-05-08,Debit Card
2217,6885,756,2023-04-01,Debit Card
2218,6100,201,2023-05-17,Debit Card
2219,4573,1501,2023-06-23,Net Banking
2220,204,4090,2023-06-16,Net Banking
2221,2278,936,2023-05-19,Credit Card
2222,922,3897,2023-06-18,Net Banking
2223,1085,4880,2023-05-06,Credit Card
2224,9723,3959,2023-05-16,UPI
2225,5930,4134,2023-05-15,Debit Card
2226,8845,2943,2023-04-18,Credit Card
2227,6610,2316,2023-04-06,UPI
2228,3449,4924,2023-06-03,Credit Card
2229,477,2032,2023-03-01,UPI
2230,8943,4272,2023-06-05,Net Banking
2231,5012,4065,2023-03-29,Net Banking
2232,8906,2340,2023-05-21,Net Banking
2233,5418,2781,2023-06-08,Credit Card
2234,6664,3918,2023-05-26,Debit Card
2235,6436,595,2023-05-21,Credit Card
2236,4779,1923,2023-05-20,Net Banking
2237,8185,4798,2023-06-24,Debit Card
2238,5687,3818,2023-06-28,Debit Card
2239,6790,644,2023-03-28,UPI
2240,6761,3111,2023-06-28,UPI
2241,9171,1389,2023-04-10,Credit Card
2242,5261,1047,2023-06-07,Debit Card
2243,3238,953,2023-05-27,Debit Card
2244,2346,2977,2023-06-28,UPI
2245,2569,2787,2023-06-21,Net Banking
2246,5429,4627,2023-06-02,Net Banking
2247,1516,2682,2023-05-25,UPI
2248,8302,3762,2023-03-30,Credit Card
2249,9144,4702,2023-05-15,Net Banking
2250,491,4760,2023-06-19,UPI
2251,2762,2447,2023-04-16,Credit Card
2252,1156,3370,2023-06-18,Net Banking
2253,6254,728,2023-05-12,Debit Card
2254,1826,3751,2023-02-07,UPI
2255,5689,460,2023-05-08,Net Banking
2256,9152,4085,2023-06-13,Credit Card
2257,4780,4346,2023-06-22,Credit Card
2258,7746,1881,2023-06-20,UPI
2259,9610,4388,2023-04-27,Net Banking
2260,8912,3896,2023-04-20,UPI
2261,7863,4087,2023-05-18,Net Banking
2262,5381,3553,2023-04-10,UPI
2263,6355,4794,2023-05-25,UPI
2264,7829,4443,2023-04-03,Credit Card
2265,8345,3967,2023-06-18,Credit Card
2266,2364,3966,2023-02-11,Debit Card
2267,4951,2280,2023-04-08,UPI
2268,2228,3095,2023-06-12,Credit Card
2269,6492,813,2023-05-16,Debit Card
2270,9636,4040,2023-03-24,Net Banking
2271,4209,869,2023-04-09,UPI
2272,7579,4106,2023-06-20,Net Banking
2273,1518,1498,2023-04-10,Net Banking
2274,9309,4583,2023-06-28,Net Banking
2275,6903,705,2023-06-15,Net Banking
2276,7510,2560,2023-06-08,Credit Card
2277,3757,1630,2023-05-12,UPI
2278,9136,2020,2023-06-21,Credit Card
2279,5062,580,2023-05-08,Credit Card
2280,7716,4510,2023-05-03,Debit Card
2281,5877,3070,2023-05-25,Net Banking
2282,1567,806,2023-06-19,Net Banking
2283,1937,2544,2023-06-14,Debit Card
2284,1407,2745,2023-05-18,Debit Card
2285,3963,2714,2023-06-26,Net Banking
2286,1041,4423,2023-06-23,UPI
2287,8359,1957,2023-06-20,Net Banking
2288,8935,3757,2023-06-26,Credit Card
2289,8795,2955,2023-04-13,Credit Card
2290,8787,2174,2023-06-28,Debit Card
2291,5928,552,2023-04-24,UPI
2292,3895,4935,2023-03-29,Debit Card
2293,4892,934,2023-04-21,Net Banking
2294,5214,3277,2023-04-14,Debit Card
2295,7530,4786,2023-03-17,Net Banking
2296,8333,2470,2023-06-25,Credit Card
2297,691,1657,2023-06-04,UPI
2298,6519,2590,2023-05-29,UPI
2299,7981,1542,2023-06-21,UPI
2300,3476,3902,2023-06-15,Net Banking
2301,9900,1577,2023-04-12,Net Banking
2302,5134,896,2023-05-10,Net Banking
2303,6363,2638,2023-02-08,Net Banking
2304,3706,886,2023-06-12,UPI
2305,2733,1455,2023-05-26,Debit Card
2306,6139,717,2023-03-16,Net Banking
2307,8142,3951,2023-05-27,Net Banking
2308,4594,4283,2023-06-22,Debit Card
2309,2533,4630,2023-06-22,UPI
2310,6980,819,2023-05-17,UPI
2311,5308,2637,2023-05-27,Debit Card
2312,6282,4561,2023-05-20,Debit Card
2313,5062,1008,2023-04-26,Net Banking
2314,7866,3600,2023-05-03,Net Banking
2315,8035,2924,2023-06-09,UPI
2316,4402,837,2023-05-15,UPI
2317,5746,3049,2023-06-27,Debit Card
2318,7358,3884,2023-06-24,Net Banking
2319,3103,4949,2023-05-09,Debit Card
2320,9491,4389,2023-03-24,UPI
2321,4895,337,2023-06-16,UPI
2322,7724,166,2023-06-29,Debit Card
2323,8016,4463,2023-06-08,Credit Card
2324,9380,4769,2023-05-09,Net Banking
2325,4435,2621,2023-06-27,UPI
2326,8884,928,2023-05-13,UPI
2327,1737,2649,2023-06-23,Credit Card
2328,845,2703,2023-04-07,Credit Card
2329,6838,3121,2023-03-24,Net Banking
2330,7395,270,2023-06-02,UPI
2331,2622,2643,2023-05-24,Credit Card
2332,8947,2815,2023-06-04,Debit Card
2333,9914,3534,2023-06-28,UPI
2334,1496,4577,2023-06-06,UPI
2335,8375,3363,2023-06-12,Credit Card
2336,1073,245,2023-05-14,Debit Card
2337,8642,2091,2023-05-26,Debit Card
2338,6161,3938,2023-05-18,Debit Card
2339,57,3856,2023-03-05,Debit Card
2340,4352,3354,2023-05-11,Credit Card
2341,8801,2964,2023-03-10,Net Banking
2342,4355,4134,2023-05-12,Debit Card
2343,5760,347,2023-04-06,Credit Card
2344,4266,1510,2023-05-22,Credit Card
2345,9501,2196,2023-06-16,Credit Card
2346,6169,224,2023-06-25,Debit Card
2347,4854,4857,2023-06-16,UPI
2348,271,1681,2023-05-01,Debit Card
2349,7113,3416,2023-04-17,Credit Card
2350,3420,3015,2023-06-25,Net Banking
2351,8317,3203,2023-05-17,Debit Card
2352,6086,440,2023-03-21,UPI
2353,2995,1126,2023-05-25,Debit Card
2354,6591,1809,2023-01-10,Debit Card
2355,5465,965,2023-06-25,Credit Card
2356,3697,1731,2023-05-09,Net Banking
2357,7428,4308,2023-06-27,Net Banking
2358,6485,4016,2023-06-20,Debit Card
2359,6622,1335,2023-06-27,UPI
2360,3320,2208,2023-02-10,Net Banking
2361,7627,3327,2023-06-26,Net Banking
2362,6885,2102,2023-03-24,UPI
2363,2293,1246,2023-06-21,Credit Card
2364,4787,3323,2023-06-13,UPI
2365,321,3383,2023-06-16,UPI
2366,4536,1158,2023-03-10,Debit Card
2367,4863,174,2023-06-28,UPI
2368,1583,4057,2023-03-22,Debit Card
2369,1278,3765,2023-06-28,UPI
2370,5872,3999,2023-05-10,UPI
2371,3866,1512,2023-03-21,Credit Card
2372,6535,1687,2023-03-09,Net Banking
2373,8274,2755,2023-05-16,Debit Card
2374,6261,1108,2023-06-26,Net Banking
2375,1323,1472,2023-06-13,Debit Card
2376,5044,2607,2023-06-19,UPI
2377,7610,2245,2023-05-09,UPI
2378,5643,3191,2023-03-31,Net Banking
2379,5575,4346,2023-05-28,Net Banking
2380,7530,4190,2023-03-08,Debit Card
2381,4791,2851,2023-06-25,Debit Card
2382,6666,4245,2023-05-03,Debit Card
2383,5270,3738,2023-04-04,UPI
2384,895,2096,2023-06-10,UPI
2385,1330,3643,2023-05-04,Debit Card
2386,2588,4456,2023-04-15,Debit Card
2387,4405,896,2023-06-22,UPI
2388,1368,3097,2023-03-14,Net Banking
2389,9425,300,2023-06-29,Net Banking
2390,4648,4010,2023-03-11,Credit Card
2391,4626,4552,2023-04-12,UPI
2392,7122,3938,2023-03-16,Credit Card
2393,989,1656,2023-05-29,UPI
2394,5484,433,2023-04-16,Net Banking
2395,5629,746,2023-06-29,Credit Card
2396,7385,3798,2023-06-18,Credit Card
2397,4062,1694,2023-05-15,Credit Card
2398,1382,2922,2023-06-09,Credit Card
2399,9001,1212,2023-06-02,Credit Card
2400,5928,835,2023-06-14,Net Banking
2401,5734,1921,2023-05-08,Net Banking
2402,4438,1444,2023-06-29,Credit Card
2403,4052,4004,2023-03-06,Debit Card
2404,6787,4992,2023-04-11,Debit Card
2405,4838,3015,2023-03-17,Net Banking
2406,8931,1527,2023-05-23,Debit Card
2407,724,2063,2023-04-09,Net Banking
2408,9689,1609,2023-04-21,UPI
2409,2915,1899,2023-06-17,Net Banking
2410,7483,756,2023-06-28,Debit Card
2411,721,4641,2023-06-05,Credit Card
2412,7552,4289,2023-05-13,Credit Card
2413,8542,2297,2023-05-04,Credit Card
2414,3214,2409,2023-06-27,UPI
2415,8469,3430,2023-06-15,Net Banking
2416,35,1202,2023-06-06,Debit Card
2417,1548,1798,2023-04-01,Net Banking
2418,1245,4792,2023-04-24,Net Banking
2419,6206,3293,2023-05-22,Credit Card
2420,6153,2671,2023-06-09,UPI
2421,6972,4091,2023-06-29,Credit Card
2422,442,3206,2023-04-03,Credit Card
2423,4687,4642,2023-03-05,Debit Card
2424,7497,3065,2023-03-06,Credit Card
2425,2147,4233,2023-06-13,Credit Card
2426,6719,3630,2023-05-15,UPI
2427,1884,1312,2023-06-13,Net Banking
2428,7306,4627,2023-06-14,UPI
2429,7868,2274,2023-06-22,Debit Card
2430,7173,3678,2023-05-25,Net Banking
2431,1474,1214,2023-05-09,Debit Card
2432,9176,3971,2023-03-07,Credit Card
2433,4177,244,2023-06-16,Debit Card
2434,3913,890,2023-05-18,Debit Card
2435,9621,2074,2023-06-28,Credit Card
2436,3462,2278,2023-06-10,Net Banking
2437,1380,2146,2023-06-15,Debit Card
2438,3532,943,2023-06-05,Credit Card
2439,1579,2398,2023-06-24,Net Banking
2440,7189,4032,2023-04-19,Net Banking
2441,2506,709,2023-06-21,Credit Card
2442,6422,4552,2023-06-06,Debit Card
2443,6715,3672,2023-06-29,UPI
2444,7624,1894,2023-06-23,UPI
2445,6766,3322,2023-06-20,Net Banking
2446,5226,3259,2023-06-23,Debit Card
2447,8254,1792,2023-04-27,Credit Card
2448,2358,3330,2023-06-10,Debit Card
2449,7235,4566,2023-06-21,UPI
2450,4205,3189,2023-03-30,Credit Card
2451,3274,207,2023-04-10,Net Banking
2452,4415,2580,2023-06-13,UPI
2453,627,3391,2023-06-07,UPI
2454,8400,3920,2023-06-27,Debit Card
2455,7610,593,2023-03-29,Debit Card
2456,7889,4684,2023-04-01,Debit Card
2457,5436,2911,2023-05-07,Credit Card
2458,1752,1162,2023-03-31,Debit Card
2459,2438,565,2023-05-15,Net Banking
2460,9077,1011,2023-06-12,UPI
2461,590,811,2023-05-08,UPI
2462,5168,633,2023-05-26,UPI
2463,7996,2830,2023-03-12,Credit Card
2464,3055,2076,2023-06-26,UPI
2465,8150,3682,2023-04-30,Credit Card
2466,4537,186,2023-06-27,Credit Card
2467,9765,783,2023-03-23,UPI
2468,7331,3152,2023-04-16,Debit Card
2469,2922,3187,2023-04-02,UPI
2470,9967,4175,2023-05-23,Net Banking
2471,5294,4305,2023-06-05,Credit Card
2472,1015,1858,2023-05-29,Credit Card
2473,8157,2443,2023-06-26,Credit Card
2474,4162,4548,2023-06-11,Credit Card
2475,3210,4982,2023-02-27,UPI
2476,2495,3901,2023-03-18,UPI
2477,7856,3788,2023-04-02,UPI
2478,3848,925,2023-06-27,Credit Card
2479,8143,2023,2023-02-24,Net Banking
2480,2569,2011,2023-04-19,Net Banking
2481,7265,4702,2023-06-21,Net Banking
2482,4515,1957,2023-04-16,UPI
2483,7933,1499,2023-06-25,Debit Card
2484,7876,3368,2023-06-21,UPI
2485,9135,3955,2023-06-26,UPI
2486,2066,2985,2023-06-08,Credit Card
2487,9326,1022,2023-04-27,UPI
2488,9459,1207,2023-06-24,Credit Card
2489,6985,1492,2023-05-08,Debit Card
2490,5845,2583,2023-06-14,Debit Card
2491,2652,2007,2023-05-22,Credit Card
2492,8083,361,2023-04-23,UPI
2493,562,3723,2023-06-29,Debit Card
2494,2131,4361,2023-06-09,Credit Card
2495,5560,3650,2023-05-17,Credit Card
2496,5616,1365,2023-04-06,UPI
2497,579,4321,2023-06-19,Debit Card
2498,1835,1528,2023-04-29,UPI
2499,4582,1501,2023-05-25,Debit Card
2500,4690,395,2023-06-19,UPI
2501,4952,998,2023-06-06,Debit Card
2502,9436,1603,2023-06-18,Net Banking
2503,7988,1706,2023-06-21,Net Banking
2504,6706,4201,2023-05-13,UPI
2505,8054,1348,2023-05-30,Net Banking
2506,5975,2725,2023-06-11,Net Banking
2507,6218,4099,2023-06-28,Credit Card
2508,5797,1942,2023-06-28,Net Banking
2509,4889,2449,2023-05-11,Net Banking
2510,537,4863,2023-03-09,Debit Card
2511,5467,4779,2023-06-10,Credit Card
2512,2917,1980,2023-05-31,Net Banking
2513,89,1774,2023-04-05,Debit Card
2514,2022,4110,2023-05-15,UPI
2515,9164,1157,2023-05-30,Credit Card
2516,8175,460,2023-06-27,Credit Card
2517,6394,3042,2023-06-15,Credit Card
2518,709,892,2023-03-26,Debit Card
2519,9177,2149,2023-06-27,Net Banking
2520,2625,4566,2023-06-07,Debit Card
2521,1167,1074,2023-06-10,UPI
2522,4200,1822,2023-06-15,Credit Card
2523,8546,4269,2023-03-15,UPI
2524,648,1910,2023-03-15,Net Banking
2525,650,600,2023-05-15,Net Banking
2526,9529,191,2023-04-25,Debit Card
2527,5174,4185,2023-06-29,Debit Card
2528,1599,3140,2023-04-15,Net Banking
2529,2814,4279,2023-06-17,UPI
2530,8481,1915,2023-06-27,Debit Card
2531,3378,296,2023-05-30,UPI
2532,7963,229,2023-04-01,Net Banking
2533,7358,4914,2023-06-24,Debit Card
2534,1101,133,2023-05-28,Credit Card
2535,533,4885,2023-03-27,Debit Card
2536,4228,904,2023-06-29,Credit Card
2537,8769,4553,2023-04-11,Credit Card
2538,577,4632,2023-06-11,Debit Card
2539,1920,391,2023-06-28,UPI
2540,8834,2652,2023-04-08,Net Banking
2541,2575,812,2023-06-14,UPI
2542,5528,3166,2023-02-26,Net Banking
2543,7003,1904,2023-06-17,Debit Card
2544,4110,4257,2023-06-24,UPI
2545,8283,1488,2023-05-07,UPI
2546,6507,2242,2023-03-19,Debit Card
2547,7553,1590,2023-05-03,Net Banking
2548,5105,1914,2023-06-05,Debit Card
2549,3287,2391,2023-06-29,Credit Card
2550,933,3180,2023-06-17,Credit Card
2551,8302,2952,2023-03-01,Net Banking
2552,7514,4963,2023-04-14,Debit Card
2553,4291,1802,2023-06-01,Net Banking
2554,9080,3602,2023-06-11,Net Banking
2555,7800,367,2023-05-10,Debit Card
2556,8221,2977,2023-05-06,UPI
2557,671,4509,2023-06-01,Credit Card
2558,9487,1404,2023-04-29,UPI
2559,4596,3309,2023-05-30,UPI
2560,2890,1990,2023-02-17,Debit Card
2561,6649,2166,2023-06-17,Debit Card
2562,7751,3545,2023-05-22,Debit Card
2563,9533,4064,2023-01-20,Debit Card
2564,1843,2332,2023-05-14,Credit Card
2565,8578,1675,2023-06-04,Debit Card
2566,4403,2956,2023-05-15,Credit Card
2567,4502,4398,2023-04-22,Debit Card
2568,4814,1402,2023-06-20,Credit Card
2569,1372,3737,2023-06-10,Net Banking
2570,5586,2835,2023-05-30,Credit Card
2571,422,1409,2023-05-03,Debit Card
2572,9014,1684,2023-03-13,Credit Card
2573,8638,3268,2023-04-08,Credit Card
2574,5133,3243,2023-03-11,UPI
2575,6273,2899,2023-06-29,UPI
2576,3857,1269,2023-01-10,Net Banking
2577,3898,1075,2023-06-08,UPI
2578,5680,2993,2023-06-08,Net Banking
2579,4254,1399,2023-04-23,UPI
2580,5236,2811,2023-06-24,Debit Card
2581,9718,2436,2023-06-17,UPI
2582,2188,3929,2023-06-21,Debit Card
2583,9302,2858,2023-04-02,UPI
2584,9004,2431,2023-05-30,Credit Card
2585,101,1996,2023-06-17,Debit Card
2586,9306,1800,2023-06-26,Net Banking
2587,2825,2331,2023-06-10,Debit Card
2588,1320,3658,2023-02-21,UPI
2589,5458,477,2023-05-14,Net Banking
2590,7990,4332,2023-06-08,Credit Card
2591,1765,1875,2023-03-08,UPI
2592,8937,4087,2023-04-20,UPI
2593,2909,3740,2023-06-08,Credit Card
2594,7834,3139,2023-06-23,Debit Card
2595,8878,4619,2023-05-20,UPI
2596,7042,1623,2023-06-28,UPI
2597,5397,2766,2023-05-26,Credit Card
2598,3301,3621,2023-06-29,Credit Card
2599,7712,938,2023-03-19,UPI
2600,9436,4325,2023-06-19,Net Banking
2601,4122,705,2023-06-24,UPI
2602,1480,3598,2023-05-29,Net Banking
2603,2434,1145,2023-06-02,Debit Card
2604,7054,1637,2023-06-08,Debit Card
2605,5821,3018,2023-05-28,UPI
2606,8872,1039,2023-03-01,UPI
2607,7948,2565,2023-03-19,Credit Card
2608,4439,854,2023-05-29,Credit Card
2609,3508,4783,2023-05-27,UPI
2610,4822,2625,2023-04-29,Debit Card
2611,2688,3898,2023-05-07,UPI
2612,2501,1349,2023-05-21,Debit Card
2613,869,1015,2023-05-31,Debit Card
2614,9516,962,2023-06-10,Debit Card
2615,8000,3347,2023-04-26,Credit Card
2616,1430,1260,2023-05-22,Net Banking
2617,7501,4249,2023-04-12,Net Banking
2618,8468,1874,2023-06-26,UPI
2619,4410,506,2023-04-17,Net Banking
2620,2520,4511,2023-06-29,Credit Card
2621,2285,2880,2023-03-03,Credit Card
2622,5041,2605,2023-06-21,Debit Card
2623,1097,3495,2023-06-19,UPI
2624,4889,2542,2023-04-29,Net Banking
2625,6263,372,2023-05-28,Credit Card
2626,4857,3994,2023-05-10,Debit Card
2627,923,182,2023-06-16,Net Banking
2628,1066,681,2023-03-21,UPI
2629,597,657,2023-06-04,Credit Card
2630,2031,4452,2023-06-01,Credit Card
2631,6599,4218,2023-06-27,Credit Card
2632,461,4576,2023-04-04,Credit Card
2633,4687,3527,2023-02-25,Debit Card
2634,7374,2969,2023-05-08,UPI
2635,1755,1215,2023-06-29,Net Banking
2636,2229,2129,2023-06-09,Net Banking
2637,2753,3961,2023-06-24,Net Banking
2638,6715,1581,2023-06-23,Net Banking
2639,5488,1690,2023-06-26,UPI
2640,4746,1934,2023-06-06,Debit Card
2641,9043,1930,2023-05-04,UPI
2642,6256,397,2023-05-29,Net Banking
2643,2070,155,2023-04-21,Credit Card
2644,7245,3356,2023-04-19,Credit Card
2645,6536,728,2023-06-21,UPI
2646,3485,4303,2023-06-05,UPI
2647,8134,4688,2023-03-02,Net Banking
2648,840,2452,2023-05-02,Debit Card
2649,1607,474,2023-03-01,Credit Card
2650,5027,3551,2023-06-19,UPI
2651,3730,3611,2023-05-24,Debit Card
2652,8271,4811,2023-05-19,UPI
2653,4735,2010,2023-06-11,Net Banking
2654,5958,2537,2023-06-13,Net Banking
2655,8057,3704,2023-06-06,Debit Card
2656,550,2092,2023-05-10,Net Banking
2657,9658,195,2023-06-15,Debit Card
2658,3085,2044,2023-05-23,Debit Card
2659,9535,322,2023-06-07,Net Banking
2660,699,3239,2023-03-14,UPI
2661,3006,4392,2023-06-02,Debit Card
2662,1783,1980,2023-03-25,UPI
2663,2613,981,2023-06-25,Debit Card
2664,3685,668,2023-04-20,Debit Card
2665,8726,989,2023-04-28,Debit Card
2666,84,1137,2023-05-16,Credit Card
2667,3457,3345,2023-06-29,UPI
2668,4913,1208,2023-05-17,Credit Card
2669,7803,2516,2023-06-04,Credit Card
2670,591,1855,2023-06-25,UPI
2671,1915,4200,2023-06-12,Credit Card
2672,9136,2905,2023-06-18,Credit Card
2673,5076,1000,2023-06-29,UPI
2674,1029,3771,2023-06-02,Debit Card
2675,8962,1159,2023-04-08,Credit Card
2676,9499,3809,2023-06-01,UPI
2677,1307,1720,2023-02-03,Credit Card
2678,8723,3574,2023-05-12,Credit Card
2679,9059,4310,2023-06-27,Debit Card
2680,3955,2558,2023-06-28,Net Banking
2681,3413,3375,2023-05-26,UPI
2682,9203,1507,2023-06-09,UPI
2683,2641,493,2023-06-29,UPI
2684,5606,2271,2023-05-29,UPI
2685,7802,415,2023-06-17,Net Banking
2686,3077,360,2023-05-24,UPI
2687,9412,3739,2023-05-31,Net Banking
2688,8158,1567,2023-06-22,Net Banking
2689,2972,4681,2023-04-20,Debit Card
2690,7086,4168,2023-06-13,UPI
2691,4459,3113,2023-05-08,Debit Card
2692,118,4818,2023-06-20,UPI
2693,4993,3818,2023-06-27,Debit Card
2694,2799,1537,2023-06-29,Debit Card
2695,1183,734,2023-05-17,Debit Card
2696,1193,4956,2023-06-22,UPI
2697,5848,1517,2023-06-05,Credit Card
2698,4966,3126,2023-06-15,Credit Card
2699,7804,2881,2023-06-20,Debit Card
2700,5727,4022,2023-05-25,Credit Card
2701,1728,1971,2023-05-07,Credit Card
2702,9032,3978,2023-06-26,Net Banking
2703,7685,1942,2023-06-28,Debit Card
2704,6500,4236,2023-06-17,UPI
2705,1295,229,2023-06-26,Credit Card
2706,630,1138,2023-04-21,Net Banking
2707,8816,2007,2023-05-21,Credit Card
2708,187,3281,2023-06-17,Debit Card
2709,1991,176,2023-06-25,Net Banking
2710,6208,1718,2023-04-17,Net Banking
2711,1581,3451,2023-06-04,Debit Card
2712,3641,2916,2023-06-06,Net Banking
2713,4922,1910,2023-05-17,Credit Card
2714,2341,4121,2023-06-05,UPI
2715,4524,1856,2023-06-03,Credit Card
2716,9618,771,2023-06-15,Credit Card
2717,3116,1146,2023-03-12,Net Banking
2718,8881,466,2023-04-23,UPI
2719,9008,2618,2023-06-26,UPI
2720,8175,2827,2023-04-09,Net Banking
2721,839,2910,2023-06-14,Debit Card
2722,641,3178,2023-06-24,UPI
2723,5912,3430,2023-06-29,Net Banking
2724,6683,740,2023-06-20,UPI
2725,7249,3222,2023-05-30,UPI
2726,7951,1526,2023-05-20,Credit Card
2727,2803,2527,2023-02-26,Net Banking
2728,8884,3743,2023-05-12,Debit Card
2729,9221,2514,2023-05-24,Credit Card
2730,3882,4985,2023-06-23,UPI
2731,382,2988,2023-03-23,Debit Card
2732,3884,3225,2023-05-21,Debit Card
2733,6891,4795,2023-04-25,Debit Card
2734,5218,2991,2023-06-03,Debit Card
2735,5969,2682,2023-05-07,Credit Card
2736,5274,325,2023-05-14,UPI
2737,4404,4177,2023-06-26,Debit Card
2738,5289,4335,2023-06-18,Credit Card
2739,3899,1026,2023-02-01,Debit Card
2740,2178,186,2023-05-23,Debit Card
2741,669,4926,2023-04-20,Debit Card
2742,4896,3033,2023-03-23,Net Banking
2743,930,687,2023-03-19,Debit Card
2744,5187,1590,2023-04-27,UPI
2745,1398,3431,2023-02-21,UPI
2746,542,3585,2023-04-16,Net Banking
2747,8642,4018,2023-01-28,Net Banking
2748,6600,2639,2023-05-03,Debit Card
2749,8959,4711,2023-05-20,Debit Card
2750,7283,1318,2023-06-22,Credit Card
2751,6600,3525,2023-06-11,Net Banking
2752,7251,3462,2023-05-20,Credit Card
2753,8244,4029,2023-05-20,UPI
2754,7521,1262,2023-05-08,Debit Card
2755,7079,3955,2023-05-26,Credit Card
2756,7834,2324,2023-06-17,Credit Card
2757,7287,1205,2023-06-23,UPI
2758,8871,3795,2023-05-19,Net Banking
2759,4802,1017,2023-05-01,UPI
2760,4380,1677,2023-06-17,Net Banking
2761,889,1902,2023-06-02,Credit Card
2762,1905,2488,2023-06-24,Net Banking
2763,8902,3165,2023-05-17,Net Banking
2764,8490,3143,2023-02-21,Credit Card
2765,9973,2196,2023-06-27,Debit Card
2766,902,1986,2023-01-15,Net Banking
2767,354,3078,2023-05-02,Debit Card
2768,6228,1619,2023-05-09,UPI
2769,133,4630,2023-06-28,Net Banking
2770,1430,1727,2023-05-26,Credit Card
2771,9531,2562,2023-06-06,UPI
2772,1282,3698,2023-05-24,Net Banking
2773,3002,4394,2023-06-02,Debit Card
2774,8226,4700,2023-06-14,Debit Card
2775,8438,1624,2023-05-25,Debit Card
2776,3946,3349,2023-05-09,Credit Card
2777,9387,418,2023-03-09,Net Banking
2778,1640,2922,2023-06-20,Credit Card
2779,827,4529,2023-06-27,Debit Card
2780,9310,3855,2023-06-04,UPI
2781,2915,1849,2023-06-27,UPI
2782,2526,2011,2023-02-11,UPI
2783,1140,1326,2023-06-14,Credit Card
2784,58,1844,2023-06-27,Debit Card
2785,7626,1856,2023-03-21,Net Banking
2786,1898,4593,2023-04-30,UPI
2787,9198,827,2023-06-10,Credit Card
2788,6413,4846,2023-05-13,UPI
2789,7846,4569,2023-06-13,UPI
2790,1951,2182,2023-02-01,Debit Card
2791,7609,4567,2023-05-31,UPI
2792,8425,3241,2023-04-26,UPI
2793,7894,1422,2023-06-25,Debit Card
2794,9213,1743,2023-06-19,Debit Card
2795,2551,1783,2023-05-07,UPI
2796,5467,4644,2023-05-23,UPI
2797,4423,2922,2023-06-18,Net Banking
2798,7803,4030,2023-06-10,Net Banking
2799,4964,3159,2023-05-12,Credit Card
2800,1624,4222,2023-02-10,Credit Card
2801,8217,913,2023-06-15,Debit Card
2802,849,1056,2023-05-15,Net Banking
2803,7786,3180,2023-05-20,Debit Card
2804,4769,2770,2023-04-14,UPI
2805,4119,330,2023-06-24,Net Banking
2806,6375,728,2023-03-14,Credit Card
2807,9335,4753,2023-06-19,Net Banking
2808,3265,2476,2023-03-12,UPI
2809,561,3012,2023-04-27,Credit Card
2810,7726,2600,2023-06-16,Credit Card
2811,9287,2576,2023-05-10,Credit Card
2812,624,3761,2023-06-18,Credit Card
2813,6257,4550,2023-06-02,UPI
2814,6425,2282,2023-04-06,Net Banking
2815,1751,1192,2023-06-04,Net Banking
2816,6526,2006,2023-06-16,UPI
2817,7277,3007,2023-06-23,Credit Card
2818,2909,4369,2023-05-11,Credit Card
2819,8388,1673,2023-04-08,Credit Card
2820,6030,4941,2023-05-18,Net Banking
2821,4578,1884,2023-05-21,Credit Card
2822,5713,4760,2023-05-27,Credit Card
2823,8407,2098,2023-06-26,Net Banking
2824,1812,3762,2023-05-12,UPI
2825,3113,727,2023-06-05,Debit Card
2826,5651,1004,2023-06-06,Debit Card
2827,8511,2607,2023-04-20,Debit Card
2828,7111,3368,2023-06-07,Net Banking
2829,3471,4281,2023-06-13,Debit Card
2830,2539,2310,2023-04-05,Net Banking
2831,4708,850,2023-03-08,Credit Card
2832,7941,985,2023-05-09,Debit Card
2833,7866,2805,2023-03-28,Debit Card
2834,1140,4822,2023-06-29,Credit Card
2835,1483,643,2023-06-21,Debit Card
2836,5074,4912,2023-04-17,Credit Card
2837,2832,3429,2023-04-04,UPI
2838,9240,2102,2023-04-08,Net Banking
2839,2579,4981,2023-05-19,Credit Card
2840,2858,1470,2023-03-20,Net Banking
2841,5093,3150,2023-04-04,Credit Card
2842,4797,4588,2023-04-15,Net Banking
2843,6428,4122,2023-03-05,UPI
2844,9383,1939,2023-04-29,Net Banking
2845,6517,3453,2023-05-10,Net Banking
2846,5042,523,2023-05-03,Net Banking
2847,1522,3062,2023-06-16,Net Banking
2848,6156,2756,2023-06-26,Net Banking
2849,4643,642,2023-03-18,Debit Card
2850,7823,4975,2023-06-16,Credit Card
2851,7502,2095,2023-06-28,Debit Card
2852,9450,3366,2023-06-25,UPI
2853,9544,1474,2023-06-01,Debit Card
2854,8617,2463,2023-05-21,Debit Card
2855,3072,3163,2023-06-12,Debit Card
2856,760,2398,2023-06-28,Net Banking
2857,1472,2616,2023-03-24,Net Banking
2858,9972,1249,2023-06-17,Credit Card
2859,3659,3218,2023-06-27,UPI
2860,700,3840,2023-05-22,UPI
2861,2032,2123,2023-06-02,Debit Card
2862,4756,1753,2023-04-01,Debit Card
2863,6817,842,2023-05-22,Net Banking
2864,2342,3012,2023-06-18,UPI
2865,2024,2405,2023-06-20,Net Banking
2866,1056,1598,2023-06-23,Net Banking
2867,3172,2337,2023-05-24,Credit Card
2868,9171,1996,2023-02-04,UPI
2869,2451,1737,2023-03-29,Credit Card
2870,5859,1445,2023-05-16,Net Banking
2871,7819,2644,2023-05-30,UPI
2872,9326,2124,2023-04-05,Debit Card
2873,1950,3537,2023-06-25,UPI
2874,1495,1345,2023-04-14,Debit Card
2875,4410,4733,2023-03-21,Credit Card
2876,1544,2442,2023-05-05,UPI
2877,3379,572,2023-03-04,UPI
2878,1421,2708,2023-06-05,UPI
2879,6453,3376,2023-04-23,Net Banking
2880,4375,1330,2023-04-24,Debit Card
2881,607,4548,2023-06-07,Credit Card
2882,2450,927,2023-02-27,Debit Card
2883,2696,2030,2023-05-20,UPI
2884,8395,4090,2023-03-20,Debit Card
2885,4787,2942,2023-06-25,UPI
2886,9453,1353,2023-06-26,UPI
2887,8684,4461,2023-06-25,Net Banking
2888,7530,3573,2023-02-16,Net Banking
2889,554,1079,2023-05-24,UPI
2890,7403,3292,2023-05-02,Net Banking
2891,2924,3870,2023-06-12,Credit Card
2892,2323,3650,2023-06-10,Net Banking
2893,4907,2015,2023-06-25,Debit Card
2894,4509,1638,2023-06-27,Debit Card
2895,553,3606,2023-06-29,Credit Card
2896,1058,2038,2023-06-17,Debit Card
2897,5494,4993,2023-06-22,Debit Card
2898,5847,4567,2023-06-23,Credit Card
2899,1000,1227,2023-05-07,Debit Card
2900,400,3540,2023-04-08,Credit Card
2901,7290,1883,2023-02-16,Debit Card
2902,6422,117,2023-06-25,Credit Card
2903,8432,3508,2023-05-02,UPI
2904,7175,363,2023-06-17,Credit Card
2905,5453,397,2023-05-25,UPI
2906,680,4217,2023-05-01,Net Banking
2907,1435,3481,2023-04-07,Credit Card
2908,7856,4774,2023-05-31,UPI
2909,8534,1779,2023-06-28,Debit Card
2910,4031,1378,2023-04-04,UPI
2911,5690,3934,2023-05-04,Credit Card
2912,7320,1233,2023-06-03,Debit Card
2913,9642,846,2023-03-30,Debit Card
2914,2951,3603,2023-04-01,Net Banking
2915,3205,3804,2023-06-18,Credit Card
2916,386,2662,2023-05-17,Net Banking
2917,2993,1533,2023-05-11,Credit Card
2918,7392,2987,2023-06-22,UPI
2919,3427,3114,2023-04-25,Credit Card
2920,6736,2748,2023-04-16,Net Banking
2921,5715,4954,2023-06-01,Net Banking
2922,7224,4255,2023-06-18,UPI
2923,4362,2784,2023-04-24,Credit Card
2924,3785,3643,2023-04-30,Net Banking
2925,5110,3751,2023-06-10,Debit Card
2926,1412,1220,2023-06-12,UPI
2927,2010,1123,2023-04-14,UPI
2928,1610,3511,2023-06-29,Net Banking
2929,6206,141,2023-04-25,UPI
2930,4689,3627,2023-06-08,UPI
2931,4743,2262,2023-06-27,Net Banking
2932,6537,3583,2023-06-08,UPI
2933,1817,1924,2023-06-22,Credit Card
2934,1446,698,2023-06-08,Credit Card
2935,5438,1130,2023-06-25,UPI
2936,2177,1304,2023-04-19,Debit Card
2937,8902,308,2023-06-16,UPI
2938,2437,4746,2023-05-28,Debit Card
2939,6489,4943,2023-05-07,Debit Card
2940,1736,2626,2023-05-21,Debit Card
2941,3260,2893,2023-04-13,Credit Card
2942,398,4889,2023-04-30,Debit Card
2943,7830,4510,2023-04-05,Credit Card
2944,8215,526,2023-06-26,UPI
2945,4859,2619,2023-06-24,Debit Card
2946,2614,4578,2023-05-27,UPI
2947,60,1687,2023-05-10,Debit Card
2948,7286,2379,2023-06-26,Credit Card
2949,9207,915,2023-05-11,Credit Card
2950,9917,4808,2023-05-15,Net Banking
2951,5225,277,2023-06-21,UPI
2952,8962,4562,2023-06-03,Net Banking
2953,7956,2674,2023-06-07,Net Banking
2954,1433,3131,2023-05-01,UPI
2955,9338,3150,2023-06-27,Debit Card
2956,5497,576,2023-06-26,Debit Card
2957,6804,2603,2023-04-10,Net Banking
2958,6460,2551,2023-05-28,Credit Card
2959,7575,3010,2023-05-07,UPI
2960,1968,2829,2023-06-13,Credit Card
2961,4896,2513,2023-05-28,UPI
2962,8558,779,2023-03-21,Net Banking
2963,7392,484,2023-06-28,Debit Card
2964,6416,4513,2023-02-25,Net Banking
2965,4857,2899,2023-05-30,Net Banking
2966,8,950,2023-05-22,Credit Card
2967,4585,4448,2023-05-30,UPI
2968,7392,3410,2023-06-23,UPI
2969,3556,1918,2023-04-03,Debit Card
2970,9668,310,2023-06-27,Net Banking
2971,8809,2175,2023-05-23,UPI
2972,3260,2024,2023-04-25,Debit Card
2973,6110,1485,2023-06-25,Credit Card
2974,4511,2961,2023-06-29,Net Banking
2975,3725,3151,2023-06-23,Net Banking
2976,1216,3087,2023-05-25,Debit Card
2977,9884,1864,2023-05-13,Net Banking
2978,5745,646,2023-03-11,UPI
2979,3449,4752,2023-02-19,Debit Card
2980,6258,4312,2023-05-31,Net Banking
2981,7711,3423,2023-06-20,Debit Card
2982,2815,2449,2023-05-16,Net Banking
2983,7527,2714,2023-06-28,UPI
2984,9252,4092,2023-05-10,Debit Card
2985,5306,4509,2023-04-29,Debit Card
2986,8786,4647,2023-06-07,Debit Card
2987,9606,910,2023-06-23,Credit Card
2988,21,1121,2023-06-24,Debit Card
2989,6004,3249,2023-01-29,Credit Card
2990,930,4104,2023-06-09,UPI
2991,4015,2846,2023-05-27,Net Banking
2992,9432,1469,2023-03-26,UPI
2993,3072,2789,2023-06-11,Net Banking
2994,3260,2385,2023-03-13,Net Banking
2995,5422,4609,2023-02-10,Net Banking
2996,6685,2649,2023-03-21,UPI
2997,4735,4923,2023-06-12,UPI
2998,9477,4731,2023-06-07,UPI
2999,6966,3763,2023-04-19,Net Banking
3000,1400,4430,2023-03-16,Credit Card
3001,2509,4029,2023-06-09,Net Banking
3002,8718,3504,2023-06-19,UPI
3003,1089,3814,2023-06-25,Debit Card
3004,2084,380,2023-04-20,Net Banking
3005,9443,2220,2023-06-25,Debit Card
3006,7113,618,2023-06-01,Debit Card
3007,8282,1900,2023-06-15,UPI
3008,3449,3662,2023-06-25,Debit Card
3009,9484,2906,2023-06-18,Net Banking
3010,7182,2133,2023-06-07,Debit Card
3011,9557,2049,2023-06-18,Debit Card
3012,7631,2929,2023-06-21,Credit Card
3013,562,324,2023-06-06,Debit Card
3014,5867,2597,2023-04-11,Debit Card
3015,8396,2763,2023-02-25,Net Banking
3016,636,246,2023-06-13,Net Banking
3017,9826,4502,2023-06-02,UPI
3018,2073,2126,2023-06-21,Debit Card
3019,1164,2389,2023-06-23,UPI
3020,3039,776,2023-06-03,Debit Card
3021,3551,294,2023-06-26,Credit Card
3022,7208,3904,2023-06-23,Net Banking
3023,2678,2222,2023-06-10,Debit Card
3024,5721,2106,2023-05-17,Net Banking
3025,7198,4608,2023-06-02,Net Banking
3026,5148,193,2023-06-19,Debit Card
3027,3215,567,2023-05-03,Credit Card
3028,7789,4508,2023-06-07,Debit Card
3029,6501,2187,2023-05-18,Debit Card
3030,6812,4178,2023-05-22,Credit Card
3031,2327,1348,2023-06-20,Credit Card
3032,8157,1944,2023-06-26,UPI
3033,5324,1782,2023-05-11,Debit Card
3034,3762,205,2023-02-22,Net Banking
3035,5124,1722,2023-03-25,Credit Card
3036,2719,2583,2023-06-22,UPI
3037,4990,4188,2023-05-29,UPI
3038,4591,4203,2023-06-21,Debit Card
3039,1003,4465,2023-05-20,Net Banking
3040,9380,1761,2023-02-08,Debit Card
3041,4769,3137,2023-04-02,Debit Card
3042,2723,1758,2023-02-20,Net Banking
3043,6995,920,2023-04-23,UPI
3044,6751,2912,2023-05-21,UPI
3045,7744,4679,2023-05-09,Net Banking
3046,9090,3492,2023-06-18,Credit Card
3047,2989,2022,2023-06-29,Net Banking
3048,1088,1997,2023-05-21,UPI
3049,9796,2237,2023-06-03,Debit Card
3050,3006,4330,2023-05-08,UPI
3051,410,3914,2023-06-23,Credit Card
3052,851,4506,2023-06-28,UPI
3053,9996,4890,2023-06-28,Credit Card
3054,5471,839,2023-06-29,Credit Card
3055,363,2524,2023-04-02,Debit Card
3056,5599,4891,2023-04-11,UPI
3057,375,736,2023-06-15,UPI
3058,1394,4348,2023-03-25,Net Banking
3059,9708,3899,2023-06-20,Debit Card
3060,866,954,2023-05-02,Credit Card
3061,3166,3408,2023-05-01,Debit Card
3062,6598,697,2023-03-13,Debit Card
3063,8638,4234,2023-05-30,Net Banking
3064,4087,3648,2023-06-19,Net Banking
3065,2799,1588,2023-05-19,Net Banking
3066,2774,648,2023-03-23,UPI
3067,3395,3712,2023-04-28,Debit Card
3068,1155,2295,2023-06-19,Credit Card
3069,3320,880,2023-05-01,UPI
3070,3996,1880,2023-06-12,Credit Card
3071,1897,3899,2023-05-15,Debit Card
3072,2753,2051,2023-06-18,Credit Card
3073,3083,2129,2023-04-04,Debit Card
3074,9468,4317,2023-06-01,Net Banking
3075,8333,1843,2023-06-26,UPI
3076,5931,3075,2023-06-20,Net Banking
3077,9143,1198,2023-04-23,Credit Card
3078,9105,3427,2023-05-20,UPI
3079,3037,1475,2023-05-22,Credit Card
3080,7306,2434,2023-06-16,UPI
3081,1147,3416,2023-06-23,Credit Card
3082,9017,793,2023-06-17,Credit Card
3083,1537,4689,2023-05-13,Credit Card
3084,2003,2779,2023-05-16,Credit Card
3085,5007,1263,2023-06-14,Debit Card
3086,4064,246,2023-06-16,Net Banking
3087,1428,1523,2023-03-25,Net Banking
3088,9471,4531,2023-05-17,Credit Card
3089,1245,4460,2023-05-18,Credit Card
3090,3899,4678,2023-06-03,UPI
3091,9666,4127,2023-06-27,Debit Card
3092,3225,4052,2023-06-22,Net Banking
3093,322,4250,2023-06-01,Credit Card
3094,4257,4271,2023-05-19,Net Banking
3095,443,2621,2023-05-11,Net Banking
3096,727,4701,2023-05-17,Debit Card
3097,1956,4037,2023-02-13,Net Banking
3098,9842,3548,2023-06-26,Net Banking
3099,4184,2509,2023-05-18,UPI
3100,1653,1640,2023-05-04,Debit Card
3101,2557,1669,2023-05-25,Credit Card
3102,9079,715,2023-06-01,UPI
3103,5607,905,2023-03-20,Credit Card
3104,7214,3755,2023-03-05,Debit Card
3105,1003,1680,2023-05-04,UPI
3106,980,1836,2023-04-02,Net Banking
3107,2684,136,2023-04-12,Credit Card
3108,8588,513,2023-06-06,Credit Card
3109,1390,2899,2023-06-29,Net Banking
3110,1215,2735,2023-06-25,Net Banking
3111,7830,4796,2023-05-06,Net Banking
3112,9742,3828,2023-02-23,UPI
3113,8770,1143,2023-05-02,Credit Card
3114,3374,2512,2023-02-03,Debit Card
3115,6213,904,2023-03-29,Credit Card
3116,4821,4970,2023-06-27,Credit Card
3117,687,1057,2023-06-25,Credit Card
3118,5124,3874,2023-06-17,UPI
3119,6485,1473,2023-06-06,Net Banking
3120,2551,403,2023-06-18,UPI
3121,5962,3295,2023-06-26,Net Banking
3122,6726,3240,2023-02-07,Debit Card
3123,9514,4298,2023-05-30,Credit Card
3124,3342,3185,2023-06-23,Debit Card
3125,9351,4557,2023-06-02,Credit Card
3126,66,3052,2023-06-22,UPI
3127,4553,4628,2023-04-23,Debit Card
3128,1302,2597,2023-04-14,Credit Card
3129,6034,4602,2023-05-14,UPI
3130,3618,2917,2023-06-28,Net Banking
3131,3216,1164,2023-06-29,Net Banking
3132,9795,443,2023-05-31,Credit Card
3133,4544,3481,2023-03-29,Net Banking
3134,7031,856,2023-06-24,UPI
3135,7027,338,2023-05-08,Debit Card
3136,5908,2508,2023-04-16,Net Banking
3137,8000,3975,2023-06-23,Credit Card
3138,8243,2808,2023-06-21,Net Banking
3139,2579,2348,2023-02-09,UPI
3140,514,3789,2023-06-03,UPI
3141,4175,3683,2023-06-29,UPI
3142,3117,2670,2023-06-15,Credit Card
3143,4200,1850,2023-06-26,Debit Card
3144,7894,2252,2023-06-05,Credit Card
3145,3221,2761,2023-06-20,Debit Card
3146,262,3909,2023-04-30,Net Banking
3147,2673,1250,2023-06-27,Debit Card
3148,6103,2792,2023-04-25,Debit Card
3149,1381,1626,2023-06-20,Credit Card
3150,9794,244,2023-06-14,UPI
3151,2157,3522,2023-04-28,Net Banking
3152,7027,4723,2023-05-10,Credit Card
3153,4549,4824,2023-06-26,UPI
3154,6003,2994,2023-02-26,Debit Card
3155,3671,2064,2023-05-11,UPI
3156,5695,3701,2023-04-20,Net Banking
3157,1584,2975,2023-05-05,Credit Card
3158,1025,4521,2023-03-01,UPI
3159,480,3922,2023-06-21,UPI
3160,7414,3039,2023-05-23,Credit Card
3161,3227,3242,2023-03-09,UPI
3162,9644,4212,2023-04-30,Credit Card
3163,8862,4345,2023-06-05,Credit Card
3164,8066,4682,2023-06-28,Net Banking
3165,6329,3004,2023-06-05,Net Banking
3166,7060,4888,2023-05-25,UPI
3167,6689,149,2023-05-31,Net Banking
3168,1598,3189,2023-03-09,Debit Card
3169,8348,1033,2023-06-20,Credit Card
3170,4533,1966,2023-06-28,Debit Card
3171,2573,4624,2023-05-25,Credit Card
3172,9778,2572,2023-05-21,Net Banking
3173,7573,2521,2023-06-23,Credit Card
3174,9399,315,2023-04-22,Debit Card
3175,4739,4185,2023-04-16,Debit Card
3176,9045,2479,2023-06-25,UPI
3177,849,2356,2023-05-27,Net Banking
3178,5979,3686,2023-06-29,Credit Card
3179,5697,3840,2023-06-14,UPI
3180,3184,229,2023-05-13,Debit Card
3181,7592,1966,2023-02-04,Credit Card
3182,3092,2232,2023-03-10,UPI
3183,2213,2990,2023-06-28,Debit Card
3184,594,2490,2023-06-25,Net Banking
3185,4286,4675,2023-06-08,UPI
3186,7022,448,2023-04-10,Credit Card
3187,2020,2068,2023-06-23,Net Banking
3188,7720,1408,2023-04-15,Net Banking
3189,779,4953,2023-04-20,UPI
3190,7530,1517,2023-03-23,UPI
3191,2791,202,2023-05-10,Net Banking
3192,4423,4640,2023-06-29,Net Banking
3193,8747,2686,2023-04-06,UPI
3194,4601,3584,2023-04-12,Net Banking
3195,7226,1819,2023-03-10,Net Banking
3196,4688,601,2023-05-17,Debit Card
3197,7932,1585,2023-02-26,Debit Card
3198,8035,2438,2023-04-13,Debit Card
3199,2170,2741,2023-06-19,Net Banking
3200,1338,657,2023-06-24,Debit Card
3201,7480,2379,2023-02-11,UPI
3202,4827,4170,2023-06-27,UPI
3203,8980,1807,2023-05-28,UPI
3204,2154,1811,2023-06-26,Credit Card
3205,4837,457,2023-01-14,Net Banking
3206,7658,3579,2023-04-10,Debit Card
3207,8825,4293,2023-02-15,Credit Card
3208,5864,1248,2023-06-07,Net Banking
3209,9824,4183,2023-04-15,Debit Card
3210,8173,4932,2023-05-24,UPI
3211,855,4115,2023-06-01,Net Banking
3212,1644,3963,2023-06-18,UPI
3213,18,1916,2023-05-30,Debit Card
3214,4382,2138,2023-05-07,Credit Card
3215,4852,4725,2023-06-20,UPI
3216,597,4300,2023-02-16,Net Banking
3217,8483,4569,2023-06-27,Credit Card
3218,4149,4061,2023-04-20,Net Banking
3219,436,3495,2023-06-06,Debit Card
3220,343,667,2023-06-29,Net Banking
3221,2882,3331,2023-03-26,Net Banking
3222,2985,1361,2023-06-14,UPI
3223,2026,4004,2023-05-04,Debit Card
3224,4584,3432,2023-06-26,Debit Card
3225,7863,4376,2023-05-18,Debit Card
3226,2591,2854,2023-02-13,UPI
3227,1355,4750,2023-06-13,Debit Card
3228,3244,1911,2023-06-01,UPI
3229,4514,2017,2023-06-16,Net Banking
3230,3279,4358,2023-05-09,Credit Card
3231,3345,195,2023-01-08,Net Banking
3232,4423,3773,2023-06-08,Debit Card
3233,1798,4159,2023-06-18,Net Banking
3234,1518,1511,2023-06-17,Debit Card
3235,2194,4701,2023-03-05,Net Banking
3236,7973,1153,2023-06-11,UPI
3237,8483,2683,2023-06-28,UPI
3238,6252,2594,2023-04-22,Credit Card
3239,8555,2811,2023-06-28,UPI
3240,6979,4447,2023-06-08,Net Banking
3241,7424,3127,2023-04-08,UPI
3242,6922,3684,2023-04-28,Net Banking
3243,6936,521,2023-04-18,Debit Card
3244,3110,1006,2023-05-21,Debit Card
3245,5949,4833,2023-05-04,UPI
3246,5170,750,2023-06-25,Debit Card
3247,4854,4388,2023-06-10,Debit Card
3248,1040,1600,2023-06-26,UPI
3249,4343,762,2023-03-29,Debit Card
3250,3006,4609,2023-04-28,Credit Card
3251,1204,2507,2023-04-09,UPI
3252,2989,923,2023-06-20,Debit Card
3253,7266,3148,2023-06-11,UPI
3254,5086,1287,2023-05-27,UPI
3255,9903,1083,2023-06-20,UPI
3256,2669,1403,2023-04-29,Credit Card
3257,2577,4449,2023-06-25,Net Banking
3258,4578,2538,2023-05-18,Debit Card
3259,1536,1727,2023-03-10,Net Banking
3260,2978,4349,2023-06-15,Credit Card
3261,2993,711,2023-04-25,UPI
3262,9683,2694,2023-06-08,Debit Card
3263,5620,4480,2023-05-04,Debit Card
3264,4676,1581,2023-06-27,Credit Card
3265,3085,3599,2023-05-26,Debit Card
3266,9259,1050,2023-06-14,Net Banking
3267,2401,727,2023-06-26,UPI
3268,5411,4780,2023-03-15,Credit Card
3269,6892,1578,2023-05-19,Credit Card
3270,4343,4550,2023-04-22,Credit Card
3271,5471,716,2023-06-25,Net Banking
3272,7944,3555,2023-05-25,Credit Card
3273,6950,1990,2023-05-11,Debit Card
3274,5790,380,2023-04-30,UPI
3275,1524,251,2023-05-21,Debit Card
3276,7392,4478,2023-06-27,Debit Card
3277,5815,1100,2023-06-05,Credit Card
3278,6153,2564,2023-06-08,Credit Card
3279,502,1912,2023-06-09,Credit Card
3280,7827,3571,2023-06-28,Credit Card
3281,6736,4990,2023-03-31,Net Banking
3282,8883,4402,2023-04-27,Credit Card
3283,4423,4654,2023-06-23,Net Banking
3284,7212,2034,2023-04-12,Net Banking
3285,9027,817,2023-04-05,Net Banking
3286,7302,2059,2023-03-06,Debit Card
3287,5491,207,2023-06-24,UPI
3288,407,3550,2023-06-08,UPI
3289,7464,1630,2023-06-26,UPI
3290,8576,3383,2023-02-01,UPI
3291,9665,2013,2023-06-02,Net Banking
3292,9690,3729,2023-05-14,Credit Card
3293,930,2753,2023-06-25,UPI
3294,1847,2042,2023-04-05,Debit Card
3295,1838,3016,2023-06-11,UPI
3296,3225,4317,2023-06-11,Net Banking
3297,4671,1538,2023-06-29,UPI
3298,8112,1278,2023-05-13,UPI
3299,40,2780,2023-06-22,Credit Card
3300,9690,3197,2023-05-16,UPI
3301,3508,882,2023-06-07,Net Banking
3302,1249,1748,2023-06-26,Credit Card
3303,5183,2466,2023-04-19,Debit Card
3304,194,4948,2023-01-09,Net Banking
3305,8104,4604,2023-06-27,Net Banking
3306,8130,3761,2023-04-24,Credit Card
3307,5236,1360,2023-05-26,Net Banking
3308,3163,165,2023-06-23,Net Banking
3309,7868,2865,2023-06-29,Net Banking
3310,9898,2822,2023-05-11,Credit Card
3311,6860,4916,2023-05-08,Credit Card
3312,7212,1108,2023-03-21,Credit Card
3313,2814,1413,2023-06-27,UPI
3314,6689,166,2023-02-22,Net Banking
3315,8193,2332,2023-05-22,Debit Card
3316,1254,4932,2023-04-22,Credit Card
3317,8280,3185,2023-03-10,UPI
3318,7251,3397,2023-06-28,UPI
3319,4994,3446,2023-02-08,Debit Card
3320,8329,307,2023-05-27,UPI
3321,9240,1798,2023-06-22,Debit Card
3322,1527,3111,2023-05-13,Debit Card
3323,9445,4256,2023-03-12,Debit Card
3324,2405,1065,2023-06-12,UPI
3325,3042,652,2023-06-20,Credit Card
3326,4153,3993,2023-06-28,Debit Card
3327,7461,3618,2023-05-20,Debit Card
3328,3792,1600,2023-06-01,Credit Card
3329,3164,4106,2023-02-06,Debit Card
3330,7655,4660,2023-06-17,Debit Card
3331,185,442,2023-01-24,Debit Card
3332,3282,1474,2023-04-27,UPI
3333,323,4683,2023-03-19,Debit Card
3334,1067,1896,2023-06-05,Debit Card
3335,1012,2781,2023-06-02,Debit Card
3336,4351,2464,2023-06-24,Credit Card
3337,7880,1659,2023-06-13,Debit Card
3338,1878,3167,2023-06-20,Debit Card
3339,6364,864,2023-06-27,Debit Card
3340,1242,2581,2023-05-23,Net Banking
3341,6098,1748,2023-06-21,UPI
3342,3726,632,2023-06-28,UPI
3343,2552,4120,2023-06-03,Credit Card
3344,8714,3113,2023-03-12,Net Banking
3345,987,3282,2023-04-22,Credit Card
3346,3615,4044,2023-04-18,Net Banking
3347,5788,4234,2023-04-29,Credit Card
3348,6423,814,2023-05-28,Net Banking
3349,3644,2134,2023-03-18,Debit Card
3350,4455,1908,2023-06-20,Net Banking
3351,7477,717,2023-02-24,Credit Card
3352,8684,3159,2023-06-25,UPI
3353,4382,4299,2023-05-23,Net Banking
3354,8086,657,2023-06-08,UPI
3355,886,2819,2023-05-09,Debit Card
3356,1372,4068,2023-06-19,Net Banking
3357,7432,2921,2023-06-24,Net Banking
3358,9814,1771,2023-03-30,Credit Card
3359,5322,3189,2023-06-28,Credit Card
3360,9232,1472,2023-05-25,UPI
3361,1409,2466,2023-04-03,Net Banking
3362,1833,4604,2023-04-27,Credit Card
3363,8034,2778,2023-05-03,UPI
3364,1261,1482,2023-06-27,Debit Card
3365,689,2870,2023-06-14,UPI
3366,3210,2034,2023-04-16,Net Banking
3367,5607,1121,2023-06-28,Debit Card
3368,4876,1672,2023-01-29,Net Banking
3369,8956,3617,2023-05-13,Net Banking
3370,942,2645,2023-06-28,Debit Card
3371,6176,4183,2023-06-07,UPI
3372,9299,2490,2023-06-15,Debit Card
3373,5090,3322,2023-05-27,Net Banking
3374,9739,4052,2023-06-29,UPI
3375,342,2546,2023-04-17,Net Banking
3376,3880,3340,2023-06-28,Net Banking
3377,7135,4254,2023-05-23,Net Banking
3378,8602,508,2023-04-04,Credit Card
3379,5490,3206,2023-02-25,Debit Card
3380,4028,636,2023-06-09,Credit Card
3381,2060,3776,2023-06-28,UPI
3382,1646,872,2023-05-25,Net Banking
3383,1523,922,2023-06-06,Net Banking
3384,6341,4896,2023-06-25,Debit Card
3385,5409,3665,2023-06-12,UPI
3386,958,4461,2023-06-04,Credit Card
3387,5138,4166,2023-04-11,Debit Card
3388,58,3817,2023-06-29,Net Banking
3389,4141,3473,2023-04-14,Net Banking
3390,9373,2074,2023-06-20,Credit Card
3391,8677,3794,2023-04-19,Net Banking
3392,8683,2265,2023-05-19,Debit Card
3393,1175,788,2023-05-06,UPI
3394,7652,4860,2023-02-07,UPI
3395,654,4288,2023-04-18,Debit Card
3396,2562,110,2023-04-10,UPI
3397,9169,4184,2023-03-10,UPI
3398,8622,2859,2023-05-30,Net Banking
3399,7500,4608,2023-06-23,Credit Card
3400,3148,2805,2023-05-04,Debit Card
3401,7909,3379,2023-06-29,Credit Card
3402,2474,4908,2023-05-19,UPI
3403,5116,2085,2023-06-17,Net Banking
3404,4238,4286,2023-05-24,Debit Card
3405,4035,754,2023-04-15,Debit Card
3406,4209,829,2023-06-17,Credit Card
3407,6132,1735,2023-06-24,Credit Card
3408,769,4037,2023-06-10,Debit Card
3409,4132,1168,2023-06-15,UPI
3410,2845,3748,2023-06-09,UPI
3411,2330,3236,2023-06-23,Net Banking
3412,6232,319,2023-06-17,Net Banking
3413,4941,3852,2023-04-10,Debit Card
3414,6706,1262,2023-05-04,Debit Card
3415,6676,1351,2023-04-29,Net Banking
3416,8923,4591,2023-05-31,Debit Card
3417,7986,1113,2023-06-29,UPI
3418,6722,3250,2023-03-23,Net Banking
3419,9368,2922,2023-05-22,Credit Card
3420,9658,2078,2023-04-12,Credit Card
3421,6489,817,2023-06-11,Credit Card
3422,5992,3889,2023-05-10,Credit Card
3423,233,1811,2023-05-02,Net Banking
3424,6570,3789,2023-06-20,Debit Card
3425,8100,129,2023-06-20,Debit Card
3426,533,2035,2023-03-06,Credit Card
3427,2275,1072,2023-04-13,Credit Card
3428,4500,609,2023-06-28,UPI
3429,9681,1088,2023-04-29,Debit Card
3430,7466,4492,2023-04-29,Net Banking
3431,9598,4211,2023-03-24,Debit Card
3432,3088,2310,2023-06-29,UPI
3433,5901,2681,2023-06-08,Credit Card
3434,6385,1344,2023-06-26,UPI
3435,8034,372,2023-05-18,Net Banking
3436,699,4932,2023-05-29,Net Banking
3437,6812,1632,2023-05-19,Debit Card
3438,4965,3460,2023-06-12,Debit Card
3439,9774,3639,2023-06-25,Credit Card
3440,975,2185,2023-05-28,Debit Card
3441,2519,2251,2023-05-07,Debit Card
3442,7345,4212,2023-04-08,Debit Card
3443,5847,3450,2023-05-29,Net Banking
3444,7487,3547,2023-05-02,Net Banking
3445,6500,4296,2023-06-18,Debit Card
3446,6212,3869,2023-06-01,Credit Card
3447,9084,4864,2023-05-31,Debit Card
3448,6482,3272,2023-04-13,Credit Card
3449,3028,446,2023-06-18,Debit Card
3450,9410,3759,2023-04-28,Credit Card
3451,5291,4251,2023-05-30,Net Banking
3452,451,366,2023-06-26,Debit Card
3453,4725,4968,2023-05-09,UPI
3454,8012,3736,2023-05-28,Net Banking
3455,8766,1041,2023-05-23,UPI
3456,9662,1519,2023-05-30,UPI
3457,702,1494,2023-05-05,Debit Card
3458,9,3586,2023-06-08,Net Banking
3459,7768,4353,2023-06-22,Debit Card
3460,7464,2008,2023-03-17,Net Banking
3461,2713,429,2023-04-28,Net Banking
3462,971,2262,2023-06-11,Debit Card
3463,1114,4789,2023-03-30,UPI
3464,7944,2396,2023-06-29,Credit Card
3465,988,3790,2023-06-15,Debit Card
3466,2696,3118,2023-04-24,Credit Card
3467,1940,2735,2023-03-29,Credit Card
3468,5259,3861,2023-02-23,UPI
3469,8811,247,2023-03-23,Credit Card
3470,6394,2913,2023-06-07,Net Banking
3471,1810,2243,2023-06-27,UPI
3472,4209,4991,2023-05-24,Credit Card
3473,7528,4094,2023-03-14,Credit Card
3474,5580,257,2023-03-26,Credit Card
3475,3060,4208,2023-05-02,Credit Card
3476,8282,906,2023-05-31,Net Banking
3477,4291,2901,2023-05-01,UPI
3478,7175,4943,2023-06-04,Debit Card
3479,4440,345,2023-04-01,Net Banking
3480,9335,3412,2023-05-31,UPI
3481,4626,1640,2023-04-18,Net Banking
3482,3265,3997,2023-05-17,Debit Card
3483,4446,483,2023-06-02,UPI
3484,7807,3508,2023-06-24,Credit Card
3485,1850,3844,2023-04-03,Net Banking
3486,7306,3582,2023-06-02,Credit Card
3487,163,3985,2023-05-28,Net Banking
3488,7036,2990,2023-02-21,Credit Card
3489,8347,1679,2023-05-09,Debit Card
3490,3208,2903,2023-03-16,Debit Card
3491,8684,387,2023-06-11,UPI
3492,1612,2781,2023-04-17,Credit Card
3493,1101,383,2023-05-01,Net Banking
3494,6197,2185,2023-05-31,Credit Card
3495,4182,1560,2023-04-17,Net Banking
3496,7034,1550,2023-05-17,UPI
3497,7909,1927,2023-06-28,Net Banking
3498,6853,3141,2023-04-18,Debit Card
3499,3995,4882,2023-06-11,Credit Card
3500,8799,4609,2023-05-13,UPI
3501,5281,1840,2023-04-21,UPI
3502,3333,112,2023-06-25,Credit Card
3503,1644,2965,2023-06-05,UPI
3504,5327,3572,2023-05-13,Debit Card
3505,8239,4077,2023-05-03,UPI
3506,8252,3177,2023-05-19,Credit Card
3507,2003,4951,2023-04-20,Credit Card
3508,1620,2586,2023-06-22,UPI
3509,2976,233,2023-06-15,Debit Card
3510,4872,3211,2023-05-29,Debit Card
3511,1504,4774,2023-05-29,Net Banking
3512,7912,2017,2023-05-31,UPI
3513,6580,4856,2023-06-13,Credit Card
3514,2459,4047,2023-05-25,Credit Card
3515,9834,518,2023-06-25,Debit Card
3516,7049,1479,2023-04-24,Net Banking
3517,8448,2513,2023-05-29,Debit Card
3518,4526,3056,2023-05-20,Credit Card
3519,8368,1840,2023-05-18,Debit Card
3520,5673,2225,2023-03-11,UPI
3521,1512,1812,2023-03-01,Net Banking
3522,2938,3844,2023-06-25,Debit Card
3523,5009,3161,2023-04-27,Net Banking
3524,4544,713,2023-04-05,Credit Card
3525,1234,4575,2023-05-04,Net Banking
3526,4485,3094,2023-04-15,Debit Card
3527,738,2148,2023-06-28,Credit Card
3528,6161,646,2023-04-02,Debit Card
3529,1155,3741,2023-06-23,UPI
3530,7493,3206,2023-06-21,UPI
3531,8542,4185,2023-02-06,Debit Card
3532,4702,3387,2023-05-27,Net Banking
3533,9723,3958,2023-05-12,UPI
3534,7486,2646,2023-05-02,Credit Card
3535,3996,2417,2023-06-12,Debit Card
3536,8211,4877,2023-05-08,Net Banking
3537,7709,4827,2023-06-15,UPI
3538,1449,4620,2023-06-20,UPI
3539,7369,3671,2023-05-07,Debit Card
3540,7467,1997,2023-03-01,UPI
3541,80,3169,2023-06-09,Net Banking
3542,3892,3088,2023-05-02,Net Banking
3543,6370,4137,2023-02-16,Net Banking
3544,7323,404,2023-06-28,Net Banking
3545,3895,3479,2023-06-13,Net Banking
3546,9530,1743,2023-04-27,UPI
3547,4908,250,2023-05-28,Credit Card
3548,3728,1454,2023-04-24,Debit Card
3549,1131,1384,2023-03-11,Net Banking
3550,5706,1766,2023-05-28,UPI
3551,9127,3794,2023-05-25,UPI
3552,9039,4709,2023-04-29,Net Banking
3553,6905,3207,2023-06-12,UPI
3554,8037,4837,2023-05-01,UPI
3555,8219,3751,2023-01-15,Debit Card
3556,7038,3801,2023-04-09,Net Banking
3557,8748,4051,2023-06-10,UPI
3558,2060,3917,2023-06-25,Debit Card
3559,596,730,2023-06-29,Debit Card
3560,1507,3836,2023-05-19,Debit Card
3561,8463,1353,2023-06-25,Net Banking
3562,7282,4072,2023-06-04,Debit Card
3563,5714,212,2023-05-12,UPI
3564,5174,553,2023-06-27,Debit Card
3565,9655,2757,2023-03-07,UPI
3566,1505,4133,2023-06-24,Debit Card
3567,7017,4021,2023-05-07,Debit Card
3568,5667,2094,2023-06-29,UPI
3569,2368,1789,2023-06-24,Credit Card
3570,8974,1444,2023-03-31,UPI
3571,1717,3354,2023-06-15,Net Banking
3572,9724,1694,2023-06-12,Debit Card
3573,8342,556,2023-05-27,Credit Card
3574,3157,4855,2023-06-11,Credit Card
3575,9474,2572,2023-03-04,UPI
3576,7638,4860,2023-02-11,Net Banking
3577,3551,691,2023-05-31,UPI
3578,4328,4968,2023-06-28,Debit Card
3579,6131,1952,2023-05-02,Debit Card
3580,5549,1649,2023-05-20,Net Banking
3581,2383,4070,2023-05-10,Net Banking
3582,2423,1828,2023-02-28,Debit Card
3583,323,2214,2023-04-02,Debit Card
3584,5583,4253,2023-06-24,UPI
3585,6141,748,2023-06-01,UPI
3586,6338,2941,2023-06-19,UPI
3587,1929,4068,2023-06-07,Net Banking
3588,8460,4671,2023-04-17,Net Banking
3589,2521,2334,2023-03-22,Debit Card
3590,9778,3822,2023-05-26,Credit Card
3591,630,2022,2023-06-24,UPI
3592,322,4328,2023-05-15,Credit Card
3593,9863,3340,2023-06-15,UPI
3594,6366,2295,2023-05-09,Credit Card
3595,8328,976,2023-06-24,Debit Card
3596,2249,1966,2023-04-01,UPI
3597,738,1367,2023-06-22,Net Banking
3598,5997,4347,2023-04-09,Debit Card
3599,7782,4390,2023-03-08,UPI
3600,4188,1691,2023-05-14,UPI
3601,2755,1064,2023-05-30,Credit Card
3602,6100,1807,2023-05-17,UPI
3603,9265,2098,2023-04-12,UPI
3604,8629,4714,2023-03-12,Net Banking
3605,157,2134,2023-06-05,Net Banking
3606,2753,1041,2023-05-08,UPI
3607,4803,1038,2023-05-26,Credit Card
3608,3449,276,2023-05-21,UPI
3609,7083,2785,2023-06-02,Debit Card
3610,7095,4212,2023-05-04,Credit Card
3611,9001,3431,2023-06-06,UPI
3612,5460,4316,2023-06-22,Debit Card
3613,6307,1696,2023-06-06,UPI
3614,1738,841,2023-04-28,Credit Card
3615,6007,1658,2023-04-28,Net Banking
3616,8255,3103,2023-03-31,Debit Card
3617,1944,2496,2023-06-17,Credit Card
3618,2588,637,2023-06-15,UPI
3619,7305,1983,2023-06-26,Credit Card
3620,9530,825,2023-05-05,Debit Card
3621,1029,3080,2023-05-30,Credit Card
3622,9776,4725,2023-03-23,Net Banking
3623,7273,3189,2023-05-04,UPI
3624,8477,162,2023-05-20,Debit Card
3625,5314,3572,2023-06-25,Debit Card
3626,5338,4833,2023-05-13,Debit Card
3627,1887,1704,2023-06-18,Net Banking
3628,2684,628,2023-04-15,UPI
3629,515,1205,2023-04-17,UPI
3630,7487,3107,2023-05-26,Credit Card
3631,5710,247,2023-06-21,Net Banking
3632,9032,2920,2023-06-16,Credit Card
3633,3915,1690,2023-04-07,Debit Card
3634,6055,2224,2023-06-24,Net Banking
3635,4796,1072,2023-04-29,Net Banking
3636,7981,4038,2023-06-15,UPI
3637,2171,344,2023-06-23,UPI
3638,8921,3259,2023-05-12,Net Banking
3639,7629,816,2023-06-26,Debit Card
3640,7467,1559,2023-05-27,Net Banking
3641,575,1660,2023-05-05,Credit Card
3642,7196,1788,2023-05-11,Debit Card
3643,4343,1816,2023-04-11,Debit Card
3644,4248,4163,2023-06-20,Credit Card
3645,780,3906,2023-04-27,Credit Card
3646,3414,1795,2023-06-20,Net Banking
3647,5429,3830,2023-03-20,Debit Card
3648,1833,1973,2023-06-28,Credit Card
3649,3534,4425,2023-05-29,Debit Card
3650,9577,3814,2023-06-20,Net Banking
3651,5093,922,2023-06-07,Net Banking
3652,8407,2113,2023-06-26,Net Banking
3653,6716,4855,2023-06-22,UPI
3654,1729,4918,2023-06-04,Debit Card
3655,8827,4029,2023-06-22,Debit Card
3656,295,4646,2023-02-23,Credit Card
3657,4066,4816,2023-05-08,Net Banking
3658,9767,268,2023-06-10,Net Banking
3659,481,4910,2023-03-10,Credit Card
3660,3899,608,2023-02-12,Net Banking
3661,7418,4857,2023-05-11,Net Banking
3662,3750,4893,2023-06-14,Credit Card
3663,9813,3507,2023-04-16,Net Banking
3664,5515,1447,2023-05-30,Net Banking
3665,3039,440,2023-06-04,Credit Card
3666,8082,2999,2023-03-10,Net Banking
3667,9034,3225,2023-05-13,Credit Card
3668,4019,3435,2023-04-07,Net Banking
3669,9099,3220,2023-06-27,Credit Card
3670,9988,464,2023-02-09,Net Banking
3671,351,2511,2023-06-28,Credit Card
3672,293,3411,2023-06-07,UPI
3673,9598,3257,2023-04-30,Debit Card
3674,4927,2369,2023-06-03,Credit Card
3675,7868,3137,2023-05-21,Net Banking
3676,1285,3507,2023-06-29,UPI
3677,3641,2912,2023-06-07,Credit Card
3678,6040,359,2023-05-04,UPI
3679,4375,2623,2023-05-27,Credit Card
3680,9589,2774,2023-02-09,Credit Card
3681,7015,2138,2023-06-24,UPI
3682,3319,3560,2023-05-24,Debit Card
3683,7513,1885,2023-02-20,UPI
3684,9607,1549,2023-05-13,Debit Card
3685,1838,2235,2023-06-11,Debit Card
3686,2517,4849,2023-06-03,Credit Card
3687,4153,2899,2023-06-28,Credit Card
3688,8888,1547,2023-06-03,Credit Card
3689,846,1294,2023-06-11,Net Banking
3690,6988,2314,2023-06-18,Credit Card
3691,2457,4130,2023-05-27,Credit Card
3692,3208,1538,2023-03-02,Net Banking
3693,2477,2560,2023-06-03,Net Banking
3694,6282,4815,2023-02-20,Net Banking
3695,9076,4300,2023-05-11,Credit Card
3696,6383,264,2023-04-28,Credit Card
3697,7387,950,2023-05-28,UPI
3698,4284,122,2023-06-05,Debit Card
3699,7685,1848,2023-06-29,Credit Card
3700,3312,232,2023-06-23,Net Banking
3701,5774,1227,2023-06-21,UPI
3702,3555,807,2023-06-23,Net Banking
3703,3856,1165,2023-04-17,Net Banking
3704,8999,1498,2023-06-14,Debit Card
3705,9141,1968,2023-05-14,Debit Card
3706,1126,4395,2023-05-06,Debit Card
3707,9529,4831,2023-05-26,UPI
3708,1264,602,2023-03-22,Net Banking
3709,9871,2220,2023-06-01,Credit Card
3710,624,4340,2023-06-18,Net Banking
3711,6202,2349,2023-05-08,UPI
3712,1737,2027,2023-06-27,UPI
3713,301,4719,2023-05-06,Credit Card
3714,2141,2739,2023-03-19,Net Banking
3715,9798,1392,2023-04-01,Net Banking
3716,7159,1881,2023-06-16,Debit Card
3717,4932,4866,2023-06-11,Credit Card
3718,3942,3386,2023-05-05,Credit Card
3719,5623,2236,2023-04-22,Net Banking
3720,7163,2332,2023-02-11,Credit Card
3721,2070,1636,2023-06-04,Debit Card
3722,1374,2985,2023-05-26,UPI
3723,5637,908,2023-06-29,Net Banking
3724,7302,1101,2023-06-06,Net Banking
3725,9032,3118,2023-05-31,Net Banking
3726,1613,4314,2023-02-17,UPI
3727,9123,4759,2023-05-18,UPI
3728,5759,2416,2023-05-13,Debit Card
3729,6259,4311,2023-02-24,Net Banking
3730,1456,978,2023-06-27,UPI
3731,7947,2803,2023-03-06,Net Banking
3732,1918,2529,2023-06-10,Debit Card
3733,4363,4449,2023-03-01,UPI
3734,2540,1490,2023-06-10,Net Banking
3735,7829,2380,2023-06-09,Debit Card
3736,5783,4167,2023-06-16,UPI
3737,4443,2990,2023-03-01,UPI
3738,7660,1379,2023-05-31,Net Banking
3739,5105,358,2023-03-20,UPI
3740,9580,3011,2023-06-16,Debit Card
3741,4446,1570,2023-05-21,Credit Card
3742,5351,2440,2023-01-18,Debit Card
3743,2364,455,2023-06-27,UPI
3744,7611,3107,2023-06-26,Debit Card
3745,4402,2077,2023-06-01,UPI
3746,7922,4163,2023-01-29,Debit Card
3747,9735,3811,2023-05-21,Debit Card
3748,9024,3818,2023-04-18,Debit Card
3749,422,2828,2023-05-30,Debit Card
3750,7373,1824,2023-05-29,UPI
3751,3066,3300,2023-02-05,Net Banking
3752,5178,3534,2023-05-25,Net Banking
3753,3751,4138,2023-03-11,Credit Card
3754,4062,4098,2023-05-18,Net Banking
3755,7712,1132,2023-06-17,Debit Card
3756,930,732,2023-03-23,Debit Card
3757,2776,2090,2023-06-21,UPI
3758,7286,1834,2023-06-07,Credit Card
3759,4955,2519,2023-03-31,Debit Card
3760,4305,2732,2023-06-27,UPI
3761,822,1168,2023-05-24,Debit Card
3762,826,2601,2023-03-07,Credit Card
3763,5610,3289,2023-01-27,Credit Card
3764,8945,1757,2023-04-11,UPI
3765,2990,3491,2023-05-15,UPI
3766,7713,4185,2023-06-22,Net Banking
3767,2921,673,2023-04-10,UPI
3768,2726,4091,2023-03-29,Debit Card
3769,89,2230,2023-04-22,Net Banking
3770,9499,3821,2023-04-29,UPI
3771,8845,3959,2023-06-16,Net Banking
3772,2936,4122,2023-06-28,Net Banking
3773,9137,3130,2023-05-18,Net Banking
3774,2880,743,2023-06-04,Credit Card
3775,9717,496,2023-06-07,Net Banking
3776,3077,2622,2023-01-26,Credit Card
3777,7789,3142,2023-01-31,Net Banking
3778,2972,2818,2023-04-25,Credit Card
3779,7467,2047,2023-03-24,UPI
3780,6015,2353,2023-03-10,Credit Card
3781,5870,4081,2023-02-22,Credit Card
3782,5729,760,2023-05-25,Net Banking
3783,8139,4300,2023-05-29,Debit Card
3784,3502,1041,2023-06-21,Net Banking
3785,4374,2894,2023-06-01,Debit Card
3786,8944,2092,2023-05-29,UPI
3787,7235,4910,2023-06-28,Net Banking
3788,7383,1749,2023-05-08,UPI
3789,626,3439,2023-04-26,UPI
3790,9991,2245,2023-01-03,Debit Card
3791,5259,764,2023-01-28,Net Banking
3792,9820,3093,2023-05-07,Debit Card
3793,6431,4346,2023-06-05,Credit Card
3794,1954,182,2023-05-06,Debit Card
3795,6821,2759,2023-06-21,Net Banking
3796,1940,988,2023-06-10,UPI
3797,8584,1078,2023-05-24,Net Banking
3798,9566,2410,2023-06-12,Debit Card
3799,8090,1424,2023-03-20,Credit Card
3800,1029,4729,2023-06-28,UPI
3801,9267,3374,2023-01-23,Debit Card
3802,5884,1811,2023-06-04,UPI
3803,7746,1879,2023-06-25,Net Banking
3804,7704,4917,2023-04-29,UPI
3805,4408,3317,2023-06-27,Net Banking
3806,4268,668,2023-06-28,Net Banking
3807,5229,1306,2023-06-08,Credit Card
3808,3785,3830,2023-05-22,Net Banking
3809,5278,4512,2023-06-15,Debit Card
3810,3015,1981,2023-03-25,Debit Card
3811,6991,890,2023-03-27,Net Banking
3812,5288,3909,2023-06-11,Net Banking
3813,4881,936,2023-04-30,Credit Card
3814,4664,1810,2023-02-27,UPI
3815,5656,1077,2023-04-20,Credit Card
3816,3903,3837,2023-05-16,Net Banking
3817,4966,2480,2023-06-13,Debit Card
3818,2525,4047,2023-04-11,Net Banking
3819,4687,1996,2023-05-02,Debit Card
3820,2175,1084,2023-06-19,Debit Card
3821,6834,1954,2023-01-25,UPI
3822,9776,2424,2023-06-12,Credit Card
3823,910,717,2023-06-12,Net Banking
3824,5076,787,2023-06-28,UPI
3825,1206,2611,2023-02-10,UPI
3826,3781,3270,2023-05-14,Net Banking
3827,9415,1923,2023-04-22,Credit Card
3828,6876,2000,2023-05-31,Net Banking
3829,6979,4067,2023-05-04,Net Banking
3830,3944,2130,2023-06-06,Debit Card
3831,5722,4213,2023-06-05,Credit Card
3832,1942,3311,2023-06-29,UPI
3833,1787,1212,2023-04-14,Net Banking
3834,8275,4212,2023-05-21,Credit Card
3835,7823,3843,2023-05-28,UPI
3836,1874,3938,2023-06-05,Debit Card
3837,3301,448,2023-06-28,Net Banking
3838,9518,1429,2023-04-22,Net Banking
3839,4911,1213,2023-06-08,Credit Card
3840,9716,3489,2023-06-10,Debit Card
3841,975,4552,2023-03-21,Credit Card
3842,6047,452,2023-05-17,UPI
3843,2147,379,2023-06-15,Debit Card
3844,3736,1956,2023-04-22,Credit Card
3845,7718,3878,2023-03-31,Credit Card
3846,3628,4949,2023-06-24,Debit Card
3847,4340,2539,2023-02-26,UPI
3848,9760,4061,2023-06-03,Debit Card
3849,3532,1880,2023-06-18,Debit Card
3850,6157,2733,2023-06-23,UPI
3851,5420,784,2023-02-13,UPI
3852,8039,4377,2023-04-14,Debit Card
3853,116,3585,2023-06-26,Debit Card
3854,3122,1687,2023-05-22,UPI
3855,6672,3732,2023-06-23,Debit Card
3856,6427,1527,2023-06-28,UPI
3857,1703,4293,2023-04-19,Debit Card
3858,3643,1681,2023-05-29,Credit Card
3859,6139,4466,2023-02-14,Net Banking
3860,4490,3498,2023-06-24,Net Banking
3861,4951,3558,2023-06-11,Credit Card
3862,9991,364,2023-06-27,Credit Card
3863,8825,4292,2023-05-04,Debit Card
3864,7106,212,2023-05-30,Credit Card
3865,1674,3162,2023-05-27,UPI
3866,9620,2969,2023-03-20,Credit Card
3867,5488,3715,2023-05-08,Debit Card
3868,264,4525,2023-06-12,Net Banking
3869,2839,1867,2023-06-27,Net Banking
3870,8449,766,2023-05-07,UPI
3871,9690,1416,2023-04-26,Credit Card
3872,6467,3599,2023-03-16,UPI
3873,1544,904,2023-04-15,Net Banking
3874,2303,2465,2023-06-28,Debit Card
3875,408,206,2023-04-04,Net Banking
3876,15,2734,2023-06-27,Net Banking
3877,7131,700,2023-05-01,Debit Card
3878,9240,3752,2023-06-05,Net Banking
3879,9103,1078,2023-06-13,Debit Card
3880,4305,3305,2023-06-09,Net Banking
3881,947,3768,2023-06-24,Credit Card
3882,2619,3784,2023-06-20,Net Banking
3883,6006,2012,2023-05-26,UPI
3884,1874,3902,2023-06-05,Debit Card
3885,8570,3838,2023-02-06,Debit Card
3886,9080,681,2023-05-03,Credit Card
3887,3875,1331,2023-06-28,Debit Card
3888,7552,324,2023-06-06,Debit Card
3889,9721,362,2023-06-28,Debit Card
3890,6891,1494,2023-04-07,Debit Card
3891,4689,1205,2023-02-20,Credit Card
3892,5649,534,2023-05-14,Net Banking
3893,9445,382,2023-03-17,Credit Card
3894,583,1502,2023-06-20,Net Banking
3895,7606,3888,2023-06-29,Credit Card
3896,4585,3415,2023-06-08,Net Banking
3897,1260,4902,2023-04-19,Credit Card
3898,8387,1422,2023-06-09,Credit Card
3899,8642,2211,2023-02-07,Credit Card
3900,4506,3779,2023-05-08,Debit Card
3901,7331,632,2023-05-18,Credit Card
3902,1664,498,2023-05-20,Net Banking
3903,2196,4327,2023-05-03,UPI
3904,4725,3533,2023-06-20,Net Banking
3905,9153,1303,2023-03-04,Net Banking
3906,2152,4290,2023-06-22,Credit Card
3907,525,2662,2023-06-18,Net Banking
3908,2888,1901,2023-05-16,Credit Card
3909,8873,4386,2023-05-11,UPI
3910,8859,643,2023-05-02,Net Banking
3911,4875,2133,2023-05-14,Debit Card
3912,7011,461,2023-06-13,Debit Card
3913,9466,3076,2023-04-18,Net Banking
3914,5667,3582,2023-06-29,Net Banking
3915,3703,4290,2023-06-13,Credit Card
3916,1348,3376,2023-06-29,Credit Card
3917,1751,1178,2023-05-29,Net Banking
3918,7487,353,2023-05-21,Net Banking
3919,3319,4746,2023-05-29,Credit Card
3920,2060,4726,2023-06-29,Credit Card
3921,5041,3484,2023-04-09,Credit Card
3922,5324,3031,2023-05-26,Debit Card
3923,1379,1264,2023-06-24,UPI
3924,9305,722,2023-05-08,Debit Card
3925,3107,2922,2023-02-19,UPI
3926,9348,255,2023-06-23,Debit Card
3927,5343,4778,2023-06-23,Debit Card
3928,8304,543,2023-05-27,Credit Card
3929,7611,830,2023-06-28,Net Banking
3930,2445,785,2023-05-27,Debit Card
3931,547,2092,2023-03-04,UPI
3932,7677,1943,2023-06-07,Debit Card
3933,4548,122,2023-04-23,Debit Card
3934,1660,1043,2023-03-16,Credit Card
3935,2623,4643,2023-06-29,UPI
3936,5561,4005,2023-06-20,Debit Card
3937,8723,1662,2023-02-17,Debit Card
3938,5024,2833,2023-05-22,UPI
3939,3156,1265,2023-01-24,UPI
3940,3775,1461,2023-06-26,Net Banking
3941,4858,290,2023-06-25,Credit Card
3942,331,3296,2023-05-19,Credit Card
3943,8571,2867,2023-05-14,Credit Card
3944,3817,1038,2023-06-18,Net Banking
3945,8171,2331,2023-06-12,Debit Card
3946,6999,1449,2023-06-27,Debit Card
3947,9519,4239,2023-06-23,UPI
3948,2230,860,2023-06-01,Debit Card
3949,9720,1226,2023-06-12,Debit Card
3950,889,1838,2023-06-12,Credit Card
3951,8,4598,2023-05-13,Credit Card
3952,7677,4153,2023-02-17,Debit Card
3953,1895,4337,2023-05-23,UPI
3954,8433,511,2023-06-18,Net Banking
3955,4039,3150,2023-06-23,Debit Card
3956,7026,1049,2023-06-13,Net Banking
3957,6549,104,2023-06-18,UPI
3958,2978,2510,2023-06-29,Debit Card
3959,2936,2488,2023-06-23,UPI
3960,8284,703,2023-03-15,Debit Card
3961,7115,3641,2023-06-15,UPI
3962,551,4264,2023-06-24,Credit Card
3963,4739,2408,2023-02-28,Debit Card
3964,7477,3871,2023-04-30,Debit Card
3965,6157,735,2023-06-20,UPI
3966,8838,1666,2023-05-31,Debit Card
3967,2326,1138,2023-05-17,Credit Card
3968,4508,421,2023-04-16,UPI
3969,5798,3910,2023-06-18,Debit Card
3970,4813,2573,2023-03-06,UPI
3971,7642,4848,2023-06-28,UPI
3972,6231,1078,2023-06-12,UPI
3973,3770,134,2023-06-03,Debit Card
3974,893,1607,2023-03-17,UPI
3975,5928,1595,2023-05-18,Debit Card
3976,7894,916,2023-06-13,Net Banking
3977,4380,3628,2023-06-19,Credit Card
3978,6591,2864,2023-01-26,Debit Card
3979,6322,1025,2023-06-20,Net Banking
3980,5088,3139,2023-06-21,Net Banking
3981,4842,2476,2023-01-27,Debit Card
3982,7918,3489,2023-05-18,UPI
3983,9502,3948,2023-06-28,Credit Card
3984,8406,3514,2023-03-05,Credit Card
3985,5248,2218,2023-06-21,Credit Card
3986,6874,4483,2023-05-03,UPI
3987,6280,1085,2023-04-19,Credit Card
3988,7484,814,2023-06-13,Debit Card
3989,7014,4574,2023-06-11,Debit Card
3990,3032,2859,2023-06-24,Credit Card
3991,6603,3628,2023-05-02,UPI
3992,6739,475,2023-05-02,Debit Card
3993,2355,3123,2023-06-18,Net Banking
3994,2806,1792,2023-05-10,UPI
3995,6307,3863,2023-03-18,Credit Card
3996,6032,3970,2023-02-18,Debit Card
3997,9085,2750,2023-06-26,Net Banking
3998,4081,3901,2023-06-06,UPI
3999,2557,715,2023-05-13,UPI
4000,4273,1807,2023-06-27,UPI
4001,2924,4185,2023-05-24,UPI
4002,3913,4065,2023-04-28,UPI
4003,7719,297,2023-06-20,Debit Card
4004,5975,1279,2023-06-26,Net Banking
4005,7225,2112,2023-04-25,UPI
4006,4366,3361,2023-06-28,Debit Card
4007,9290,4833,2023-05-26,Debit Card
4008,6690,4272,2023-05-21,Net Banking
4009,7434,1245,2023-06-09,Net Banking
4010,7019,3315,2023-04-01,UPI
4011,2659,858,2023-05-14,Credit Card
4012,5798,4276,2023-05-15,Credit Card
4013,541,4084,2023-01-27,Credit Card
4014,4366,2867,2023-05-17,Debit Card
4015,7849,1807,2023-06-02,UPI
4016,2825,1416,2023-06-03,Net Banking
4017,4471,1978,2023-04-30,Net Banking
4018,6477,3105,2023-06-26,UPI
4019,322,3507,2023-05-09,Credit Card
4020,4721,3167,2023-06-13,Net Banking
4021,5838,819,2023-06-27,Net Banking
4022,4962,4765,2023-06-08,Net Banking
4023,7494,1810,2023-05-03,Net Banking
4024,4122,407,2023-06-21,Debit Card
4025,7781,687,2023-05-08,Debit Card
4026,9742,4085,2023-06-18,Debit Card
4027,2352,2222,2023-06-25,Debit Card
4028,3353,2321,2023-04-17,Debit Card
4029,5786,1010,2023-05-27,Credit Card
4030,9659,743,2023-06-21,Debit Card
4031,6718,4315,2023-06-08,Credit Card
4032,4086,640,2023-01-23,Debit Card
4033,4447,2389,2023-05-23,UPI
4034,7845,2997,2023-04-19,UPI
4035,8002,4316,2023-06-13,Credit Card
4036,4779,2802,2023-05-22,Debit Card
4037,1521,2250,2023-05-27,Debit Card
4038,9390,1372,2023-06-07,Debit Card
4039,2723,2173,2023-04-30,Net Banking
4040,5624,3977,2023-06-07,Net Banking
4041,4557,4118,2023-05-28,Net Banking
4042,7872,1998,2023-06-09,Net Banking
4043,9331,791,2023-05-17,Debit Card
4044,2401,3291,2023-06-27,Net Banking
4045,7101,4954,2023-06-09,Debit Card
4046,5531,261,2023-04-11,Credit Card
4047,9796,373,2023-06-19,Credit Card
4048,4779,3639,2023-06-10,Debit Card
4049,5429,926,2023-02-25,Credit Card
4050,752,4618,2023-03-22,Credit Card
4051,4659,3180,2023-05-20,Credit Card
4052,7383,4848,2023-06-26,Net Banking
4053,8943,2668,2023-05-09,Debit Card
4054,8477,495,2023-06-29,UPI
4055,1190,4741,2023-05-28,Debit Card
4056,9242,4318,2023-06-15,Net Banking
4057,7025,4127,2023-06-19,UPI
4058,1450,4165,2023-04-24,Credit Card
4059,4576,3842,2023-06-17,Net Banking
4060,1863,2768,2023-04-19,UPI
4061,4463,3895,2023-06-14,UPI
4062,3869,3906,2023-06-19,Debit Card
4063,2843,1829,2023-05-19,UPI
4064,5743,1891,2023-06-07,Debit Card
4065,7306,4899,2023-06-12,Credit Card
4066,52,1075,2023-06-10,Debit Card
4067,9243,2302,2023-05-15,Credit Card
4068,5780,3759,2023-03-30,Net Banking
4069,7196,3262,2023-06-09,UPI
4070,7515,3494,2023-03-08,Credit Card
4071,5494,3662,2023-06-17,Debit Card
4072,4183,4238,2023-06-05,UPI
4073,3767,3541,2023-02-25,UPI
4074,9484,4538,2023-06-17,Credit Card
4075,7785,4287,2023-03-28,UPI
4076,6240,3077,2023-05-24,Net Banking
4077,744,1577,2023-05-18,Net Banking
4078,8726,3000,2023-04-04,Debit Card
4079,9760,1144,2023-05-16,Credit Card
4080,866,3861,2023-03-06,UPI
4081,5572,4334,2023-06-29,Net Banking
4082,1607,2082,2023-06-15,UPI
4083,7201,1256,2023-05-18,Debit Card
4084,6993,4911,2023-05-09,UPI
4085,5549,1730,2023-06-06,UPI
4086,6280,1983,2023-03-29,Credit Card
4087,3529,2125,2023-03-16,Net Banking
4088,5034,2770,2023-05-17,Credit Card
4089,4081,3793,2023-06-13,Credit Card
4090,6430,1906,2023-05-18,Net Banking
4091,5268,605,2023-06-25,Credit Card
4092,8238,403,2023-06-15,Debit Card
4093,7723,4067,2023-06-23,UPI
4094,9799,2222,2023-05-17,Debit Card
4095,1341,1877,2023-06-25,UPI
4096,1205,115,2023-06-28,UPI
4097,4366,3241,2023-04-26,Debit Card
4098,5798,4631,2023-05-20,Credit Card
4099,8338,914,2023-02-24,Debit Card
4100,835,388,2023-06-13,UPI
4101,2558,2336,2023-06-08,UPI
4102,5992,3598,2023-06-06,UPI
4103,3852,3557,2023-06-24,Credit Card
4104,3251,2978,2023-06-26,Credit Card
4105,2011,2892,2023-06-04,Debit Card
4106,301,1396,2023-05-08,Net Banking
4107,689,3316,2023-05-30,UPI
4108,5243,1305,2023-06-10,Net Banking
4109,9158,195,2023-06-28,Net Banking
4110,7872,851,2023-05-25,UPI
4111,2751,3846,2023-05-05,Net Banking
4112,7377,2069,2023-05-27,Debit Card
4113,3982,2931,2023-04-23,Net Banking
4114,671,1819,2023-06-25,Debit Card
4115,1705,2248,2023-05-23,Net Banking
4116,726,465,2023-04-16,Debit Card
4117,5224,1251,2023-05-24,Credit Card
4118,22,4426,2023-06-11,Net Banking
4119,7690,3634,2023-05-01,Credit Card
4120,4604,4224,2023-05-23,UPI
4121,50,2125,2023-05-13,Net Banking
4122,4559,260,2023-06-20,Net Banking
4123,5669,2225,2023-06-20,Credit Card
4124,274,1729,2023-06-07,Credit Card
4125,4640,2837,2023-06-12,Net Banking
4126,2920,3467,2023-06-13,Net Banking
4127,9191,4303,2023-06-17,Debit Card
4128,789,4373,2023-05-25,UPI
4129,640,1922,2023-05-09,Credit Card
4130,9789,566,2023-05-23,UPI
4131,1496,2569,2023-06-26,Debit Card
4132,8974,4646,2023-06-05,Net Banking
4133,4689,2159,2023-02-19,Debit Card
4134,45,3621,2023-06-28,UPI
4135,8875,686,2023-01-26,UPI
4136,3736,3623,2023-04-11,UPI
4137,2348,3130,2023-06-03,Net Banking
4138,431,2870,2023-05-22,Net Banking
4139,9871,3546,2023-03-17,UPI
4140,6462,2999,2023-06-14,Debit Card
4141,73,187,2023-06-12,UPI
4142,8244,3840,2023-04-30,Net Banking
4143,4171,913,2023-01-25,UPI
4144,8975,1274,2023-05-20,Debit Card
4145,571,3849,2023-06-27,Net Banking
4146,6265,2891,2023-04-23,Debit Card
4147,4582,356,2023-05-31,Credit Card
4148,9534,3517,2023-05-04,Net Banking
4149,5116,4854,2023-06-26,Debit Card
4150,6271,3293,2023-05-28,Credit Card
4151,2132,1253,2023-02-28,Credit Card
4152,9580,2162,2023-03-02,Net Banking
4153,8164,4087,2023-06-16,Credit Card
4154,5975,2533,2023-06-20,UPI
4155,438,3976,2023-04-26,Net Banking
4156,1173,675,2023-02-17,UPI
4157,7054,3933,2023-05-27,Net Banking
4158,4257,3007,2023-01-13,Credit Card
4159,1431,135,2023-05-31,Credit Card
4160,1868,592,2023-06-28,UPI
4161,7061,1955,2023-06-08,Credit Card
4162,7738,3230,2023-05-30,Credit Card
4163,826,2272,2023-02-19,Net Banking
4164,2943,3945,2023-05-15,Net Banking
4165,9903,530,2023-06-27,Credit Card
4166,4530,3110,2023-05-01,Credit Card
4167,2939,185,2023-04-19,Debit Card
4168,4520,665,2023-05-03,Credit Card
4169,1690,2846,2023-06-06,UPI
4170,8802,4404,2023-06-20,Debit Card
4171,4487,1072,2023-06-12,UPI
4172,6656,3743,2023-04-24,Debit Card
4173,902,4416,2023-05-29,UPI
4174,129,113,2023-06-16,Net Banking
4175,7935,4331,2023-06-12,UPI
4176,9903,4699,2023-06-11,Debit Card
4177,4638,967,2023-06-03,Debit Card
4178,2907,1994,2023-05-26,Debit Card
4179,4155,3631,2023-06-07,UPI
4180,814,1357,2023-06-18,UPI
4181,9328,102,2023-05-20,Net Banking
4182,6268,1101,2023-05-27,Debit Card
4183,904,3802,2023-04-25,Debit Card
4184,8762,4098,2023-06-15,Net Banking
4185,9008,1532,2023-04-22,Net Banking
4186,3967,4285,2023-06-17,Credit Card
4187,7424,4757,2023-02-27,Credit Card
4188,102,3402,2023-04-26,Credit Card
4189,9761,439,2023-06-25,Net Banking
4190,6604,3797,2023-05-22,Debit Card
4191,2457,4883,2023-05-05,Debit Card
4192,8503,2119,2023-05-04,Net Banking
4193,1943,1469,2023-01-27,UPI
4194,5138,158,2023-05-13,Credit Card
4195,6957,1402,2023-06-20,Net Banking
4196,7271,1533,2023-05-09,Net Banking
4197,2104,884,2023-06-03,Credit Card
4198,9741,1964,2023-03-23,Net Banking
4199,6355,354,2023-05-11,Net Banking
4200,5000,4899,2023-03-15,Credit Card
4201,343,4278,2023-06-24,Net Banking
4202,6715,4616,2023-06-21,Net Banking
4203,6887,856,2023-06-26,Debit Card
4204,5462,238,2023-05-03,Debit Card
4205,7016,4755,2023-06-08,Net Banking
4206,6928,3794,2023-06-15,UPI
4207,966,2367,2023-06-24,Credit Card
4208,9015,1871,2023-03-06,Debit Card
4209,5430,3529,2023-01-21,Debit Card
4210,6628,3010,2023-03-26,Credit Card
4211,835,1832,2023-06-04,Debit Card
4212,7177,2883,2023-06-05,Credit Card
4213,9491,2132,2023-05-11,Credit Card
4214,8391,528,2023-05-14,Credit Card
4215,9076,4407,2023-05-23,Credit Card
4216,1521,3956,2023-06-16,Credit Card
4217,1164,4133,2023-05-24,Debit Card
4218,1874,3132,2023-06-27,UPI
4219,7322,466,2023-05-26,Debit Card
4220,8511,4663,2023-06-16,Debit Card
4221,583,596,2023-06-21,Net Banking
4222,5789,3259,2023-05-05,Credit Card
4223,2136,1272,2023-05-21,Debit Card
4224,4305,3525,2023-05-22,Debit Card
4225,8584,3678,2023-04-10,UPI
4226,9243,3734,2023-06-20,Net Banking
4227,7719,4483,2023-06-24,Credit Card
4228,6607,842,2023-05-31,Credit Card
4229,3012,3596,2023-05-25,Debit Card
4230,6492,2162,2023-06-11,Debit Card
4231,9988,508,2023-05-27,Net Banking
4232,8940,1895,2023-05-10,UPI
4233,204,1749,2023-06-26,Credit Card
4234,7435,1717,2023-06-18,Credit Card
4235,6652,1337,2023-05-30,Net Banking
4236,547,2595,2023-06-13,Debit Card
4237,2989,3786,2023-06-28,Debit Card
4238,2926,1232,2023-05-03,UPI
4239,3893,212,2023-02-10,Net Banking
4240,9618,2458,2023-06-19,Credit Card
4241,7861,565,2023-06-18,Net Banking
4242,9921,3383,2023-06-16,UPI
4243,771,4231,2023-05-30,UPI
4244,2996,3168,2023-03-03,Credit Card
4245,39,3609,2023-04-09,Debit Card
4246,6694,4053,2023-02-12,UPI
4247,1929,4090,2023-03-07,Debit Card
4248,1343,568,2023-06-25,Net Banking
4249,4541,2872,2023-04-24,Debit Card
4250,1705,1540,2023-06-28,Credit Card
4251,6149,456,2023-06-06,Credit Card
4252,578,969,2023-04-12,UPI
4253,6719,3368,2023-06-16,Credit Card
4254,7727,1201,2023-04-07,Debit Card
4255,8985,1222,2023-06-13,Debit Card
4256,7863,4389,2023-06-04,Credit Card
4257,4106,351,2023-05-08,UPI
4258,3307,2476,2023-03-14,Credit Card
4259,9351,3006,2023-05-30,UPI
4260,5441,4687,2023-06-25,UPI
4261,1817,1394,2023-06-01,Net Banking
4262,9518,655,2023-06-07,Credit Card
4263,1564,3366,2023-04-09,Net Banking
4264,4354,1734,2023-04-09,Credit Card
4265,3058,2762,2023-04-17,Credit Card
4266,4838,905,2023-06-22,Credit Card
4267,5453,2260,2023-06-10,Debit Card
4268,2949,897,2023-06-29,Debit Card
4269,6004,4523,2023-02-03,Net Banking
4270,4349,2493,2023-05-30,UPI
4271,6458,4663,2023-06-23,Credit Card
4272,3055,1413,2023-06-29,Net Banking
4273,3133,1048,2023-06-24,UPI
4274,3535,1619,2023-05-08,Credit Card
4275,5419,1073,2023-06-26,Net Banking
4276,2056,2970,2023-05-13,UPI
4277,4455,467,2023-06-19,Debit Card
4278,2994,1731,2023-06-16,Credit Card
4279,7889,3609,2023-04-11,Net Banking
4280,7429,4564,2023-06-29,UPI
4281,4307,568,2023-06-26,Credit Card
4282,7707,1970,2023-03-13,UPI
4283,3261,1164,2023-06-06,Net Banking
4284,421,2465,2023-06-19,Debit Card
4285,6507,3309,2023-04-28,Net Banking
4286,3378,1835,2023-04-10,Net Banking
4287,8163,3231,2023-03-21,Credit Card
4288,2441,535,2023-05-08,UPI
4289,6356,4314,2023-06-29,Net Banking
4290,1717,2281,2023-06-18,Net Banking
4291,5430,1125,2023-01-15,Debit Card
4292,5557,3189,2023-04-29,UPI
4293,2075,2724,2023-03-29,UPI
4294,2463,4752,2023-04-15,Net Banking
4295,3462,1220,2023-04-08,Net Banking
4296,87,3569,2023-05-30,Credit Card
4297,4191,2811,2023-06-22,Net Banking
4298,7576,2881,2023-06-03,Credit Card
4299,3990,1319,2023-06-01,UPI
4300,8843,4132,2023-06-25,Net Banking
4301,2142,3362,2023-06-13,Debit Card
4302,9607,3876,2023-05-09,Credit Card
4303,8059,1808,2023-06-29,UPI
4304,3001,1940,2023-06-13,UPI
4305,5641,1962,2023-05-14,Credit Card
4306,5264,2289,2023-05-29,UPI
4307,9797,3476,2023-06-03,UPI
4308,3120,4655,2023-06-25,Credit Card
4309,160,729,2023-06-04,Debit Card
4310,8578,4114,2023-06-20,Debit Card
4311,1038,183,2023-06-20,UPI
4312,6905,511,2023-03-20,Net Banking
4313,198,2990,2023-06-16,UPI
4314,8947,3742,2023-06-15,UPI
4315,9646,4025,2023-04-09,Credit Card
4316,1821,2457,2023-05-19,Net Banking
4317,6695,4415,2023-06-22,Credit Card
4318,9625,2102,2023-06-27,Net Banking
4319,8427,1175,2023-05-08,UPI
4320,5813,100,2023-05-27,Credit Card
4321,8403,3399,2023-06-17,Net Banking
4322,3339,796,2023-06-06,Debit Card
4323,8198,1948,2023-03-10,Net Banking
4324,3749,597,2023-04-21,Debit Card
4325,9468,997,2023-05-30,UPI
4326,5906,795,2023-06-24,Credit Card
4327,5380,4664,2023-03-25,Net Banking
4328,7440,4350,2023-02-18,Net Banking
4329,5034,4832,2023-03-24,UPI
4330,9588,4669,2023-06-14,UPI
4331,1078,3460,2023-06-29,Net Banking
4332,1779,2452,2023-06-28,UPI
4333,5460,740,2023-06-20,UPI
4334,1702,3138,2023-05-06,Debit Card
4335,5133,3664,2023-04-04,Net Banking
4336,2003,4898,2023-04-05,UPI
4337,5740,1832,2023-05-05,Net Banking
4338,8859,2235,2023-06-07,Credit Card
4339,8712,1283,2023-02-18,Debit Card
4340,2037,3191,2023-04-08,Credit Card
4341,1707,342,2023-02-27,Debit Card
4342,6726,2876,2023-06-26,Debit Card
4343,663,4740,2023-03-16,Credit Card
4344,7834,3765,2023-06-29,Net Banking
4345,975,3694,2023-02-17,Credit Card
4346,3352,1112,2023-05-19,Debit Card
4347,6427,152,2023-06-27,UPI
4348,2755,1459,2023-06-12,UPI
4349,7306,1838,2023-04-15,Net Banking
4350,2126,2178,2023-06-16,Debit Card
4351,8101,2421,2023-04-05,Credit Card
4352,5170,3357,2023-06-14,Debit Card
4353,8297,4237,2023-06-29,Credit Card
4354,8166,306,2023-06-19,Debit Card
4355,4526,3112,2023-03-06,Net Banking
4356,4042,2441,2023-04-27,Debit Card
4357,8485,2730,2023-04-16,Credit Card
4358,1808,2274,2023-06-27,Debit Card
4359,836,2693,2023-04-08,Debit Card
4360,33,4857,2023-06-26,Debit Card
4361,9477,1416,2023-02-28,UPI
4362,536,2516,2023-05-31,Net Banking
4363,8334,4138,2023-06-17,Net Banking
4364,8450,1659,2023-06-18,UPI
4365,2832,1541,2023-06-27,UPI
4366,1359,2593,2023-06-29,Debit Card
4367,3361,4385,2023-04-05,UPI
4368,9510,1632,2023-04-05,Net Banking
4369,5465,1448,2023-06-18,Credit Card
4370,6400,1246,2023-04-28,Debit Card
4371,540,2035,2023-05-30,Net Banking
4372,408,1853,2023-06-04,Net Banking
4373,6006,3057,2023-03-19,UPI
4374,6227,3816,2023-06-29,Debit Card
4375,9724,2178,2023-06-19,Credit Card
4376,2056,4865,2023-05-12,Debit Card
4377,7978,1655,2023-06-17,Credit Card
4378,2342,600,2023-06-26,Credit Card
4379,2728,1145,2023-06-12,Net Banking
4380,22,2845,2023-03-09,Net Banking
4381,503,967,2023-03-26,Net Banking
4382,44,3402,2023-02-06,UPI
4383,1273,174,2023-05-16,Debit Card
4384,2751,2505,2023-05-23,Credit Card
4385,903,3611,2023-06-29,Debit Card
4386,6606,886,2023-04-20,Credit Card
4387,70,4434,2023-05-15,Net Banking
4388,1285,657,2023-04-13,Credit Card
4389,8134,558,2023-05-19,Credit Card
4390,2620,3078,2023-03-05,Credit Card
4391,4044,2525,2023-06-26,Net Banking
4392,8571,652,2023-02-02,UPI
4393,1464,3631,2023-05-04,Credit Card
4394,5302,3396,2023-04-27,Net Banking
4395,4311,3330,2023-06-12,Credit Card
4396,3088,3101,2023-06-26,Credit Card
4397,4509,4839,2023-06-08,Net Banking
4398,9693,2166,2023-04-07,UPI
4399,5454,4195,2023-04-02,Credit Card
4400,306,2511,2023-06-27,Net Banking
4401,6258,480,2023-05-04,Debit Card
4402,6205,2258,2023-06-08,Debit Card
4403,7266,4420,2023-06-21,UPI
4404,7366,4838,2023-03-17,Credit Card
4405,1953,3496,2023-03-14,Net Banking
4406,3541,4945,2023-06-27,UPI
4407,8164,4373,2023-06-26,Credit Card
4408,9740,1252,2023-03-19,Credit Card
4409,4880,3026,2023-05-25,Net Banking
4410,9531,2402,2023-06-18,UPI
4411,8307,1972,2023-06-19,Net Banking
4412,6869,2375,2023-06-18,UPI
4413,8508,2942,2023-04-28,UPI
4414,8135,1238,2023-06-13,Debit Card
4415,5225,4998,2023-06-18,UPI
4416,8678,1248,2023-04-03,Net Banking
4417,6648,1914,2023-06-09,Credit Card
4418,3356,186,2023-06-17,UPI
4419,5752,2176,2023-06-13,Credit Card
4420,7945,790,2023-05-29,Net Banking
4421,6400,1788,2023-04-13,Debit Card
4422,5701,3675,2023-06-28,Net Banking
4423,1090,2544,2023-05-18,Debit Card
4424,8649,1683,2023-06-08,Debit Card
4425,6791,630,2023-02-28,Net Banking
4426,407,4572,2023-05-10,UPI
4427,1825,4292,2023-05-16,UPI
4428,616,3558,2023-06-19,Debit Card
4429,2720,4139,2023-04-09,Debit Card
4430,5449,2317,2023-04-19,Credit Card
4431,6576,438,2023-06-24,Credit Card
4432,5603,4717,2023-05-22,Credit Card
4433,9920,1598,2023-04-06,UPI
4434,4197,2857,2023-06-19,Credit Card
4435,4649,3676,2023-03-31,Credit Card
4436,7761,1811,2023-05-22,Net Banking
4437,2642,2386,2023-06-14,Net Banking
4438,8993,1374,2023-05-05,UPI
4439,9418,2388,2023-06-06,Debit Card
4440,7341,1634,2023-05-10,Debit Card
4441,8710,3225,2023-05-23,UPI
4442,4323,2184,2023-05-09,Net Banking
4443,2814,551,2023-06-05,Credit Card
4444,3720,1009,2023-05-18,Debit Card
4445,8631,3821,2023-06-29,Debit Card
4446,1997,3046,2023-06-28,Net Banking
4447,8398,4983,2023-05-13,Net Banking
4448,435,1698,2023-03-28,UPI
4449,5299,203,2023-04-02,Debit Card
4450,9541,4688,2023-06-19,Net Banking
4451,313,4483,2023-05-26,Debit Card
4452,27,1838,2023-06-01,Net Banking
4453,9930,1508,2023-06-18,Credit Card
4454,1762,2493,2023-04-30,Debit Card
4455,9861,1276,2023-06-29,Net Banking
4456,6790,3278,2023-05-02,Credit Card
4457,8395,1587,2023-04-30,Debit Card
4458,4452,1610,2023-04-04,Net Banking
4459,4990,2148,2023-05-13,Debit Card
4460,6866,499,2023-06-21,Credit Card
4461,6170,4009,2023-03-22,Net Banking
4462,5231,3152,2023-04-22,Credit Card
4463,3056,1219,2023-05-29,Credit Card
4464,1429,3823,2023-05-08,Credit Card
4465,7163,4308,2023-06-29,Credit Card
4466,1208,1321,2023-06-18,Credit Card
4467,6537,4306,2023-06-28,Debit Card
4468,978,2152,2023-04-17,Credit Card
4469,370,1286,2023-05-19,Debit Card
4470,6084,1834,2023-05-13,Debit Card
4471,2792,2127,2023-06-25,UPI
4472,5690,1724,2023-06-08,Net Banking
4473,2733,2257,2023-06-27,Net Banking
4474,777,4055,2023-06-17,Credit Card
4475,8945,4599,2023-03-23,Credit Card
4476,2792,2456,2023-06-24,Net Banking
4477,9336,3831,2023-06-13,Credit Card
4478,3253,3350,2023-04-12,Net Banking
4479,2606,4866,2023-06-24,Net Banking
4480,5805,1680,2023-05-07,UPI
4481,7270,4691,2023-01-12,Net Banking
4482,570,1178,2023-06-29,Debit Card
4483,5560,2065,2023-06-29,UPI
4484,721,2921,2023-06-03,UPI
4485,7645,1362,2023-06-07,UPI
4486,2431,4913,2023-06-12,Net Banking
4487,4269,1467,2023-05-27,Credit Card
4488,4304,4272,2023-06-22,Net Banking
4489,4829,2882,2023-05-17,Credit Card
4490,4379,523,2023-06-01,UPI
4491,6332,4310,2023-06-27,Net Banking
4492,8917,3814,2023-06-06,Net Banking
4493,9406,4917,2023-06-14,Credit Card
4494,4133,1056,2023-04-08,Net Banking
4495,7055,4910,2023-05-09,Credit Card
4496,6251,1215,2023-01-24,Credit Card
4497,7403,3770,2023-06-07,Net Banking
4498,4976,777,2023-06-11,Net Banking
4499,157,375,2023-05-14,Net Banking
4500,7485,415,2023-06-12,UPI
4501,5750,4706,2023-06-08,Net Banking
4502,1595,562,2023-04-06,UPI
4503,9118,645,2023-06-24,Debit Card
4504,4791,550,2023-06-03,Debit Card
4505,5912,4034,2023-06-29,Net Banking
4506,3802,1748,2023-06-07,Debit Card
4507,8101,2010,2023-03-31,Debit Card
4508,7201,2694,2023-06-09,Debit Card
4509,1879,1032,2023-04-12,UPI
4510,4019,3212,2023-04-13,Net Banking
4511,4347,1158,2023-06-29,Net Banking
4512,616,4786,2023-04-27,Net Banking
4513,940,2920,2023-05-24,Net Banking
4514,6293,284,2023-06-29,Net Banking
4515,1868,1748,2023-05-29,Credit Card
4516,2229,1881,2023-06-06,Net Banking
4517,9402,3382,2023-06-28,UPI
4518,2551,3848,2023-06-05,Net Banking
4519,6323,1782,2023-03-26,UPI
4520,3943,1218,2023-05-11,Debit Card
4521,4936,4249,2023-06-05,UPI
4522,7808,4531,2023-05-10,UPI
4523,9689,2694,2023-05-30,Debit Card
4524,8651,4119,2023-05-28,Debit Card
4525,7833,2964,2023-06-22,Debit Card
4526,122,4204,2023-06-21,Credit Card
4527,3152,781,2023-04-20,Net Banking
4528,8400,2733,2023-06-27,Debit Card
4529,2074,3469,2023-06-01,Net Banking
4530,7075,809,2023-06-29,UPI
4531,466,639,2023-06-06,Credit Card
4532,1606,3168,2023-04-17,Net Banking
4533,5740,3597,2023-02-02,Debit Card
4534,9549,313,2023-06-02,Net Banking
4535,7395,4706,2023-05-04,Net Banking
4536,4688,3612,2023-05-25,Debit Card
4537,9829,4841,2023-04-18,Debit Card
4538,7849,3791,2023-05-02,Debit Card
4539,3556,1979,2023-03-21,Credit Card
4540,3697,159,2023-05-21,UPI
4541,6200,4708,2023-01-31,Credit Card
4542,3814,2679,2023-06-26,Credit Card
4543,2774,3064,2023-05-29,Debit Card
4544,2818,1634,2023-04-19,Debit Card
4545,3928,1322,2023-06-05,Net Banking
4546,5520,438,2023-04-03,Credit Card
4547,9725,3843,2023-05-05,Debit Card
4548,1421,709,2023-02-23,Debit Card
4549,7486,4061,2023-05-17,Net Banking
4550,1154,241,2023-06-20,Debit Card
4551,709,3229,2023-06-23,Credit Card
4552,9854,694,2023-03-14,Net Banking
4553,5349,1219,2023-06-29,Debit Card
4554,3703,4829,2023-06-18,Credit Card
4555,111,2559,2023-02-17,Credit Card
4556,6437,2422,2023-05-20,Credit Card
4557,7306,2523,2023-04-11,Net Banking
4558,4379,3124,2023-06-20,Credit Card
4559,123,3640,2023-05-16,Debit Card
4560,6142,1950,2023-06-18,Net Banking
4561,3032,1479,2023-05-13,Credit Card
4562,7222,791,2023-05-04,Credit Card
4563,6448,4075,2023-06-20,UPI
4564,9930,2462,2023-06-25,Debit Card
4565,1025,2101,2023-05-19,UPI
4566,3203,1801,2023-03-31,Debit Card
4567,4855,1071,2023-06-11,Debit Card
4568,7787,2966,2023-03-30,Net Banking
4569,7943,3034,2023-06-07,Credit Card
4570,1064,1455,2023-06-28,Net Banking
4571,1549,2041,2023-03-03,Debit Card
4572,9535,158,2023-05-23,Net Banking
4573,3967,3915,2023-06-28,Net Banking
4574,7269,837,2023-05-06,Net Banking
4575,9616,4535,2023-05-19,Credit Card
4576,6598,3979,2023-06-12,Debit Card
4577,9776,2787,2023-04-13,Net Banking
4578,1932,569,2023-05-13,Net Banking
4579,2252,2082,2023-02-16,Debit Card
4580,8876,1607,2023-03-03,UPI
4581,3166,2266,2023-05-03,Net Banking
4582,9077,2215,2023-04-06,Debit Card
4583,4567,3582,2023-06-09,Debit Card
4584,506,906,2023-06-09,Net Banking
4585,5411,900,2023-05-28,UPI
4586,3001,4051,2023-05-22,Net Banking
4587,7723,432,2023-06-18,Debit Card
4588,1715,3074,2023-06-10,Net Banking
4589,9066,1454,2023-05-04,UPI
4590,9793,1299,2023-05-11,Net Banking
4591,1887,2809,2023-05-03,Debit Card
4592,8432,3675,2023-05-17,Credit Card
4593,3476,624,2023-04-27,Credit Card
4594,3521,1060,2023-06-24,UPI
4595,2088,3427,2023-05-30,Net Banking
4596,6158,4263,2023-06-12,Debit Card
4597,8242,3087,2023-04-22,Credit Card
4598,641,2492,2023-06-16,Credit Card
4599,9521,4346,2023-06-28,Net Banking
4600,9858,382,2023-06-25,Debit Card
4601,683,2194,2023-06-29,UPI
4602,411,4321,2023-03-21,Credit Card
4603,8787,1580,2023-06-25,Net Banking
4604,1427,598,2023-05-23,Credit Card
4605,6656,1389,2023-03-06,Net Banking
4606,9675,2986,2023-03-26,Net Banking
4607,6661,285,2023-06-24,Credit Card
4608,349,4703,2023-06-12,Debit Card
4609,5060,1196,2023-05-22,Net Banking
4610,9594,889,2023-06-12,Credit Card
4611,5843,2745,2023-05-26,Debit Card
4612,332,4593,2023-06-23,Debit Card
4613,4976,1644,2023-06-20,Net Banking
4614,9231,4493,2023-05-04,Debit Card
4615,4390,310,2023-03-29,Net Banking
4616,2643,4945,2023-06-08,Debit Card
4617,2243,3864,2023-06-04,Debit Card
4618,5814,805,2023-04-14,Debit Card
4619,4026,1375,2023-05-05,UPI
4620,1140,269,2023-06-25,Net Banking
4621,5760,2354,2023-06-04,Credit Card
4622,7981,1457,2023-05-17,Net Banking
4623,3248,4569,2023-06-09,Net Banking
4624,5260,3412,2023-05-19,UPI
4625,4262,2791,2023-03-26,Credit Card
4626,5027,4514,2023-06-12,Net Banking
4627,5775,910,2023-05-30,UPI
4628,3981,126,2023-05-05,Credit Card
4629,8767,3894,2023-06-15,UPI
4630,1051,3841,2023-05-22,Debit Card
4631,7441,862,2023-05-25,Net Banking
4632,5484,1222,2023-04-15,Debit Card
4633,8578,651,2023-06-12,UPI
4634,3780,4566,2023-06-17,Net Banking
4635,4440,2436,2023-05-08,Credit Card
4636,8813,4120,2023-06-16,UPI
4637,9086,4118,2023-04-14,Credit Card
4638,1847,201,2023-06-16,Net Banking
4639,8157,4516,2023-06-29,UPI
4640,4064,2292,2023-06-09,Credit Card
4641,1841,3181,2023-06-14,Debit Card
4642,984,2947,2023-01-17,Debit Card
4643,428,2335,2023-04-30,Net Banking
4644,1264,2583,2023-05-16,UPI
4645,4086,2629,2023-04-03,UPI
4646,1842,4848,2023-05-24,Debit Card
4647,2993,3581,2023-05-07,Credit Card
4648,6719,4251,2023-03-15,Net Banking
4649,1021,508,2023-06-17,Net Banking
4650,4153,4560,2023-06-29,Credit Card
4651,9459,3323,2023-06-27,UPI
4652,6423,2591,2023-06-01,Debit Card
4653,798,3358,2023-06-05,Credit Card
4654,7579,576,2023-06-19,Net Banking
4655,8940,2201,2023-05-23,Net Banking
4656,6169,4490,2023-05-20,Credit Card
4657,4108,3804,2023-03-05,Net Banking
4658,6892,1305,2023-05-16,Debit Card
4659,3559,3444,2023-06-15,UPI
4660,5731,3006,2023-06-13,Credit Card
4661,3304,2710,2023-04-13,Net Banking
4662,9148,700,2023-04-19,Net Banking
4663,8947,1114,2023-06-14,Credit Card
4664,264,1059,2023-06-06,Credit Card
4665,4366,195,2023-05-16,Credit Card
4666,7275,4262,2023-05-16,Net Banking
4667,5979,2854,2023-06-21,Net Banking
4668,533,2571,2023-06-05,Net Banking
4669,811,330,2023-05-13,Debit Card
4670,9089,2820,2023-03-28,Debit Card
4671,6838,483,2023-05-30,Net Banking
4672,8449,3108,2023-05-15,UPI
4673,3243,3040,2023-06-29,Debit Card
4674,1392,4016,2023-06-10,Net Banking
4675,3060,4086,2023-06-19,Debit Card
4676,8526,2896,2023-06-09,Credit Card
4677,4941,1289,2023-04-30,Net Banking
4678,1793,4565,2023-06-18,Net Banking
4679,4118,873,2023-06-16,Net Banking
4680,5437,252,2023-06-04,UPI
4681,5183,1928,2023-04-09,Debit Card
4682,287,365,2023-02-12,Credit Card
4683,2815,3611,2023-03-30,UPI
4684,9222,3455,2023-06-21,UPI
4685,6606,3131,2023-05-24,Credit Card
4686,3986,1294,2023-05-29,UPI
4687,4874,1503,2023-06-18,Debit Card
4688,5813,1856,2023-05-24,Credit Card
4689,8888,1035,2023-06-10,UPI
4690,8154,3830,2023-06-28,UPI
4691,8967,233,2023-05-06,UPI
4692,7818,4591,2023-06-25,UPI
4693,6323,2776,2023-06-16,Debit Card
4694,1201,4139,2023-05-04,Net Banking
4695,6156,593,2023-06-25,Credit Card
4696,2139,1575,2023-04-22,Debit Card
4697,2110,1964,2023-02-03,Net Banking
4698,2637,4533,2023-06-28,Credit Card
4699,1060,2950,2023-06-26,Net Banking
4700,3279,4931,2023-04-09,Debit Card
4701,5549,2936,2023-03-23,Net Banking
4702,3511,3098,2023-06-12,Credit Card
4703,9238,1263,2023-06-19,Credit Card
4704,2312,1281,2023-03-13,Debit Card
4705,8835,153,2023-02-19,Credit Card
4706,2110,4088,2023-05-18,Credit Card
4707,9164,645,2023-06-09,Net Banking
4708,137,139,2023-05-20,Net Banking
4709,8828,2024,2023-05-29,UPI
4710,3726,3614,2023-06-15,Debit Card
4711,6858,2063,2023-06-19,Net Banking
4712,6712,3180,2023-06-11,UPI
4713,3972,777,2023-05-15,UPI
4714,6098,2248,2023-06-02,Debit Card
4715,409,3471,2023-03-31,UPI
4716,574,3184,2023-06-02,Net Banking
4717,525,2096,2023-06-14,Debit Card
4718,6804,4550,2023-04-20,UPI
4719,2076,2083,2023-05-26,UPI
4720,804,2739,2023-03-12,UPI
4721,6079,2939,2023-06-09,UPI
4722,1273,2229,2023-04-22,Credit Card
4723,3107,1825,2023-06-28,Debit Card
4724,6805,4713,2023-06-09,Net Banking
4725,8720,4004,2023-06-08,Net Banking
4726,5340,189,2023-05-08,Net Banking
4727,7106,1087,2023-06-13,Debit Card
4728,3256,129,2023-06-28,Debit Card
4729,9063,420,2023-05-22,Credit Card
4730,3866,2696,2023-04-04,Debit Card
4731,1329,1391,2023-06-10,Credit Card
4732,9808,1315,2023-04-18,Debit Card
4733,783,4069,2023-05-15,Debit Card
4734,8368,2186,2023-05-19,Debit Card
4735,7818,4350,2023-06-17,Net Banking
4736,2647,414,2023-03-12,UPI
4737,6612,4983,2023-05-07,UPI
4738,4624,2397,2023-05-22,Credit Card
4739,4505,255,2023-04-18,UPI
4740,7341,280,2023-05-06,Net Banking
4741,2566,1556,2023-05-07,UPI
4742,8407,3566,2023-06-23,Debit Card
4743,9295,2973,2023-06-14,Credit Card
4744,5134,1104,2023-03-13,Debit Card
4745,2364,988,2023-02-22,Net Banking
4746,5327,415,2023-05-19,Debit Card
4747,4049,2384,2023-06-11,Net Banking
4748,298,3626,2023-05-20,UPI
4749,8361,2327,2023-05-20,Net Banking
4750,3666,732,2023-06-01,UPI
4751,4957,3081,2023-06-07,UPI
4752,1503,1440,2023-05-08,Credit Card
4753,7003,1162,2023-06-09,Credit Card
4754,194,623,2023-05-03,Credit Card
4755,8345,651,2023-06-16,Credit Card
4756,8082,4753,2023-05-30,Credit Card
4757,4202,2571,2023-06-15,Net Banking
4758,9227,3584,2023-05-23,Debit Card
4759,2032,2196,2023-05-25,Credit Card
4760,1827,2548,2023-06-19,Credit Card
4761,9761,2067,2023-06-21,Net Banking
4762,4202,3068,2023-06-16,Net Banking
4763,7406,4620,2023-06-28,UPI
4764,1930,102,2023-04-14,Credit Card
4765,7421,226,2023-06-17,Debit Card
4766,6860,4935,2023-05-26,UPI
4767,6603,883,2023-01-29,Net Banking
4768,779,3417,2023-03-05,Debit Card
4769,5917,4748,2023-06-29,Net Banking
4770,8819,2328,2023-04-24,UPI
4771,4375,2875,2023-06-07,Net Banking
4772,6624,1750,2023-01-25,UPI
4773,8817,2866,2023-06-14,UPI
4774,4951,3984,2023-05-13,Debit Card
4775,9182,1370,2023-06-05,Debit Card
4776,1174,4671,2023-06-29,Debit Card
4777,4321,313,2023-05-18,UPI
4778,5450,399,2023-06-02,Debit Card
4779,753,316,2023-04-17,UPI
4780,5912,3895,2023-06-29,Debit Card
4781,1321,539,2023-06-22,Credit Card
4782,4867,608,2023-06-29,Net Banking
4783,1114,4682,2023-03-21,Credit Card
4784,8255,1332,2023-04-25,Debit Card
4785,6850,995,2023-06-13,Net Banking
4786,6604,2588,2023-05-09,Credit Card
4787,6537,915,2023-06-28,Credit Card
4788,9600,4275,2023-01-06,UPI
4789,5276,4352,2023-06-06,Credit Card
4790,9989,2699,2023-06-18,UPI
4791,8551,1541,2023-04-19,Net Banking
4792,5713,1789,2023-04-15,UPI
4793,8051,797,2023-05-24,Net Banking
4794,3427,3530,2023-03-13,Debit Card
4795,1192,4549,2023-06-13,Debit Card
4796,9598,3298,2023-05-15,Debit Card
4797,1793,4879,2023-06-22,Credit Card
4798,3864,4497,2023-06-24,Net Banking
4799,5316,653,2023-04-10,UPI
4800,1516,3977,2023-06-18,Net Banking
4801,3866,3655,2023-05-05,Net Banking
4802,1109,4548,2023-05-24,Credit Card
4803,615,1903,2023-03-28,Net Banking
4804,2471,1207,2023-05-27,Debit Card
4805,5928,2949,2023-05-28,Debit Card
4806,1640,3244,2023-06-24,Debit Card
4807,6895,2103,2023-03-30,Debit Card
4808,3274,3062,2023-05-21,Debit Card
4809,2884,1053,2023-01-30,UPI
4810,1273,3959,2023-01-31,Debit Card
4811,7290,1545,2023-04-30,Debit Card
4812,7973,3438,2023-05-09,Net Banking
4813,9793,4682,2023-04-02,UPI
4814,5843,2590,2023-05-26,Net Banking
4815,131,1482,2023-05-02,Debit Card
4816,9240,4374,2023-06-16,UPI
4817,122,2990,2023-05-18,Credit Card
4818,2016,2176,2023-04-15,Debit Card
4819,6796,3772,2023-05-07,Debit Card
4820,9760,4920,2023-05-13,Debit Card
4821,7205,4631,2023-05-01,Net Banking
4822,8182,718,2023-06-13,UPI
4823,7604,1818,2023-06-06,UPI
4824,8614,199,2023-05-24,Credit Card
4825,8290,2174,2023-06-02,Debit Card
4826,9465,829,2023-06-25,Debit Card
4827,9032,867,2023-06-10,Net Banking
4828,1456,4286,2023-06-18,Net Banking
4829,1839,1555,2023-03-11,UPI
4830,644,151,2023-06-24,Credit Card
4831,4089,1047,2023-06-13,Debit Card
4832,25,2498,2023-06-11,Debit Card
4833,3020,4587,2023-06-05,UPI
4834,2921,1041,2023-01-31,UPI
4835,152,1794,2023-03-21,Credit Card
4836,7023,4744,2023-05-28,UPI
4837,7823,4401,2023-06-10,UPI
4838,1862,1772,2023-05-16,UPI
4839,1992,4836,2023-05-12,Debit Card
4840,2480,168,2023-06-13,Net Banking
4841,9406,4056,2023-05-29,Debit Card
4842,1025,3822,2023-02-14,Debit Card
4843,8087,1862,2023-06-08,Credit Card
4844,1917,2425,2023-04-30,Credit Card
4845,9707,818,2023-06-05,Credit Card
4846,2011,2044,2023-06-26,Net Banking
4847,6464,1606,2023-06-23,Credit Card
4848,6728,3859,2023-03-19,UPI
4849,7587,1796,2023-06-12,Debit Card
4850,34,4981,2023-06-17,Credit Card
4851,7235,2352,2023-06-27,Net Banking
4852,3856,4207,2023-05-06,Net Banking
4853,754,2006,2023-03-25,Net Banking
4854,8657,1267,2023-06-11,Net Banking
4855,8843,1396,2023-06-08,Net Banking
4856,2818,170,2023-06-02,Credit Card
4857,1407,1841,2023-03-02,Credit Card
4858,442,2039,2023-02-21,UPI
4859,2532,3953,2023-06-29,UPI
4860,4028,2790,2023-06-20,Credit Card
4861,6502,3013,2023-06-21,Debit Card
4862,5385,3433,2023-05-28,Credit Card
4863,8186,3466,2023-06-24,Net Banking
4864,8638,4793,2023-05-30,Net Banking
4865,9675,4211,2023-04-06,UPI
4866,9923,4216,2023-06-23,Net Banking
4867,7712,3117,2023-06-22,Credit Card
4868,1465,2454,2023-05-06,UPI
4869,7834,276,2023-06-29,Debit Card
4870,9188,3635,2023-06-20,Debit Card
4871,2438,4873,2023-01-15,UPI
4872,2299,4911,2023-06-11,Credit Card
4873,9162,2999,2023-04-27,Debit Card
4874,4205,3913,2023-01-24,UPI
4875,7746,2984,2023-06-23,UPI
4876,7034,1306,2023-06-26,Net Banking
4877,3812,3458,2023-03-28,Debit Card
4878,3414,4142,2023-06-13,UPI
4879,2209,4680,2023-05-06,UPI
4880,7435,4101,2023-06-15,UPI
4881,4855,3942,2023-06-27,UPI
4882,644,1540,2023-06-22,Net Banking
4883,96,1855,2023-04-21,Credit Card
4884,129,3951,2023-05-29,Net Banking
4885,2297,1005,2023-05-01,Debit Card
4886,5612,652,2023-06-02,Debit Card
4887,5575,1436,2023-06-25,UPI
4888,6507,1535,2023-01-21,Debit Card
4889,9720,4720,2023-06-17,UPI
4890,6666,3473,2023-05-10,Debit Card
4891,7609,4042,2023-06-13,Debit Card
4892,7035,4091,2023-06-08,Net Banking
4893,7629,2568,2023-06-27,Credit Card
4894,1324,2205,2023-06-15,Debit Card
4895,7716,1139,2023-05-25,Net Banking
4896,2016,1358,2023-05-13,Net Banking
4897,278,1667,2023-05-31,Net Banking
4898,7331,842,2023-06-03,UPI
4899,8517,194,2023-06-29,UPI
4900,8224,454,2023-05-25,Debit Card
4901,7583,1714,2023-06-22,Net Banking
4902,7239,4912,2023-06-29,Net Banking
4903,345,3057,2023-05-20,Net Banking
4904,8427,581,2023-05-29,Net Banking
4905,5789,1348,2023-02-27,Debit Card
4906,4402,826,2023-04-13,Credit Card
4907,3508,3974,2023-06-06,Debit Card
4908,5571,2073,2023-06-05,Debit Card
4909,2503,4139,2023-06-20,Debit Card
4910,8985,350,2023-06-14,Debit Card
4911,5435,4446,2023-06-27,Debit Card
4912,8004,831,2023-05-10,Net Banking
4913,7189,4912,2023-03-06,Debit Card
4914,7495,3982,2023-06-14,UPI
4915,3636,4647,2023-06-16,Net Banking
4916,4452,1711,2023-05-21,Debit Card
4917,8274,4470,2023-06-10,UPI
4918,2492,3233,2023-06-28,Debit Card
4919,5013,1179,2023-02-11,Debit Card
4920,5315,3496,2023-06-19,Credit Card
4921,1942,2192,2023-06-22,Credit Card
4922,9573,747,2023-05-07,Debit Card
4923,1367,4169,2023-06-07,UPI
4924,1492,3754,2023-06-29,UPI
4925,3320,2508,2023-03-23,Debit Card
4926,6897,2579,2023-06-17,Credit Card
4927,9301,1938,2023-05-21,Net Banking
4928,1228,4292,2023-02-13,Debit Card
4929,2972,345,2023-06-16,UPI
4930,5488,443,2023-06-24,UPI
4931,6254,3092,2023-05-23,Credit Card
4932,690,200,2023-05-26,Credit Card
4933,2626,826,2023-05-19,UPI
4934,1171,3669,2023-06-28,Net Banking
4935,6381,2010,2023-03-11,Debit Card
4936,7629,2784,2023-06-29,Debit Card
4937,9455,4674,2023-05-06,Debit Card
4938,4136,4037,2023-06-28,Debit Card
4939,4783,1860,2023-06-29,Debit Card
4940,2923,1212,2023-06-10,Debit Card
4941,8935,499,2023-06-28,Debit Card
4942,7573,1395,2023-04-05,Credit Card
4943,3541,3602,2023-06-29,Net Banking
4944,888,2233,2023-05-15,Debit Card
4945,2994,3539,2023-01-25,UPI
4946,390,4920,2023-05-04,Net Banking
4947,1595,1288,2023-05-06,UPI
4948,6732,3453,2023-06-12,UPI
4949,7724,4886,2023-06-26,Credit Card
4950,9127,3353,2023-06-26,UPI
4951,2326,2656,2023-04-02,Net Banking
4952,4113,3818,2023-03-24,Debit Card
4953,8375,2733,2023-05-18,Net Banking
4954,2820,881,2023-06-12,Debit Card
4955,2284,4509,2023-06-25,Net Banking
4956,6125,3862,2023-06-06,Credit Card
4957,3297,3382,2023-04-07,UPI
4958,9209,336,2023-06-05,Debit Card
4959,4238,3980,2023-06-04,Credit Card
4960,4649,1139,2023-05-18,Credit Card
4961,1033,698,2023-02-07,Credit Card
4962,183,515,2023-03-20,Net Banking
4963,9760,1865,2023-06-26,Credit Card
4964,3866,3838,2023-03-17,Net Banking
4965,6003,2304,2023-06-08,UPI
4966,6897,3115,2023-04-03,Credit Card
4967,2610,607,2023-06-08,Net Banking
4968,8181,1139,2023-06-10,Net Banking
4969,1707,551,2023-01-29,Net Banking
4970,1312,4367,2023-06-21,UPI
4971,3351,4418,2023-03-13,Credit Card
4972,9984,2059,2023-04-29,Net Banking
4973,4384,2825,2023-06-22,Credit Card
4974,6585,2157,2023-05-27,UPI
4975,626,4273,2023-05-27,Debit Card
4976,6871,843,2023-04-01,Net Banking
4977,1820,2460,2023-02-17,Debit Card
4978,2993,4872,2023-04-30,Net Banking
4979,846,3483,2023-05-10,UPI
4980,409,2028,2023-04-06,Debit Card
4981,2294,3349,2023-06-06,Net Banking
4982,4783,639,2023-06-20,Net Banking
4983,8838,2159,2023-06-09,UPI
4984,5669,2735,2023-06-13,Net Banking
4985,7058,3768,2023-03-10,Debit Card
4986,5412,1532,2023-06-26,Debit Card
4987,4841,447,2023-06-29,Credit Card
4988,6614,3787,2023-04-08,Net Banking
4989,7046,1110,2023-06-28,Debit Card
4990,3059,1448,2023-04-05,Debit Card
4991,5454,2046,2023-06-01,UPI
4992,6144,1705,2023-06-06,Debit Card
4993,8602,4316,2023-02-04,UPI
4994,2829,4714,2023-06-20,Net Banking
4995,2437,916,2023-06-25,Debit Card
4996,3943,3455,2023-06-13,Net Banking
4997,9854,4744,2023-04-29,UPI
4998,7224,404,2023-06-24,Net Banking
4999,8043,4259,2023-06-06,Debit Card
5000,6834,424,2023-04-10,Net Banking
5001,7106,3319,2023-06-03,Net Banking
5002,7239,4991,2023-06-29,Debit Card
5003,8785,377,2023-05-11,Credit Card
5004,2508,155,2023-06-10,Debit Card
5005,8670,4587,2023-05-13,Net Banking
5006,895,143,2023-04-29,Credit Card
5007,5547,552,2023-06-29,Debit Card
5008,6642,3652,2023-05-01,Credit Card
5009,9765,1206,2023-03-29,Net Banking
5010,4882,4685,2023-06-25,Net Banking
5011,9914,2353,2023-06-13,UPI
5012,5714,2862,2023-06-25,Debit Card
5013,8784,124,2023-05-17,Debit Card
5014,1164,982,2023-06-26,UPI
5015,7697,623,2023-05-17,Debit Card
5016,5057,1512,2023-06-22,Credit Card
5017,2414,805,2023-06-12,Credit Card
5018,8675,935,2023-06-16,Debit Card
5019,3794,4441,2023-05-20,Debit Card
5020,4860,4107,2023-03-17,Credit Card
5021,4605,2237,2023-06-05,UPI
5022,6829,4706,2023-05-14,Debit Card
5023,9873,1454,2023-03-19,Debit Card
5024,9046,4044,2023-06-01,UPI
5025,9727,4220,2023-05-02,Debit Card
5026,1305,134,2023-04-13,Credit Card
5027,5967,1222,2023-05-24,Credit Card
5028,9039,3310,2023-04-27,Net Banking
5029,2558,3925,2023-05-02,UPI
5030,5259,2948,2023-04-07,Debit Card
5031,2303,4493,2023-06-14,Debit Card
5032,2896,1147,2023-04-03,Debit Card
5033,8020,2604,2023-06-01,UPI
5034,1720,840,2023-06-21,Debit Card
5035,7824,173,2023-06-09,Debit Card
5036,1113,4578,2023-05-02,Net Banking
5037,3013,2429,2023-06-28,Debit Card
5038,870,4290,2023-05-27,UPI
5039,6039,3654,2023-05-13,UPI
5040,7823,2944,2023-05-22,UPI
5041,980,3674,2023-05-13,UPI
5042,6539,3671,2023-06-29,UPI
5043,2836,3270,2023-04-26,UPI
5044,5586,3648,2023-06-18,UPI
5045,9089,2056,2023-04-15,Credit Card
5046,4702,585,2023-06-11,UPI
5047,4882,2558,2023-06-28,UPI
5048,6219,1403,2023-06-24,Net Banking
5049,9401,1314,2023-06-19,Debit Card
5050,4956,3845,2023-05-28,Debit Card
5051,3226,1346,2023-06-26,Debit Card
5052,3134,1743,2023-05-19,Credit Card
5053,1643,4524,2023-05-17,Debit Card
5054,7995,320,2023-04-22,Debit Card
5055,1912,1862,2023-02-24,UPI
5056,8224,1928,2023-06-06,Debit Card
5057,6868,3454,2023-06-11,UPI
5058,9835,4754,2023-06-07,Debit Card
5059,3713,1282,2023-06-13,Credit Card
5060,2980,2140,2023-03-24,Debit Card
5061,7164,366,2023-06-14,Debit Card
5062,6197,3336,2023-04-17,Net Banking
5063,5943,1208,2023-02-03,Credit Card
5064,5099,2977,2023-06-28,Net Banking
5065,4537,1865,2023-05-03,Credit Card
5066,7637,586,2023-06-16,Credit Card
5067,2589,3284,2023-03-19,Debit Card
5068,8278,3005,2023-06-04,Credit Card
5069,6850,2354,2023-06-06,Debit Card
5070,6375,2223,2023-03-09,Net Banking
5071,8012,501,2023-01-14,Credit Card
5072,9529,1834,2023-06-25,Debit Card
5073,6341,3359,2023-06-25,Credit Card
5074,2559,3527,2023-06-06,Credit Card
5075,6969,317,2023-02-22,Debit Card
5076,6950,3735,2023-06-01,Credit Card
5077,7629,2611,2023-06-28,Net Banking
5078,7393,4708,2023-06-10,Credit Card
5079,4533,4426,2023-06-07,Net Banking
5080,7189,3525,2023-04-02,Debit Card
5081,1427,904,2023-06-13,Net Banking
5082,8337,844,2023-06-28,Credit Card
5083,9829,4614,2023-03-26,UPI
5084,1210,2664,2023-02-21,UPI
5085,9144,3385,2023-04-27,Credit Card
5086,8622,2620,2023-05-27,Credit Card
5087,1025,3580,2023-06-09,Net Banking
5088,3477,3139,2023-06-21,Debit Card
5089,2872,4557,2023-06-21,Net Banking
5090,6834,1823,2023-02-20,Net Banking
5091,2735,2752,2023-06-03,Net Banking
5092,4502,3853,2023-06-09,UPI
5093,4746,4841,2023-03-22,Net Banking
5094,9729,3114,2023-06-21,UPI
5095,317,4021,2023-03-17,Credit Card
5096,5036,1127,2023-05-28,Debit Card
5097,2622,3166,2023-06-18,UPI
5098,7070,2441,2023-06-16,Debit Card
5099,5883,2822,2023-06-28,Credit Card
5100,6537,3139,2023-06-09,Net Banking
5101,9812,1407,2023-06-08,Debit Card
5102,7870,2616,2023-04-16,Net Banking
5103,9161,3933,2023-06-28,Net Banking
5104,9768,2052,2023-06-28,Net Banking
5105,949,1418,2023-06-23,Debit Card
5106,8453,1911,2023-03-22,UPI
5107,8988,1173,2023-04-10,Net Banking
5108,9518,4747,2023-06-05,Net Banking
5109,6780,1888,2023-02-12,Credit Card
5110,5821,4145,2023-06-14,Net Banking
5111,7680,125,2023-06-18,Net Banking
5112,6448,1158,2023-06-21,UPI
5113,7415,4323,2023-06-26,Net Banking
5114,4253,2091,2023-06-07,Debit Card
5115,8068,224,2023-06-27,Credit Card
5116,2572,1657,2023-06-03,Debit Card
5117,2219,122,2023-05-17,UPI
5118,1004,3871,2023-04-22,Debit Card
5119,1798,3378,2023-06-09,Net Banking
5120,1169,3450,2023-06-28,UPI
5121,4067,4900,2023-06-22,UPI
5122,9277,1783,2023-05-17,UPI
5123,116,2429,2023-06-21,Debit Card
5124,4186,4306,2023-06-25,UPI
5125,8476,229,2023-04-26,Credit Card
5126,4138,2918,2023-06-10,UPI
5127,8307,727,2023-06-08,Credit Card
5128,490,1143,2023-03-28,UPI
5129,7717,3023,2023-06-05,Debit Card
5130,3317,1645,2023-04-25,UPI
5131,411,640,2023-06-26,Debit Card
5132,1736,4899,2023-05-25,UPI
5133,6271,378,2023-05-26,Net Banking
5134,8657,4766,2023-04-06,UPI
5135,7123,2433,2023-06-27,Net Banking
5136,8400,2855,2023-06-28,Debit Card
5137,1461,4731,2023-06-28,UPI
5138,6621,694,2023-05-25,UPI
5139,689,424,2023-06-02,Credit Card
5140,2945,3568,2023-06-11,UPI
5141,6243,113,2023-06-01,UPI
5142,173,295,2023-06-27,Credit Card
5143,7421,935,2023-06-12,UPI
5144,1254,1379,2023-04-26,Credit Card
5145,4536,1958,2023-05-31,Debit Card
5146,7134,2314,2023-06-22,Credit Card
5147,6179,4833,2023-04-14,Net Banking
5148,3017,1660,2023-03-10,Net Banking
5149,8982,4330,2023-05-31,Credit Card
5150,2024,459,2023-06-10,Net Banking
5151,8337,3473,2023-06-06,UPI
5152,726,636,2023-06-11,UPI
5153,780,4095,2023-05-08,Net Banking
5154,58,851,2023-06-29,Debit Card
5155,1271,2152,2023-06-22,Net Banking
5156,5112,4510,2023-03-31,UPI
5157,8179,2216,2023-06-25,Credit Card
5158,8950,2565,2023-06-01,Debit Card
5159,806,821,2023-04-20,Net Banking
5160,9589,4232,2023-05-23,Net Banking
5161,7889,3935,2023-04-07,Credit Card
5162,5299,1097,2023-02-16,UPI
5163,7794,1120,2023-06-16,Debit Card
5164,1811,951,2023-04-25,Net Banking
5165,826,4992,2023-05-28,Net Banking
5166,2442,1691,2023-03-08,Net Banking
5167,331,4020,2023-04-23,UPI
5168,6612,126,2023-02-15,UPI
5169,7977,2893,2023-06-26,Debit Card
5170,3909,1889,2023-05-02,Net Banking
5171,7015,4369,2023-06-10,Net Banking
5172,3463,4236,2023-05-28,Credit Card
5173,9022,3559,2023-05-19,UPI
5174,8551,3796,2023-06-27,Debit Card
5175,4971,4567,2023-06-26,Net Banking
5176,366,981,2023-02-02,Net Banking
5177,9226,2531,2023-03-19,Net Banking
5178,6687,1251,2023-05-13,UPI
5179,4486,1917,2023-05-02,UPI
5180,889,1967,2023-04-27,Net Banking
5181,4675,3640,2023-06-09,Credit Card
5182,4262,4590,2023-03-31,Debit Card
5183,8382,3960,2023-04-19,Debit Card
5184,1454,4418,2023-05-02,Debit Card
5185,8368,322,2023-05-20,Net Banking
5186,1905,4687,2023-06-25,Credit Card
5187,8101,294,2023-05-29,Debit Card
5188,6341,268,2023-06-26,UPI
5189,2687,2203,2023-06-18,Credit Card
5190,468,2178,2023-05-10,Credit Card
5191,8304,1456,2023-05-19,Credit Card
5192,9526,167,2023-05-16,UPI
5193,44,1602,2023-05-11,Debit Card
5194,5315,4012,2023-04-01,Debit Card
5195,7995,2530,2023-04-29,Debit Card
5196,5712,4253,2023-04-18,Credit Card
5197,1419,876,2023-06-25,Net Banking
5198,625,314,2023-06-14,UPI
5199,2225,2372,2023-03-24,UPI
5200,5712,1488,2023-06-11,UPI
5201,7630,4896,2023-06-28,Net Banking
5202,6562,2457,2023-06-11,UPI
5203,4690,2453,2023-03-17,Debit Card
5204,7848,1338,2023-05-26,Debit Card
5205,6353,613,2023-06-07,Credit Card
5206,9610,4346,2023-06-07,Net Banking
5207,625,2468,2023-05-14,Debit Card
5208,8733,3809,2023-06-08,Debit Card
5209,2887,712,2023-06-22,Net Banking
5210,341,1265,2023-03-19,Debit Card
5211,6228,1300,2023-05-20,Credit Card
5212,2156,2933,2023-06-28,Net Banking
5213,6425,1961,2023-01-30,Net Banking
5214,1495,3739,2023-06-03,Debit Card
5215,4490,1690,2023-06-19,Credit Card
5216,2616,916,2023-06-28,Credit Card
5217,8433,2014,2023-06-20,Credit Card
5218,451,2729,2023-06-07,UPI
5219,4706,3293,2023-06-17,Credit Card
5220,4286,2910,2023-05-19,UPI
5221,5215,4078,2023-06-14,UPI
5222,6007,1060,2023-02-02,Net Banking
5223,7275,1260,2023-06-15,Debit Card
5224,5930,188,2023-06-08,UPI
5225,3443,421,2023-05-05,UPI
5226,3058,1117,2023-05-24,Net Banking
5227,853,1086,2023-06-29,UPI
5228,1946,1141,2023-02-21,UPI
5229,3279,3516,2023-03-20,Credit Card
5230,4468,2429,2023-04-30,UPI
5231,1738,1375,2023-06-09,Debit Card
5232,1410,809,2023-05-14,Debit Card
5233,2062,729,2023-06-09,UPI
5234,8307,4599,2023-05-19,Net Banking
5235,5409,3130,2023-06-24,Credit Card
5236,2074,677,2023-06-17,Net Banking
5237,5116,1517,2023-06-18,Credit Card
5238,1787,1956,2023-06-11,Debit Card
5239,8855,2230,2023-06-23,Credit Card
5240,4856,1315,2023-05-19,UPI
5241,479,2214,2023-05-22,Debit Card
5242,349,298,2023-06-07,UPI
5243,1550,1384,2023-05-30,UPI
5244,1579,3481,2023-06-15,Debit Card
5245,4257,4920,2023-04-07,Credit Card
5246,4799,682,2023-04-22,UPI
5247,3339,2942,2023-04-04,Credit Card
5248,3297,1249,2023-05-28,Net Banking
5249,2915,2924,2023-06-25,Credit Card
5250,9263,1570,2023-06-15,UPI
5251,738,1695,2023-06-25,Debit Card
5252,3223,617,2023-06-25,Credit Card
5253,146,998,2023-06-02,Net Banking
5254,834,1207,2023-03-30,Credit Card
5255,3435,1393,2023-04-13,UPI
5256,9173,2280,2023-05-12,Net Banking
5257,9076,2102,2023-05-04,UPI
5258,8403,105,2023-06-17,Net Banking
5259,5280,2378,2023-04-07,Net Banking
5260,7993,4378,2023-03-22,Debit Card
5261,9563,4843,2023-06-23,Credit Card
5262,3069,3871,2023-06-15,UPI
5263,5697,1568,2023-06-19,Credit Card
5264,9739,3438,2023-06-29,UPI
5265,1524,1496,2023-04-02,Debit Card
5266,7863,1740,2023-05-25,Net Banking
5267,4661,822,2023-06-05,UPI
5268,4250,2866,2023-06-12,Debit Card
5269,9105,2665,2023-05-07,UPI
5270,7000,3551,2023-05-08,UPI
5271,3943,4859,2023-05-08,Credit Card
5272,1534,4755,2023-02-04,Net Banking
5273,7151,186,2023-03-15,Credit Card
5274,4668,4807,2023-04-19,Credit Card
5275,2503,2043,2023-06-12,Debit Card
5276,2931,4800,2023-05-15,UPI
5277,6123,4212,2023-03-21,UPI
5278,1052,2279,2023-06-29,Net Banking
5279,3777,970,2023-03-20,UPI
5280,3390,311,2023-06-26,UPI
5281,2910,3792,2023-04-25,Net Banking
5282,3922,729,2023-06-14,Net Banking
5283,8872,468,2023-02-25,Credit Card
5284,2492,2609,2023-06-18,UPI
5285,8399,4393,2023-06-27,UPI
5286,4944,964,2023-05-01,Net Banking
5287,5179,2071,2023-05-04,UPI
5288,4390,338,2023-04-24,Credit Card
5289,5838,1368,2023-05-09,UPI
5290,1981,1933,2023-06-27,Debit Card
5291,7593,4154,2023-05-14,Net Banking
5292,6065,4659,2023-06-20,Net Banking
5293,834,4145,2023-04-17,Debit Card
5294,6740,237,2023-02-21,UPI
5295,6463,4356,2023-05-29,Credit Card
5296,5377,218,2023-06-21,UPI
5297,398,3397,2023-04-23,UPI
5298,1517,3849,2023-06-05,UPI
5299,752,3932,2023-04-01,Net Banking
5300,7861,3285,2023-06-28,Debit Card
5301,9207,798,2023-05-14,UPI
5302,5094,128,2023-05-30,Credit Card
5303,2017,2814,2023-06-29,Debit Card
5304,1533,1143,2023-04-30,UPI
5305,7114,2222,2023-06-15,Net Banking
5306,2105,3207,2023-06-29,UPI
5307,5349,1494,2023-06-29,UPI
5308,7873,688,2023-03-22,UPI
5309,1482,3491,2023-05-07,UPI
5310,7169,2110,2023-06-29,Net Banking
5311,9263,3072,2023-06-14,Net Banking
5312,8982,1589,2023-04-27,Debit Card
5313,8104,1004,2023-06-29,Debit Card
5314,9921,2655,2023-06-24,Net Banking
5315,5750,3668,2023-04-30,Credit Card
5316,2882,1173,2023-03-06,UPI
5317,3013,4354,2023-06-22,Credit Card
5318,5446,907,2023-06-20,Credit Card
5319,1400,4572,2023-05-19,Debit Card
5320,2576,4506,2023-06-18,Net Banking
5321,561,1717,2023-05-20,Net Banking
5322,382,1721,2023-04-23,Debit Card
5323,9220,3989,2023-06-12,Credit Card
5324,4421,1778,2023-06-28,UPI
5325,9338,1051,2023-06-28,Net Banking
5326,9823,1417,2023-06-08,UPI
5327,8183,2101,2023-05-23,UPI
5328,4368,1405,2023-06-16,Net Banking
5329,5644,697,2023-04-18,UPI
5330,9303,4718,2023-06-19,Credit Card
5331,5381,4017,2023-06-09,UPI
5332,3526,2793,2023-06-29,Debit Card
5333,3231,4723,2023-05-31,UPI
5334,459,3911,2023-06-25,Debit Card
5335,5784,1778,2023-04-01,UPI
5336,5422,2818,2023-05-02,Debit Card
5337,8307,1936,2023-05-24,Net Banking
5338,2806,3386,2023-05-06,Credit Card
5339,2535,1318,2023-05-16,Debit Card
5340,8012,2876,2023-03-11,Debit Card
5341,3108,4013,2023-05-29,Net Banking
5342,8521,1766,2023-06-29,Credit Card
5343,3221,3917,2023-03-16,Net Banking
5344,6039,1681,2023-06-20,UPI
5345,1776,1818,2023-06-25,Net Banking
5346,6824,886,2023-06-14,Debit Card
5347,1103,265,2023-06-18,Credit Card
5348,6309,177,2023-03-08,Net Banking
5349,7818,677,2023-06-21,Net Banking
5350,1587,2283,2023-05-27,Net Banking
5351,2056,2338,2023-06-18,UPI
5352,6662,3835,2023-04-10,Debit Card
5353,8447,2856,2023-02-25,Credit Card
5354,620,2399,2023-03-03,Net Banking
5355,9056,164,2023-04-25,Credit Card
5356,9034,2703,2023-06-01,Net Banking
5357,4769,4354,2023-05-20,Credit Card
5358,5954,1262,2023-06-23,UPI
5359,1937,1319,2023-06-22,Debit Card
5360,95,4665,2023-05-27,Debit Card
5361,6329,4487,2023-06-27,Debit Card
5362,542,397,2023-04-29,Net Banking
5363,9014,1555,2023-03-29,Debit Card
5364,6481,1464,2023-04-26,Credit Card
5365,8825,2584,2023-05-19,Debit Card
5366,7282,1033,2023-05-31,Debit Card
5367,6775,3357,2023-02-25,Debit Card
5368,903,3050,2023-06-29,Debit Card
5369,9151,480,2023-06-29,Debit Card
5370,6408,3860,2023-05-20,Credit Card
5371,514,928,2023-06-25,Net Banking
5372,4394,2310,2023-06-16,Debit Card
5373,8923,1314,2023-05-21,Net Banking
5374,9740,1542,2023-05-15,Net Banking
5375,4394,2357,2023-05-21,Net Banking
5376,1282,820,2023-06-15,UPI
5377,9880,1155,2023-04-17,UPI
5378,6390,3945,2023-06-26,Credit Card
5379,846,1149,2023-05-05,Credit Card
5380,2243,1278,2023-06-22,Net Banking
5381,3113,2272,2023-04-17,UPI
5382,5712,2166,2023-04-15,Debit Card
5383,2564,368,2023-03-13,UPI
5384,4290,2804,2023-03-10,Debit Card
5385,7026,518,2023-05-07,UPI
5386,7713,572,2023-06-08,UPI
5387,6785,3219,2023-05-21,Debit Card
5388,1811,2142,2023-06-10,Debit Card
5389,9047,3548,2023-04-20,Debit Card
5390,277,4039,2023-05-12,Net Banking
5391,2540,2867,2023-06-23,Net Banking
5392,8391,4216,2023-05-04,UPI
5393,6549,2096,2023-06-16,Debit Card
5394,1058,4226,2023-06-08,UPI
5395,5381,3752,2023-02-26,Net Banking
5396,4896,2675,2023-06-17,Net Banking
5397,9158,3066,2023-06-29,UPI
5398,2173,4492,2023-05-16,Net Banking
5399,7024,3838,2023-06-29,Net Banking
5400,9215,2825,2023-05-24,Net Banking
5401,3214,1039,2023-06-23,Credit Card
5402,9958,1796,2023-06-18,Debit Card
5403,1820,1571,2023-05-10,Net Banking
5404,2117,3749,2023-06-29,Debit Card
5405,893,778,2023-04-25,Debit Card
5406,9743,3561,2023-06-28,Debit Card
5407,4205,1602,2023-04-04,Debit Card
5408,9535,2422,2023-06-14,UPI
5409,8534,2248,2023-06-28,Credit Card
5410,9305,2796,2023-05-22,Debit Card
5411,9323,1265,2023-06-23,Net Banking
5412,2346,3741,2023-06-01,Debit Card
5413,8361,4133,2023-04-16,UPI
5414,5686,2385,2023-04-24,UPI
5415,3113,3751,2023-04-29,Net Banking
5416,8708,3573,2023-03-29,Net Banking
5417,8384,3576,2023-05-13,Debit Card
5418,2284,4502,2023-06-26,Net Banking
5419,5185,486,2023-05-10,Net Banking
5420,5270,4854,2023-03-17,Credit Card
5421,3775,3332,2023-06-25,Credit Card
5422,5306,3043,2023-06-06,Debit Card
5423,6352,435,2023-04-22,UPI
5424,1073,1553,2023-06-02,UPI
5425,9068,3005,2023-06-05,Credit Card
5426,2788,2887,2023-06-15,UPI
5427,4720,2824,2023-06-10,UPI
5428,3056,273,2023-06-21,Credit Card
5429,4479,2428,2023-02-27,Debit Card
5430,6533,2837,2023-06-09,Net Banking
5431,7274,4410,2023-06-04,Net Banking
5432,4490,3093,2023-06-29,Credit Card
5433,1171,3226,2023-06-28,Debit Card
5434,9305,3676,2023-06-27,Credit Card
5435,3513,2488,2023-04-30,Net Banking
5436,497,4054,2023-03-27,Debit Card
5437,8005,4818,2023-05-07,UPI
5438,5299,563,2023-05-04,Debit Card
5439,5792,2899,2023-04-30,Net Banking
5440,5242,2926,2023-05-22,Credit Card
5441,2519,825,2023-04-18,Debit Card
5442,3344,846,2023-05-24,UPI
5443,9714,2652,2023-03-06,Debit Card
5444,4415,4779,2023-06-26,UPI
5445,7152,3628,2023-06-07,Credit Card
5446,7767,2105,2023-05-26,Debit Card
5447,2945,3389,2023-05-26,Credit Card
5448,6999,1975,2023-06-15,Net Banking
5449,6324,3497,2023-05-28,Debit Card
5450,6724,3346,2023-06-18,Credit Card
5451,1139,3350,2023-06-11,Credit Card
5452,2391,842,2023-06-20,Net Banking
5453,8323,4176,2023-06-26,Net Banking
5454,5041,3516,2023-06-15,Net Banking
5455,4028,2787,2023-06-25,Net Banking
5456,7951,269,2023-02-02,Credit Card
5457,3777,2876,2023-02-01,Credit Card
5458,8286,103,2023-05-27,Debit Card
5459,2346,1194,2023-06-18,Credit Card
5460,7629,4322,2023-06-26,Net Banking
5461,6662,1812,2023-06-20,Net Banking
5462,5060,2579,2023-06-16,UPI
5463,3009,651,2023-06-27,Net Banking
5464,5564,1327,2023-04-22,Credit Card
5465,9523,4926,2023-04-24,UPI
5466,8651,2507,2023-05-17,Credit Card
5467,9059,3733,2023-06-27,UPI
5468,9079,1374,2023-06-09,Net Banking
5469,5993,1304,2023-06-13,Credit Card
5470,2570,740,2023-06-26,Debit Card
5471,2898,3071,2023-04-06,Net Banking
5472,8132,4295,2023-04-18,Debit Card
5473,1375,1694,2023-06-12,Net Banking
5474,641,2746,2023-05-26,Debit Card
5475,2015,2728,2023-04-13,UPI
5476,4343,2287,2023-06-23,Debit Card
5477,3529,3511,2023-06-29,UPI
5478,9869,4294,2023-05-04,Credit Card
5479,6775,3308,2023-03-22,Debit Card
5480,9618,858,2023-05-14,Net Banking
5481,3134,324,2023-05-04,Credit Card
5482,6790,1294,2023-02-02,Debit Card
5483,4730,3105,2023-06-18,Credit Card
5484,6881,1770,2023-06-29,Credit Card
5485,6885,789,2023-05-12,Credit Card
5486,5491,3329,2023-05-26,Net Banking
5487,9053,4918,2023-06-09,Net Banking
5488,5926,3560,2023-06-23,Net Banking
5489,5859,4013,2023-05-04,Net Banking
5490,2511,4142,2023-01-25,Debit Card
5491,9027,2122,2023-05-08,UPI
5492,1675,2737,2023-02-20,Credit Card
5493,7506,393,2023-05-18,Debit Card
5494,91,4333,2023-04-20,Net Banking
5495,3898,115,2023-06-21,Credit Card
5496,3151,3278,2023-02-27,Net Banking
5497,6095,1585,2023-04-24,Net Banking
5498,6933,3025,2023-06-06,Credit Card
5499,1347,2135,2023-06-27,Credit Card
5500,6322,2427,2023-06-17,UPI
5501,3555,781,2023-04-21,Debit Card
5502,4592,3945,2023-06-17,Credit Card
5503,2384,4907,2023-05-31,Net Banking
5504,1309,1063,2023-05-23,Net Banking
5505,5215,1161,2023-06-05,Credit Card
5506,640,3745,2023-06-26,Net Banking
5507,8078,4487,2023-04-13,Credit Card
5508,7784,550,2023-04-26,Net Banking
5509,6969,2223,2023-03-16,Debit Card
5510,5580,846,2023-04-12,UPI
5511,3935,1884,2023-05-08,UPI
5512,2058,2961,2023-06-19,Net Banking
5513,2353,4155,2023-05-28,Net Banking
5514,3085,3340,2023-06-21,Credit Card
5515,9295,4746,2023-06-02,Credit Card
5516,4868,2231,2023-06-24,Debit Card
5517,1712,2878,2023-06-21,Debit Card
5518,2363,1263,2023-04-15,Net Banking
5519,7090,2239,2023-05-27,UPI
5520,9227,3142,2023-05-18,UPI
5521,4821,3481,2023-06-16,UPI
5522,6489,3338,2023-05-13,UPI
5523,1723,3896,2023-02-09,Credit Card
5524,6432,2328,2023-05-28,Debit Card
5525,2420,427,2023-03-26,Debit Card
5526,4359,1106,2023-05-21,Debit Card
5527,9714,2507,2023-05-30,Debit Card
5528,9870,2028,2023-04-30,Net Banking
5529,158,1064,2023-05-30,Net Banking
5530,6771,2343,2023-03-04,Credit Card
5531,7510,3816,2023-02-16,UPI
5532,9859,642,2023-06-22,Credit Card
5533,7854,3440,2023-03-07,Debit Card
5534,5695,2877,2023-06-25,UPI
5535,3494,2401,2023-06-06,UPI
5536,489,2989,2023-06-01,UPI
5537,8999,606,2023-04-24,UPI
5538,2339,3055,2023-03-15,UPI
5539,4710,1971,2023-06-25,UPI
5540,1442,3378,2023-06-06,Debit Card
5541,3889,3466,2023-06-27,Debit Card
5542,5183,1275,2023-06-26,Debit Card
5543,8481,2575,2023-06-02,Credit Card
5544,8572,761,2023-03-22,Credit Card
5545,3137,3362,2023-05-26,Credit Card
5546,5314,1474,2023-06-11,Net Banking
5547,9163,2973,2023-06-19,Credit Card
5548,1233,3567,2023-06-09,Debit Card
5549,1294,110,2023-05-07,Net Banking
5550,3072,1305,2023-06-28,Net Banking
5551,3557,4120,2023-06-12,UPI
5552,386,2983,2023-03-25,Debit Card
5553,7245,2512,2023-04-07,Net Banking
5554,982,2002,2023-05-03,UPI
5555,66,4006,2023-05-27,Net Banking
5556,5829,2963,2023-04-29,Debit Card
5557,299,3292,2023-06-02,UPI
5558,2696,826,2023-06-29,Credit Card
5559,6258,869,2023-05-22,Credit Card
5560,1762,4231,2023-05-20,Net Banking
5561,5408,2583,2023-06-01,Credit Card
5562,4402,2788,2023-05-22,Net Banking
5563,1805,4949,2023-06-25,UPI
5564,3089,4521,2023-02-26,Debit Card
5565,7950,4291,2023-05-01,Debit Card
5566,5501,4747,2023-06-17,UPI
5567,7165,4232,2023-01-21,Credit Card
5568,9640,3409,2023-06-25,Credit Card
5569,6760,320,2023-05-15,Net Banking
5570,1587,4499,2023-06-07,UPI
5571,5547,2924,2023-05-29,UPI
5572,7430,3841,2023-05-22,Credit Card
5573,8669,3146,2023-06-09,UPI
5574,9226,4178,2023-04-12,Debit Card
5575,8433,3947,2023-06-18,Credit Card
5576,1606,3355,2023-04-20,Debit Card
5577,8333,1913,2023-06-28,Credit Card
5578,1321,1765,2023-06-26,Net Banking
5579,9099,996,2023-06-26,Credit Card
5580,5628,3848,2023-05-09,Net Banking
5581,1878,3923,2023-06-15,Credit Card
5582,491,3515,2023-06-14,Credit Card
5583,3390,953,2023-06-08,Credit Card
5584,620,4980,2023-02-03,UPI
5585,612,1317,2023-03-07,Debit Card
5586,4650,437,2023-06-23,Debit Card
5587,8994,1827,2023-03-14,Net Banking
5588,3131,2532,2023-04-27,UPI
5589,1505,594,2023-06-23,Net Banking
5590,5929,1887,2023-05-06,UPI
5591,9921,1152,2023-06-16,Debit Card
5592,8216,468,2023-06-16,UPI
5593,4500,1381,2023-06-14,Credit Card
5594,6574,412,2023-03-31,Credit Card
5595,4972,4214,2023-04-25,Credit Card
5596,2640,2882,2023-06-11,Debit Card
5597,451,3289,2023-06-12,Net Banking
5598,342,294,2023-04-20,Credit Card
5599,1613,3274,2023-05-23,UPI
5600,6420,2787,2023-02-19,Debit Card
5601,7527,313,2023-06-19,Net Banking
5602,8597,1614,2023-03-27,Debit Card
5603,4925,3752,2023-02-14,UPI
5604,7556,1411,2023-03-03,Debit Card
5605,3974,3995,2023-06-22,UPI
5606,4078,393,2023-06-16,Credit Card
5607,3244,193,2023-05-27,Net Banking
5608,4304,520,2023-06-27,Debit Card
5609,4113,4540,2023-03-18,Net Banking
5610,9287,4503,2023-04-05,Credit Card
5611,6716,4920,2023-03-28,Net Banking
5612,5770,4560,2023-06-22,Credit Card
5613,7377,4096,2023-03-12,Credit Card
5614,421,2993,2023-06-13,UPI
5615,574,868,2023-06-25,UPI
5616,4171,4576,2023-06-25,Net Banking
5617,7900,636,2023-03-09,Credit Card
5618,5404,3236,2023-06-20,Debit Card
5619,7305,3122,2023-06-09,Net Banking
5620,3794,2148,2023-01-30,Net Banking
5621,2917,3406,2023-03-15,Debit Card
5622,7033,3968,2023-06-28,Debit Card
5623,6834,3825,2023-02-01,Debit Card
5624,7745,4818,2023-06-08,UPI
5625,4158,1146,2023-04-07,Net Banking
5626,4535,2910,2023-06-07,Net Banking
5627,9273,2441,2023-06-14,Credit Card
5628,1140,1752,2023-06-16,Net Banking
5629,1811,203,2023-05-07,Credit Card
5630,9022,1470,2023-06-21,Credit Card
5631,502,3196,2023-06-21,Credit Card
5632,570,2381,2023-06-29,UPI
5633,4306,3631,2023-04-06,Credit Card
5634,4594,4218,2023-06-25,UPI
5635,3419,1159,2023-06-03,Debit Card
5636,9410,2965,2023-02-07,Credit Card
5637,1359,373,2023-06-24,Debit Card
5638,5789,154,2023-06-16,UPI
5639,4091,930,2023-05-24,UPI
5640,819,4055,2023-04-28,Net Banking
5641,1959,2764,2023-06-15,Credit Card
5642,6297,2079,2023-06-13,UPI
5643,5288,904,2023-05-05,Net Banking
5644,7120,4639,2023-06-17,Net Banking
5645,1747,2660,2023-03-11,Net Banking
5646,750,4153,2023-06-18,UPI
5647,8078,301,2023-05-12,Debit Card
5648,4426,1275,2023-05-30,UPI
5649,3690,4131,2023-06-24,Credit Card
5650,9595,4903,2023-05-01,Net Banking
5651,6687,251,2023-06-20,Credit Card
5652,96,1875,2023-05-12,UPI
5653,6204,2457,2023-02-06,UPI
5654,963,2994,2023-05-17,Net Banking
5655,15,2986,2023-06-19,Credit Card
5656,7123,1540,2023-06-28,Debit Card
5657,7401,2752,2023-06-16,Net Banking
5658,400,1106,2023-04-13,Credit Card
5659,133,3603,2023-06-28,UPI
5660,1613,1422,2023-03-09,Debit Card
5661,7756,3645,2023-05-13,Credit Card
5662,3083,1028,2023-05-08,Net Banking
5663,512,577,2023-06-08,Debit Card
5664,9180,2758,2023-04-21,Debit Card
5665,1646,1605,2023-05-28,Debit Card
5666,3854,1844,2023-06-19,Debit Card
5667,1413,3823,2023-02-12,Credit Card
5668,7430,2467,2023-04-17,Debit Card
5669,9777,1166,2023-06-27,Credit Card
5670,3344,4797,2023-02-28,UPI
5671,287,575,2023-05-02,UPI
5672,9871,2890,2023-03-12,Net Banking
5673,8479,1437,2023-02-11,UPI
5674,4065,1554,2023-06-09,UPI
5675,3040,4508,2023-06-15,UPI
5676,430,1767,2023-05-07,Credit Card
5677,9861,710,2023-06-24,Credit Card
5678,1069,1498,2023-05-08,Credit Card
5679,8516,2082,2023-04-14,Credit Card
5680,8359,3686,2023-06-17,Net Banking
5681,5770,325,2023-06-28,UPI
5682,9066,3557,2023-05-27,Debit Card
5683,4042,3568,2023-06-07,Net Banking
5684,7914,3509,2023-04-19,Net Banking
5685,2225,1664,2023-03-08,Net Banking
5686,152,456,2023-05-08,UPI
5687,6932,2423,2023-04-28,Credit Card
5688,7009,3354,2023-01-26,Credit Card
5689,6811,1673,2023-04-08,Net Banking
5690,5624,4072,2023-06-27,Credit Card
5691,9666,1731,2023-06-24,Net Banking
5692,5711,4535,2023-06-13,UPI
5693,1835,4037,2023-02-02,Net Banking
5694,3477,1042,2023-06-21,Debit Card
5695,8537,4251,2023-05-27,UPI
5696,6307,4206,2023-06-07,UPI
5697,4853,2400,2023-05-29,UPI
5698,4107,4146,2023-04-22,Credit Card
5699,8520,4962,2023-06-22,Credit Card
5700,2770,3147,2023-03-11,UPI
5701,532,1940,2023-05-27,Debit Card
5702,8687,3991,2023-03-06,Credit Card
5703,2652,4258,2023-05-05,Debit Card
5704,5528,4729,2023-05-03,UPI
5705,9182,3576,2023-06-22,UPI
5706,5084,3858,2023-06-13,Credit Card
5707,6332,4379,2023-06-25,Credit Card
5708,6423,1338,2023-06-15,Net Banking
5709,5588,2512,2023-06-22,Net Banking
5710,7313,164,2023-02-05,UPI
5711,4594,1731,2023-06-22,Credit Card
5712,2574,1716,2023-01-13,Credit Card
5713,1249,3599,2023-06-18,Net Banking
5714,4712,601,2023-06-12,Debit Card
5715,8289,2188,2023-06-01,UPI
5716,5854,1559,2023-06-27,Debit Card
5717,3525,4875,2023-02-13,Debit Card
5718,7574,2171,2023-06-20,UPI
5719,1532,2916,2023-06-07,Debit Card
5720,2726,502,2023-05-08,Net Banking
5721,3610,1883,2023-06-26,Debit Card
5722,7660,3727,2023-01-09,UPI
5723,8458,2161,2023-03-29,Credit Card
5724,5205,1187,2023-04-18,Debit Card
5725,5092,2445,2023-06-25,UPI
5726,2070,2159,2023-05-26,Net Banking
5727,560,3780,2023-06-06,Debit Card
5728,3089,4411,2023-05-27,Debit Card
5729,4928,4056,2023-06-05,Net Banking
5730,1615,4211,2023-06-22,Net Banking
5731,1989,3692,2023-04-21,Net Banking
5732,5862,696,2023-05-26,Net Banking
5733,8400,3334,2023-06-28,UPI
5734,3447,4216,2023-05-22,Net Banking
5735,5240,3116,2023-06-14,Debit Card
5736,3798,1734,2023-05-31,Debit Card
5737,5912,2163,2023-06-29,UPI
5738,1587,2383,2023-05-03,Credit Card
5739,5990,463,2023-06-01,Net Banking
5740,6787,4155,2023-05-09,Net Banking
5741,4456,127,2023-05-04,Credit Card
5742,8897,1930,2023-05-06,Debit Card
5743,8935,4365,2023-06-29,Net Banking
5744,9249,2748,2023-06-10,Net Banking
5745,2994,2447,2023-05-10,Debit Card
5746,1906,1784,2023-05-15,Credit Card
5747,4614,4116,2023-06-25,UPI
5748,6327,663,2023-05-26,UPI
5749,1338,2043,2023-05-18,Net Banking
5750,9321,755,2023-06-19,Net Banking
5751,4746,1708,2023-06-22,Debit Card
5752,6294,4144,2023-06-24,Net Banking
5753,2832,4947,2023-05-15,UPI
5754,6735,359,2023-06-11,Net Banking
5755,9050,3922,2023-05-11,UPI
5756,8936,1268,2023-06-29,Debit Card
5757,8425,4509,2023-03-19,Net Banking
5758,2361,3519,2023-06-05,UPI
5759,3938,3827,2023-03-29,Debit Card
5760,9764,1764,2023-06-02,Debit Card
5761,7622,4630,2023-06-07,UPI
5762,1607,3985,2023-05-10,Credit Card
5763,4620,2567,2023-06-26,Credit Card
5764,4191,4008,2023-06-28,UPI
5765,5785,2702,2023-01-24,Net Banking
5766,4446,3903,2023-04-30,UPI
5767,2972,2839,2023-02-13,Credit Card
5768,1450,2247,2023-05-01,Debit Card
5769,5258,4761,2023-04-17,Net Banking
5770,7756,2399,2023-05-02,Net Banking
5771,9602,1433,2023-06-28,UPI
5772,3327,1569,2023-04-07,Net Banking
5773,2466,4405,2023-05-02,UPI
5774,9880,123,2023-06-24,Debit Card
5775,7707,1868,2023-03-07,Credit Card
5776,1286,1679,2023-06-19,Net Banking
5777,342,2859,2023-06-11,Net Banking
5778,7393,4014,2023-06-04,Credit Card
5779,1658,4881,2023-04-12,Debit Card
5780,3094,412,2023-05-17,Credit Card
5781,8762,1743,2023-06-11,UPI
5782,2744,4352,2023-06-27,Credit Card
5783,8200,4248,2023-06-03,Credit Card
5784,1104,3322,2023-03-08,Debit Card
5785,4468,3982,2023-04-29,Credit Card
5786,531,650,2023-06-27,Net Banking
5787,5209,1029,2023-05-24,Debit Card
5788,8092,1406,2023-05-30,Credit Card
5789,8405,1739,2023-06-19,UPI
5790,4725,618,2023-05-23,Credit Card
5791,2880,4213,2023-06-24,UPI
5792,3257,2784,2023-04-22,Net Banking
5793,4035,4148,2023-04-14,Credit Card
5794,6422,2308,2023-04-01,Net Banking
5795,6003,296,2023-04-12,Credit Card
5796,7527,428,2023-06-15,UPI
5797,5431,3602,2023-06-03,Net Banking
5798,1764,3055,2023-06-04,Net Banking
5799,1918,3934,2023-05-12,Net Banking
5800,2256,2761,2023-04-19,Debit Card
5801,3990,3598,2023-06-21,Credit Card
5802,4349,4069,2023-06-15,Credit Card
5803,7845,798,2023-03-23,Credit Card
5804,3467,2868,2023-06-25,Net Banking
5805,1261,4983,2023-06-27,UPI
5806,4587,1797,2023-03-12,Debit Card
5807,5281,2052,2023-03-28,UPI
5808,5752,3873,2023-06-24,Debit Card
5809,5882,1343,2023-03-26,Debit Card
5810,6847,1114,2023-06-29,Net Banking
5811,8116,4126,2023-04-05,Debit Card
5812,7265,309,2023-06-07,Net Banking
5813,1976,3798,2023-05-24,Credit Card
5814,7404,4748,2023-05-29,Net Banking
5815,9312,3433,2023-04-27,UPI
5816,5148,3372,2023-06-14,UPI
5817,4133,2009,2023-06-01,Credit Card
5818,8533,4380,2023-06-11,Credit Card
5819,3725,4814,2023-06-18,UPI
5820,8195,4107,2023-05-18,Net Banking
5821,5449,2973,2023-06-03,Credit Card
5822,5569,1347,2023-06-20,Debit Card
5823,2605,3231,2023-06-28,Debit Card
5824,5184,1114,2023-06-10,UPI
5825,113,3689,2023-06-01,Credit Card
5826,2058,4241,2023-06-25,Credit Card
5827,1394,3646,2023-05-15,UPI
5828,3895,309,2023-04-01,Credit Card
5829,9533,1819,2023-04-15,Debit Card
5830,6900,1197,2023-06-10,Net Banking
5831,7858,4473,2023-06-19,UPI
5832,7404,2407,2023-04-12,Net Banking
5833,7404,4639,2023-05-25,Net Banking
5834,2720,197,2023-02-25,Credit Card
5835,7533,3422,2023-05-28,Net Banking
5836,3011,4913,2023-06-12,UPI
5837,3063,3360,2023-06-08,Net Banking
5838,2970,3443,2023-06-26,Net Banking
5839,2954,4213,2023-06-22,Net Banking
5840,1553,416,2023-02-26,Credit Card
5841,2152,3244,2023-06-24,Debit Card
5842,4328,2570,2023-06-27,UPI
5843,1305,4492,2023-06-19,Debit Card
5844,7704,765,2023-05-31,Debit Card
5845,2837,1837,2023-06-25,UPI
5846,8333,1411,2023-06-25,Credit Card
5847,1868,244,2023-03-04,Net Banking
5848,7054,1439,2023-05-07,UPI
5849,547,1985,2023-04-20,Credit Card
5850,1703,134,2023-02-16,Debit Card
5851,301,4228,2023-03-04,UPI
5852,2509,231,2023-06-17,Debit Card
5853,6742,4349,2023-06-29,Credit Card
5854,1675,4055,2023-03-07,Credit Card
5855,6979,2442,2023-04-05,Net Banking
5856,6251,181,2023-02-08,Net Banking
5857,4031,3592,2023-04-27,Net Banking
5858,5372,3979,2023-05-09,Debit Card
5859,5706,344,2023-06-04,UPI
5860,1033,4319,2023-02-06,Credit Card
5861,305,914,2023-05-10,UPI
5862,4757,4135,2023-06-06,Credit Card
5863,6222,2395,2023-06-24,Credit Card
5864,4536,2329,2023-04-09,Credit Card
5865,8735,4739,2023-06-17,Credit Card
5866,258,237,2023-06-05,UPI
5867,3152,3038,2023-03-21,UPI
5868,8757,3323,2023-04-10,Net Banking
5869,5255,3143,2023-06-27,Net Banking
5870,5418,2366,2023-06-19,Net Banking
5871,9681,908,2023-05-30,Debit Card
5872,4598,3642,2023-06-22,Credit Card
5873,3464,2911,2023-06-24,Credit Card
5874,5274,1160,2023-05-13,Net Banking
5875,2576,3228,2023-06-28,Net Banking
5876,5917,1175,2023-06-29,Credit Card
5877,4395,2863,2023-06-28,Debit Card
5878,2945,1360,2023-06-09,UPI
5879,293,2134,2023-06-24,Credit Card
5880,5715,2675,2023-06-02,UPI
5881,4892,4306,2023-06-17,UPI
5882,3849,1420,2023-06-26,Debit Card
5883,2794,2084,2023-05-29,Debit Card
5884,6668,966,2023-04-04,Debit Card
5885,5308,3365,2023-05-29,Credit Card
5886,2920,3797,2023-05-27,Net Banking
5887,8570,3975,2023-06-02,Net Banking
5888,2269,981,2023-03-03,Credit Card
5889,6881,3889,2023-06-29,Net Banking
5890,267,3633,2023-06-15,Net Banking
5891,8371,2000,2023-05-18,Debit Card
5892,2265,1566,2023-03-09,Net Banking
5893,1236,4908,2023-06-13,Credit Card
5894,1210,604,2023-03-26,Net Banking
5895,72,4602,2023-05-11,Debit Card
5896,7131,2771,2023-06-07,Net Banking
5897,6024,1601,2023-06-28,Debit Card
5898,7929,1571,2023-06-29,Credit Card
5899,1062,4264,2023-04-21,UPI
5900,5310,4486,2023-05-17,UPI
5901,8239,2371,2023-05-11,Debit Card
5902,2239,2890,2023-06-21,UPI
5903,6276,4739,2023-06-20,Debit Card
5904,530,258,2023-06-04,Net Banking
5905,6724,1343,2023-06-13,Net Banking
5906,9299,927,2023-05-27,Debit Card
5907,7255,2965,2023-03-12,Credit Card
5908,6927,1884,2023-06-12,Credit Card
5909,2172,1828,2023-03-03,Net Banking
5910,4646,4777,2023-06-13,UPI
5911,1011,1402,2023-06-10,UPI
5912,1443,4590,2023-03-15,Credit Card
5913,9301,4653,2023-05-30,UPI
5914,8198,2413,2023-03-12,Net Banking
5915,1357,1860,2023-04-14,UPI
5916,6740,4091,2023-03-04,UPI
5917,8347,2581,2023-06-20,UPI
5918,1436,745,2023-06-04,Net Banking
5919,347,4728,2023-06-26,Debit Card
5920,6112,2695,2023-06-17,UPI
5921,2707,1235,2023-04-07,Debit Card
5922,5887,2335,2023-06-18,Net Banking
5923,6464,1511,2023-06-17,Debit Card
5924,3009,2525,2023-06-25,Debit Card
5925,2880,373,2023-06-28,Debit Card
5926,4411,2121,2023-06-27,Net Banking
5927,1155,3715,2023-06-13,Net Banking
5928,5731,3739,2023-06-18,Debit Card
5929,537,1077,2023-05-14,Credit Card
5930,9373,3372,2023-01-31,Debit Card
5931,1407,2141,2023-03-30,UPI
5932,6054,2309,2023-04-29,Net Banking
5933,1550,1174,2023-06-02,Debit Card
5934,7420,4629,2023-05-30,Net Banking
5935,6263,2996,2023-05-08,Net Banking
5936,2540,731,2023-06-14,UPI
5937,9178,3601,2023-05-30,Debit Card
5938,7669,388,2023-06-07,Debit Card
5939,3305,427,2023-06-03,UPI
5940,8033,963,2023-05-14,UPI
5941,7488,2136,2023-04-16,Net Banking
5942,3189,660,2023-06-17,Net Banking
5943,7018,2002,2023-06-01,UPI
5944,1521,3436,2023-03-16,UPI
5945,9853,3388,2023-03-06,Debit Card
5946,9823,4380,2023-04-28,Net Banking
5947,6552,2818,2023-06-23,UPI
5948,5038,852,2023-06-24,UPI
5949,7009,4390,2023-03-08,Credit Card
5950,2936,326,2023-06-23,UPI
5951,1164,370,2023-06-04,Debit Card
5952,2574,834,2023-06-11,Debit Card
5953,3618,1419,2023-06-23,UPI
5954,3257,1674,2023-06-18,UPI
5955,363,1589,2023-06-26,UPI
5956,1053,2108,2023-04-05,UPI
5957,5530,1389,2023-06-28,Debit Card
5958,180,4589,2023-06-12,UPI
5959,8413,2513,2023-05-06,Net Banking
5960,4023,3377,2023-01-22,UPI
5961,1195,4937,2023-06-08,Net Banking
5962,4253,1551,2023-06-05,Credit Card
5963,3825,2515,2023-06-18,Debit Card
5964,8243,3550,2023-06-23,UPI
5965,2239,4840,2023-06-05,Credit Card
5966,7989,3925,2023-06-08,Credit Card
5967,655,2501,2023-06-23,Net Banking
5968,4171,1236,2023-05-30,UPI
5969,4592,337,2023-05-06,Debit Card
5970,2915,4570,2023-06-01,Credit Card
5971,8676,1432,2023-02-15,Debit Card
5972,96,4914,2023-03-14,UPI
5973,882,4307,2023-05-28,Debit Card
5974,9070,3909,2023-06-09,Credit Card
5975,6866,2526,2023-06-21,Credit Card
5976,888,1091,2023-06-13,Credit Card
5977,2468,4811,2023-06-21,Credit Card
5978,3250,1925,2023-06-26,Net Banking
5979,3089,1758,2023-04-01,Credit Card
5980,1204,3339,2023-04-21,Net Banking
5981,3699,225,2023-06-06,Debit Card
5982,8701,126,2023-06-04,UPI
5983,469,4785,2023-04-24,Net Banking
5984,6232,3288,2023-06-19,UPI
5985,3877,1197,2023-06-14,Debit Card
5986,3526,2416,2023-06-19,Debit Card
5987,2795,3375,2023-05-02,Debit Card
5988,5272,4869,2023-05-25,Debit Card
5989,5454,1198,2023-03-24,Credit Card
5990,673,799,2023-06-28,UPI
5991,2387,4711,2023-05-28,Credit Card
5992,5931,4864,2023-06-27,Net Banking
5993,6712,4925,2023-06-05,Net Banking
5994,9690,319,2023-05-15,Credit Card
5995,1139,1325,2023-06-17,Credit Card
5996,3395,1632,2023-03-17,UPI
5997,7358,2114,2023-06-25,Debit Card
5998,5278,2776,2023-06-10,Net Banking
5999,5,368,2023-05-04,UPI
6000,2727,2605,2023-06-01,Debit Card
6001,1574,2346,2023-04-03,Net Banking
6002,3196,2124,2023-06-10,UPI
6003,6736,3561,2023-05-27,Credit Card
6004,5150,2973,2023-05-06,Credit Card
6005,7569,106,2023-03-09,Debit Card
6006,8476,4954,2023-06-18,Debit Card
6007,5847,4573,2023-06-14,Credit Card
6008,4666,2749,2023-06-06,Credit Card
6009,1054,958,2023-03-02,Debit Card
6010,9052,2297,2023-06-19,Debit Card
6011,3720,572,2023-06-26,Debit Card
6012,3321,1943,2023-06-27,Net Banking
6013,8475,466,2023-05-23,Debit Card
6014,1861,1936,2023-03-05,Credit Card
6015,262,1171,2023-05-22,Credit Card
6016,6404,3169,2023-06-11,Credit Card
6017,2931,4409,2023-06-07,UPI
6018,3729,3778,2023-06-20,Debit Card
6019,9319,2052,2023-03-27,UPI
6020,6210,2316,2023-05-10,Debit Card
6021,8305,3781,2023-06-20,UPI
6022,1818,2694,2023-06-08,Debit Card
6023,72,282,2023-06-04,Net Banking
6024,3749,4611,2023-05-06,UPI
6025,2780,3119,2023-05-04,Debit Card
6026,4875,4786,2023-03-29,Debit Card
6027,8490,3971,2023-03-23,Credit Card
6028,5215,2061,2023-04-21,Credit Card
6029,5651,4928,2023-05-13,Debit Card
6030,1803,825,2023-06-07,UPI
6031,4791,1331,2023-06-09,Credit Card
6032,6580,3412,2023-05-15,Credit Card
6033,9880,775,2023-05-12,UPI
6034,2551,4986,2023-04-06,UPI
6035,9727,1269,2023-05-23,Debit Card
6036,4760,374,2023-06-21,Net Banking
6037,4273,3196,2023-06-29,UPI
6038,3240,702,2023-06-28,Debit Card
6039,3407,2674,2023-06-10,UPI
6040,4972,4197,2023-04-17,Credit Card
6041,7917,4046,2023-05-30,Net Banking
6042,545,2150,2023-02-18,UPI
6043,3662,1437,2023-04-04,Debit Card
6044,1316,4445,2023-06-03,Credit Card
6045,3069,3588,2023-06-12,Credit Card
6046,8814,2284,2023-04-22,UPI
6047,3203,715,2023-05-14,Credit Card
6048,6458,3407,2023-03-30,Credit Card
6049,9162,4906,2023-06-06,UPI
6050,1146,1501,2023-06-23,Credit Card
6051,2393,4611,2023-05-06,Net Banking
6052,5605,2133,2023-03-25,UPI
6053,4500,4425,2023-06-15,Net Banking
6054,9896,2756,2023-06-09,Net Banking
6055,7685,2168,2023-06-28,Net Banking
6056,5060,3973,2023-06-17,Net Banking
6057,6093,1516,2023-06-06,Credit Card
6058,4291,1527,2023-06-03,Debit Card
6059,8248,465,2023-01-30,Credit Card
6060,8771,3368,2023-04-28,Net Banking
6061,5840,3806,2023-05-29,Net Banking
6062,5204,3118,2023-04-30,Net Banking
6063,6510,3715,2023-06-29,Debit Card
6064,9116,4517,2023-06-14,Credit Card
6065,1977,4004,2023-02-24,Credit Card
6066,3543,3435,2023-06-02,Credit Card
6067,5944,3450,2023-05-01,UPI
6068,7165,747,2023-01-26,UPI
6069,561,899,2023-06-21,Credit Card
6070,1314,4357,2023-04-10,Debit Card
6071,9233,242,2023-02-10,UPI
6072,9192,4288,2023-04-02,Debit Card
6073,9620,135,2023-03-02,Debit Card
6074,3444,465,2023-05-30,Credit Card
6075,9136,4562,2023-06-26,Debit Card
6076,9858,4293,2023-06-27,Net Banking
6077,9136,3544,2023-06-25,UPI
6078,8252,1736,2023-05-08,Credit Card
6079,7501,2738,2023-03-06,Debit Card
6080,4205,179,2023-05-23,Net Banking
6081,5829,3320,2023-04-23,Net Banking
6082,3178,284,2023-05-13,Net Banking
6083,8118,3290,2023-05-19,Credit Card
6084,4687,4918,2023-04-15,Credit Card
6085,3174,2646,2023-06-05,Debit Card
6086,6119,180,2023-02-21,Debit Card
6087,3480,1835,2023-04-17,Net Banking
6088,9973,2521,2023-06-27,UPI
6089,2127,2673,2023-05-16,Credit Card
6090,9824,1951,2023-04-05,Debit Card
6091,9081,3185,2023-05-19,Credit Card
6092,8714,2511,2023-01-29,Debit Card
6093,2110,4960,2023-05-17,Net Banking
6094,8654,3973,2023-02-03,Credit Card
6095,9185,3976,2023-03-31,UPI
6096,1021,4002,2023-06-28,Credit Card
6097,5205,1139,2023-04-08,Credit Card
6098,313,4756,2023-03-28,Net Banking
6099,8324,2792,2023-04-18,UPI
6100,7430,4182,2023-04-29,UPI
6101,2275,241,2023-06-22,Credit Card
6102,9046,1959,2023-05-04,UPI
6103,6913,4674,2023-05-28,UPI
6104,3313,3358,2023-06-16,Credit Card
6105,5209,3665,2023-06-22,UPI
6106,8511,1001,2023-02-07,UPI
6107,5280,1410,2023-06-19,Net Banking
6108,36,295,2023-06-17,UPI
6109,5145,4579,2023-06-03,Credit Card
6110,5697,3379,2023-06-11,Net Banking
6111,5280,135,2023-05-12,Net Banking
6112,5273,106,2023-05-13,Credit Card
6113,758,2425,2023-05-25,UPI
6114,1006,4144,2023-06-12,Credit Card
6115,9867,1771,2023-06-10,Credit Card
6116,3118,3236,2023-06-14,Net Banking
6117,1949,2720,2023-02-04,Credit Card
6118,278,3644,2023-05-07,Net Banking
6119,1390,955,2023-06-28,UPI
6120,9203,4623,2023-05-21,Net Banking
6121,782,3146,2023-04-05,Net Banking
6122,6312,103,2023-04-26,UPI
6123,8402,2403,2023-04-16,Credit Card
6124,7175,2421,2023-06-22,Net Banking
6125,8591,3284,2023-05-08,UPI
6126,6737,2921,2023-06-27,Net Banking
6127,6571,1983,2023-05-24,Credit Card
6128,8939,263,2023-06-16,UPI
6129,9502,4553,2023-05-23,Debit Card
6130,9307,4366,2023-06-10,Credit Card
6131,9316,2582,2023-06-27,Credit Card
6132,2448,3128,2023-04-15,Net Banking
6133,8622,3913,2023-06-12,UPI
6134,4464,2914,2023-04-14,Debit Card
6135,4907,1298,2023-06-06,Net Banking
6136,8477,4400,2023-04-21,Credit Card
6137,681,4011,2023-06-28,Debit Card
6138,5103,3683,2023-05-08,Debit Card
6139,6217,1199,2023-06-07,Debit Card
6140,1505,373,2023-06-25,Net Banking
6141,7176,2867,2023-06-18,UPI
6142,5669,369,2023-06-20,Credit Card
6143,5898,2060,2023-04-30,UPI
6144,61,1377,2023-06-26,Net Banking
6145,1504,2020,2023-05-24,Credit Card
6146,5299,297,2023-02-04,Debit Card
6147,5697,4034,2023-05-26,Debit Card
6148,9390,4477,2023-05-25,Net Banking
6149,6683,3278,2023-05-08,Debit Card
6150,8179,2200,2023-03-03,UPI
6151,8345,3809,2023-06-26,Debit Card
6152,1171,1262,2023-06-28,UPI
6153,8469,1044,2023-03-12,Credit Card
6154,491,1893,2023-06-26,Credit Card
6155,9459,804,2023-06-28,Net Banking
6156,3476,576,2023-05-12,Debit Card
6157,32,2023,2023-03-21,Credit Card
6158,7235,1887,2023-06-22,Credit Card
6159,4955,2919,2023-05-16,Debit Card
6160,6834,1381,2023-06-14,UPI
6161,1461,2156,2023-06-26,UPI
6162,2066,1976,2023-06-07,Net Banking
6163,5775,3683,2023-06-10,Credit Card
6164,5648,2157,2023-05-31,UPI
6165,9215,1679,2023-06-19,Debit Card
6166,9241,1446,2023-02-26,UPI
6167,6366,3737,2023-04-08,Debit Card
6168,4980,4291,2023-06-28,UPI
6169,8079,4880,2023-06-28,Credit Card
6170,3407,1386,2023-05-23,Debit Card
6171,1550,3993,2023-05-27,Net Banking
6172,2110,4268,2023-06-29,UPI
6173,377,3301,2023-06-13,UPI
6174,2050,3891,2023-06-24,Credit Card
6175,1422,1841,2023-03-17,UPI
6176,9853,4619,2023-05-04,Credit Card
6177,3502,333,2023-06-05,Debit Card
6178,2154,4617,2023-06-17,Net Banking
6179,2962,3320,2023-06-21,Credit Card
6180,6206,2393,2023-06-17,Net Banking
6181,5062,1522,2023-05-07,UPI
6182,7373,4568,2023-05-31,UPI
6183,5074,1762,2023-05-31,UPI
6184,3136,1568,2023-06-25,Credit Card
6185,5201,3890,2023-06-22,Net Banking
6186,7477,576,2023-03-02,Debit Card
6187,9985,2380,2023-05-23,UPI
6188,2133,1877,2023-02-05,Credit Card
6189,9555,3521,2023-06-23,Debit Card
6190,6124,2990,2023-01-29,UPI
6191,982,1586,2023-06-28,UPI
6192,7491,4081,2023-02-22,Credit Card
6193,8054,3524,2023-06-29,Credit Card
6194,1359,1872,2023-06-17,UPI
6195,4595,743,2023-06-03,Net Banking
6196,484,4511,2023-03-25,UPI
6197,8778,243,2023-06-16,Credit Card
6198,7579,2659,2023-06-24,Credit Card
6199,8871,1005,2023-05-17,Credit Card
6200,8797,2937,2023-06-28,Net Banking
6201,8382,570,2023-04-17,Debit Card
6202,4028,4058,2023-06-29,Net Banking
6203,4873,4090,2023-05-06,Credit Card
6204,3078,307,2023-05-29,Net Banking
6205,9425,3994,2023-06-26,UPI
6206,17,646,2023-06-02,Net Banking
6207,7177,4125,2023-03-09,UPI
6208,398,4649,2023-04-12,Net Banking
6209,6436,3037,2023-06-27,UPI
6210,1692,3342,2023-06-20,Net Banking
6211,172,3222,2023-06-04,Debit Card
6212,7794,3503,2023-06-23,UPI
6213,4371,1053,2023-06-10,UPI
6214,8535,3304,2023-03-30,Net Banking
6215,827,3379,2023-06-03,Net Banking
6216,1917,422,2023-05-10,UPI
6217,3532,4051,2023-05-27,Net Banking
6218,1717,2095,2023-06-17,Credit Card
6219,2004,4802,2023-03-06,Net Banking
6220,3336,319,2023-06-10,Debit Card
6221,6222,1804,2023-06-26,UPI
6222,6014,1801,2023-04-28,Debit Card
6223,315,1337,2023-06-19,Debit Card
6224,7227,4699,2023-06-29,Credit Card
6225,973,313,2023-06-25,Credit Card
6226,5533,804,2023-06-13,Debit Card
6227,2522,1271,2023-06-27,UPI
6228,3261,241,2023-05-11,Debit Card
6229,7947,2841,2023-04-06,Net Banking
6230,2939,2896,2023-05-09,UPI
6231,3317,4509,2023-05-14,UPI
6232,9648,3080,2023-04-22,Net Banking
6233,1440,1377,2023-06-05,UPI
6234,479,1345,2023-05-28,Credit Card
6235,42,2847,2023-05-24,UPI
6236,9045,3742,2023-06-19,UPI
6237,8388,4262,2023-06-29,UPI
6238,5121,1599,2023-06-07,UPI
6239,5789,2487,2023-03-22,Debit Card
6240,951,4091,2023-05-13,Debit Card
6241,7664,2494,2023-04-26,UPI
6242,1570,4148,2023-06-21,Credit Card
6243,5508,2177,2023-04-20,Credit Card
6244,9586,4856,2023-06-11,Debit Card
6245,4721,3155,2023-06-28,Net Banking
6246,5944,1502,2023-04-08,Credit Card
6247,7973,1018,2023-05-06,UPI
6248,4193,235,2023-02-23,Net Banking
6249,9879,358,2023-04-18,Debit Card
6250,180,159,2023-06-29,Credit Card
6251,8297,1075,2023-06-27,UPI
6252,9267,2615,2023-05-31,UPI
6253,1307,4771,2023-01-25,Net Banking
6254,3711,1185,2023-06-29,Credit Card
6255,2620,4554,2023-02-16,UPI
6256,6431,4580,2023-06-11,Debit Card
6257,5009,1174,2023-05-14,Net Banking
6258,751,3481,2023-06-08,Credit Card
6259,9448,3585,2023-06-14,Credit Card
6260,6719,167,2023-03-20,Net Banking
6261,9059,1513,2023-06-27,Credit Card
6262,3108,3739,2023-05-31,UPI
6263,8777,3359,2023-05-05,UPI
6264,8254,2173,2023-01-19,Credit Card
6265,4228,1890,2023-06-15,Credit Card
6266,157,1071,2023-05-27,Net Banking
6267,7466,3125,2023-06-14,Net Banking
6268,452,761,2023-06-27,Net Banking
6269,7988,3407,2023-06-27,Credit Card
6270,3424,3524,2023-06-19,Net Banking
6271,9380,515,2023-05-01,Debit Card
6272,3031,4617,2023-06-25,Net Banking
6273,6684,1255,2023-05-02,Net Banking
6274,466,4748,2023-04-16,UPI
6275,2415,2887,2023-04-21,Credit Card
6276,1353,268,2023-02-12,UPI
6277,5636,3913,2023-06-24,Net Banking
6278,5479,3760,2023-04-01,Credit Card
6279,176,274,2023-06-28,Credit Card
6280,3904,3792,2023-01-23,Debit Card
6281,7638,4052,2023-03-26,Net Banking
6282,7906,4180,2023-06-26,UPI
6283,9319,3934,2023-05-15,Net Banking
6284,3039,2705,2023-05-19,Credit Card
6285,7201,4508,2023-05-10,Debit Card
6286,8659,2625,2023-06-28,Net Banking
6287,6775,3620,2023-03-06,Credit Card
6288,7055,156,2023-05-14,Debit Card
6289,1885,2344,2023-05-10,Debit Card
6290,3107,879,2023-02-27,Credit Card
6291,7491,4548,2023-06-02,Net Banking
6292,3329,473,2023-05-13,Credit Card
6293,982,965,2023-06-03,Net Banking
6294,3041,2422,2023-03-21,Credit Card
6295,2450,602,2023-06-06,Debit Card
6296,3473,4609,2023-06-28,UPI
6297,9675,3709,2023-03-17,UPI
6298,1360,3292,2023-06-19,Net Banking
6299,2556,3130,2023-06-10,Credit Card
6300,4919,1640,2023-04-09,UPI
6301,7873,3924,2023-05-28,UPI
6302,3017,4651,2023-06-05,UPI
6303,6132,1271,2023-06-18,Net Banking
6304,8666,2142,2023-06-17,Credit Card
6305,4741,1470,2023-03-28,Credit Card
6306,9148,3228,2023-02-11,Net Banking
6307,6340,1123,2023-05-26,UPI
6308,3017,1286,2023-03-25,Net Banking
6309,5116,4836,2023-06-24,Net Banking
6310,8007,3282,2023-06-28,UPI
6311,9406,332,2023-06-08,Debit Card
6312,2154,1612,2023-06-02,Net Banking
6313,8617,1679,2023-04-11,Debit Card
6314,947,3072,2023-06-03,UPI
6315,9820,4008,2023-05-31,Net Banking
6316,3443,485,2023-05-26,UPI
6317,1108,2774,2023-06-13,Credit Card
6318,2391,1738,2023-06-19,Credit Card
6319,6079,1665,2023-06-22,Net Banking
6320,1581,412,2023-05-20,Debit Card
6321,8211,4711,2023-06-13,UPI
6322,2059,4155,2023-04-21,UPI
6323,730,3356,2023-06-27,Net Banking
6324,7270,1944,2023-02-09,Net Banking
6325,6540,4878,2023-06-28,Debit Card
6326,8868,2306,2023-06-20,Debit Card
6327,1269,1785,2023-06-29,Credit Card
6328,4582,321,2023-06-26,UPI
6329,1044,2339,2023-05-01,UPI
6330,5884,1040,2023-03-13,Debit Card
6331,1471,4574,2023-06-09,UPI
6332,5724,2513,2023-06-29,Debit Card
6333,3035,3108,2023-05-19,Net Banking
6334,3746,3796,2023-02-25,Credit Card
6335,9465,3258,2023-05-29,UPI
6336,6253,3304,2023-06-14,UPI
6337,2228,280,2023-06-20,Debit Card
6338,4175,394,2023-06-29,Debit Card
6339,9164,2387,2023-05-29,Net Banking
6340,7641,1758,2023-05-07,UPI
6341,3597,229,2023-06-07,UPI
6342,512,894,2023-03-06,Debit Card
6343,1358,560,2023-05-08,Debit Card
6344,597,4164,2023-03-28,Debit Card
6345,8959,2205,2023-01-26,Credit Card
6346,994,3237,2023-06-27,Debit Card
6347,1078,4993,2023-06-29,Credit Card
6348,2954,354,2023-06-20,Debit Card
6349,5183,2739,2023-06-09,UPI
6350,3961,1453,2023-06-11,Debit Card
6351,4757,2204,2023-05-13,Credit Card
6352,5561,4696,2023-06-27,Debit Card
6353,5085,1144,2023-02-22,Credit Card
6354,5821,3559,2023-06-13,Credit Card
6355,2980,4463,2023-04-26,Net Banking
6356,2818,3175,2023-05-09,Debit Card
6357,919,3759,2023-04-18,Credit Card
6358,4319,3530,2023-06-15,Net Banking
6359,2243,2347,2023-06-08,Credit Card
6360,6580,1736,2023-06-12,Net Banking
6361,7684,1900,2023-03-01,Net Banking
6362,1449,3988,2023-06-04,UPI
6363,923,1502,2023-06-07,Debit Card
6364,7066,3932,2023-02-19,Debit Card
6365,4011,3975,2023-05-04,UPI
6366,2056,2578,2023-05-16,Debit Card
6367,3608,3795,2023-06-20,Debit Card
6368,9645,1893,2023-06-01,Credit Card
6369,9354,4402,2023-05-23,Net Banking
6370,3248,3472,2023-05-27,UPI
6371,3214,3361,2023-06-24,Net Banking
6372,9347,1189,2023-06-25,UPI
6373,9534,3518,2023-04-24,Net Banking
6374,4612,2681,2023-04-25,Credit Card
6375,8043,2920,2023-03-12,Net Banking
6376,9191,4482,2023-06-22,Credit Card
6377,3196,4803,2023-05-31,Debit Card
6378,1884,4133,2023-06-24,Net Banking
6379,1085,4081,2023-04-04,Debit Card
6380,5378,4086,2023-04-11,UPI
6381,2136,3550,2023-04-18,Net Banking
6382,839,2109,2023-05-03,Net Banking
6383,7898,3216,2023-04-20,Debit Card
6384,6695,4617,2023-06-27,Credit Card
6385,2616,1358,2023-06-07,Net Banking
6386,1783,3142,2023-06-26,Debit Card
6387,2377,3753,2023-02-09,Credit Card
6388,8839,652,2023-06-29,UPI
6389,6332,4933,2023-06-28,UPI
6390,4622,1056,2023-05-23,Credit Card
6391,8819,739,2023-03-25,UPI
6392,7896,4531,2023-05-10,Debit Card
6393,4884,2326,2023-03-19,Net Banking
6394,2321,189,2023-06-23,Credit Card
6395,7192,3534,2023-06-25,UPI
6396,7224,1685,2023-06-22,Debit Card
6397,3497,2667,2023-03-16,Net Banking
6398,695,3332,2023-06-08,Credit Card
6399,7064,3217,2023-06-20,Debit Card
6400,1053,3577,2023-06-23,Net Banking
6401,1727,2391,2023-02-12,Debit Card
6402,4113,1636,2023-03-14,Net Banking
6403,4316,3873,2023-06-28,Net Banking
6404,4011,4765,2023-06-28,Credit Card
6405,5605,4372,2023-04-12,Net Banking
6406,4596,4143,2023-06-03,Net Banking
6407,607,1227,2023-06-08,Credit Card
6408,7742,780,2023-06-29,Net Banking
6409,6607,268,2023-04-27,Credit Card
6410,2012,4191,2023-06-19,Net Banking
6411,2293,3237,2023-05-03,Credit Card
6412,7985,3921,2023-04-07,Debit Card
6413,4873,4079,2023-05-05,Debit Card
6414,8526,4314,2023-03-01,UPI
6415,1120,2664,2023-06-14,Debit Card
6416,7525,2631,2023-06-16,Debit Card
6417,2815,2852,2023-05-19,Debit Card
6418,8282,614,2023-03-15,Net Banking
6419,4408,3059,2023-06-23,UPI
6420,1055,663,2023-06-20,UPI
6421,4932,4591,2023-05-25,Net Banking
6422,3893,2428,2023-05-19,UPI
6423,1820,2956,2023-02-19,Debit Card
6424,5704,3137,2023-06-22,Debit Card
6425,3659,3137,2023-05-25,Credit Card
6426,2773,4739,2023-04-05,Credit Card
6427,5226,1639,2023-06-13,UPI
6428,9640,1691,2023-02-17,Credit Card
6429,468,3963,2023-03-11,Net Banking
6430,1482,1315,2023-05-30,Net Banking
6431,6175,4493,2023-06-28,Net Banking
6432,7985,3659,2023-04-05,Credit Card
6433,2294,493,2023-06-08,Net Banking
6434,3746,4607,2023-05-08,UPI
6435,1826,3810,2023-05-03,Net Banking
6436,7135,4626,2023-06-21,Credit Card
6437,6492,2222,2023-03-26,Credit Card
6438,2928,136,2023-05-31,Credit Card
6439,7548,878,2023-05-18,UPI
6440,2265,1312,2023-03-09,UPI
6441,2537,536,2023-05-30,Credit Card
6442,2707,3994,2023-04-10,Debit Card
6443,1991,3834,2023-04-14,Debit Card
6444,8722,1901,2023-05-08,Debit Card
6445,2633,4936,2023-06-29,Debit Card
6446,5952,4381,2023-06-26,Net Banking
6447,9053,1650,2023-06-08,UPI
6448,6194,335,2023-03-25,Net Banking
6449,5532,2175,2023-03-17,Net Banking
6450,8614,1582,2023-06-29,UPI
6451,5669,2173,2023-06-14,Debit Card
6452,9696,3271,2023-05-05,UPI
6453,1154,4929,2023-05-21,Credit Card
6454,751,2375,2023-06-03,Net Banking
6455,3351,4633,2023-06-28,Debit Card
6456,6341,3907,2023-06-27,Credit Card
6457,263,2528,2023-06-15,Net Banking
6458,7797,2807,2023-05-10,Credit Card
6459,40,4866,2023-05-24,Credit Card
6460,8333,2408,2023-06-27,Credit Card
6461,5133,4854,2023-03-01,UPI
6462,3254,3562,2023-03-20,Credit Card
6463,1645,2401,2023-05-12,Net Banking
6464,5,4774,2023-04-19,Net Banking
6465,9161,4804,2023-06-27,Credit Card
6466,7866,2749,2023-06-03,Credit Card
6467,3535,4612,2023-05-30,Debit Card
6468,6164,2568,2023-05-13,Credit Card
6469,1658,3363,2023-06-22,Net Banking
6470,1712,1498,2023-06-09,Debit Card
6471,3980,1334,2023-06-10,Debit Card
6472,1271,3630,2023-06-29,Debit Card
6473,6121,997,2023-05-04,UPI
6474,8280,831,2023-03-11,UPI
6475,7606,269,2023-06-01,UPI
6476,8897,4417,2023-04-14,Credit Card
6477,2958,4217,2023-06-19,UPI
6478,3022,1509,2023-05-09,Credit Card
6479,3661,4085,2023-05-14,Credit Card
6480,9341,2740,2023-04-02,Debit Card
6481,4638,4770,2023-05-31,UPI
6482,8142,536,2023-05-21,Credit Card
6483,2562,851,2023-04-03,Debit Card
6484,6349,3471,2023-05-06,Net Banking
6485,9539,3218,2023-06-22,UPI
6486,2003,1992,2023-03-19,Net Banking
6487,5741,679,2023-04-23,UPI
6488,2976,306,2023-01-25,UPI
6489,4684,1093,2023-06-16,Credit Card
6490,7979,1269,2023-06-14,UPI
6491,5392,3271,2023-04-30,UPI
6492,7753,4235,2023-06-07,Net Banking
6493,6598,2052,2023-04-10,UPI
6494,1827,828,2023-06-18,UPI
6495,8093,4415,2023-05-12,UPI
6496,4149,1157,2023-05-12,UPI
6497,9763,312,2023-03-15,Net Banking
6498,1078,3419,2023-06-29,Net Banking
6499,2596,3823,2023-05-03,Net Banking
6500,2208,3582,2023-03-10,Net Banking
6501,9052,1131,2023-06-19,UPI
6502,3869,4854,2023-02-14,Credit Card
6503,3576,2677,2023-05-12,Net Banking
6504,249,4638,2023-06-08,Debit Card
6505,2131,3665,2023-06-12,Debit Card
6506,7039,4696,2023-06-23,Debit Card
6507,1305,4673,2023-05-29,Debit Card
6508,7477,4349,2023-06-28,UPI
6509,9141,3797,2023-06-06,Credit Card
6510,387,2813,2023-05-22,Net Banking
6511,5412,495,2023-06-11,UPI
6512,8837,3415,2023-03-30,UPI
6513,9962,2338,2023-04-20,Debit Card
6514,9507,4978,2023-06-29,UPI
6515,7469,1193,2023-06-28,Debit Card
6516,8611,4042,2023-04-17,Net Banking
6517,2503,411,2023-06-07,Net Banking
6518,8395,3529,2023-03-30,Credit Card
6519,8834,3453,2023-06-04,Credit Card
6520,3390,4783,2023-06-27,Debit Card
6521,4955,2100,2023-06-28,Debit Card
6522,1108,4391,2023-05-07,Net Banking
6523,3615,3742,2023-03-11,Credit Card
6524,2663,313,2023-04-23,Debit Card
6525,1328,2414,2023-06-04,Credit Card
6526,6030,3091,2023-06-13,Debit Card
6527,6146,3959,2023-05-13,UPI
6528,2975,1587,2023-05-26,Net Banking
6529,9492,968,2023-06-20,Credit Card
6530,1906,1638,2023-06-21,UPI
6531,5105,2935,2023-04-12,Net Banking
6532,4087,385,2023-06-26,UPI
6533,1821,2229,2023-06-18,UPI
6534,7581,1757,2023-06-16,Debit Card
6535,2147,4845,2023-06-07,Net Banking
6536,2191,4231,2023-06-01,Debit Card
6537,6203,3419,2023-06-22,Debit Card
6538,6241,148,2023-05-21,Credit Card
6539,5264,222,2023-06-11,UPI
6540,7591,4111,2023-04-12,Debit Card
6541,4567,1797,2023-04-29,Debit Card
6542,8766,3638,2023-05-29,Credit Card
6543,892,3745,2023-05-16,Credit Card
6544,2759,4663,2023-06-17,Debit Card
6545,560,276,2023-06-16,Debit Card
6546,3974,1987,2023-05-30,Debit Card
6547,8043,2588,2023-05-24,UPI
6548,9472,2518,2023-04-22,UPI
6549,3077,4153,2023-03-22,Credit Card
6550,8288,4796,2023-05-14,Debit Card
6551,6751,3617,2023-06-03,Net Banking
6552,3353,2783,2023-06-16,Credit Card
6553,5312,4036,2023-06-26,Net Banking
6554,7780,1974,2023-06-26,Credit Card
6555,5359,4096,2023-04-15,Debit Card
6556,978,2437,2023-04-01,UPI
6557,3602,4740,2023-06-27,UPI
6558,2809,390,2023-04-11,Credit Card
6559,1241,373,2023-06-19,Credit Card
6560,6381,1688,2023-03-07,Debit Card
6561,9740,241,2023-06-24,Net Banking
6562,801,4155,2023-06-11,UPI
6563,1401,1345,2023-04-28,Debit Card
6564,7904,869,2023-04-18,UPI
6565,2975,1084,2023-06-12,Net Banking
6566,6477,150,2023-05-09,Debit Card
6567,8572,325,2023-04-06,UPI
6568,5307,2454,2023-06-29,Credit Card
6569,6607,2579,2023-05-12,Credit Card
6570,3804,3564,2023-06-27,Net Banking
6571,2363,2880,2023-05-06,UPI
6572,7643,2711,2023-06-25,Net Banking
6573,5158,299,2023-06-19,Credit Card
6574,1745,3216,2023-06-05,Net Banking
6575,733,4021,2023-04-24,UPI
6576,491,4540,2023-06-18,Debit Card
6577,5884,3050,2023-03-14,Debit Card
6578,7536,3173,2023-05-17,Credit Card
6579,1197,1325,2023-05-27,UPI
6580,5975,4964,2023-06-24,UPI
6581,5139,1724,2023-05-12,Credit Card
6582,4403,4603,2023-02-22,UPI
6583,6179,2792,2023-06-10,UPI
6584,7483,2619,2023-06-28,Debit Card
6585,5129,1720,2023-06-12,Debit Card
6586,5775,3314,2023-04-11,UPI
6587,2564,4488,2023-05-02,UPI
6588,5370,1807,2023-05-16,Debit Card
6589,571,4911,2023-06-01,Net Banking
6590,4403,4183,2023-04-14,UPI
6591,2816,4413,2023-06-27,Credit Card
6592,234,2447,2023-05-28,Credit Card
6593,8406,4306,2023-04-10,Credit Card
6594,2641,3335,2023-06-20,Net Banking
6595,6957,3805,2023-06-29,UPI
6596,4617,809,2023-04-28,Net Banking
6597,443,1796,2023-06-07,Net Banking
6598,25,322,2023-06-15,Credit Card
6599,9489,2515,2023-06-10,Credit Card
6600,814,956,2023-03-16,Credit Card
6601,266,3916,2023-04-03,UPI
6602,6738,3553,2023-06-26,UPI
6603,5201,1263,2023-05-09,Debit Card
6604,3532,3640,2023-06-10,Credit Card
6605,6903,477,2023-06-19,Credit Card
6606,1309,3830,2023-04-09,UPI
6607,7287,4760,2023-06-19,Debit Card
6608,907,3598,2023-04-23,Debit Card
6609,5794,522,2023-06-12,UPI
6610,7800,615,2023-06-01,Credit Card
6611,6868,3390,2023-06-17,Net Banking
6612,6966,2198,2023-05-12,Credit Card
6613,3305,3300,2023-05-21,Debit Card
6614,4771,157,2023-06-06,UPI
6615,9084,4550,2023-06-08,Debit Card
6616,1812,4085,2023-06-09,UPI
6617,2279,4979,2023-05-16,Debit Card
6618,5792,3202,2023-05-07,Credit Card
6619,7469,637,2023-06-22,Debit Card
6620,3029,3832,2023-05-15,Credit Card
6621,2987,1513,2023-02-12,Credit Card
6622,2179,1117,2023-06-27,UPI
6623,995,2286,2023-05-22,Debit Card
6624,664,2442,2023-06-16,Debit Card
6625,8345,3712,2023-04-18,Debit Card
6626,6683,904,2023-06-27,Credit Card
6627,9143,2566,2023-03-07,Credit Card
6628,7425,1445,2023-05-02,Debit Card
6629,7474,2685,2023-03-20,UPI
6630,5649,3098,2023-06-18,Debit Card
6631,6585,1168,2023-06-18,Debit Card
6632,3557,3701,2023-06-23,Debit Card
6633,1485,2128,2023-06-29,UPI
6634,5261,779,2023-06-07,UPI
6635,9964,1029,2023-04-25,UPI
6636,907,2298,2023-05-11,Net Banking
6637,2278,999,2023-06-29,UPI
6638,7236,4214,2023-05-15,Net Banking
6639,634,385,2023-04-14,Net Banking
6640,8286,2644,2023-01-23,UPI
6641,2657,3045,2023-06-01,UPI
6642,6796,1188,2023-02-21,UPI
6643,7654,3387,2023-06-11,Net Banking
6644,1532,277,2023-04-25,UPI
6645,9910,3848,2023-06-06,UPI
6646,9768,1837,2023-06-02,Debit Card
6647,5888,1000,2023-06-24,Debit Card
6648,5588,1991,2023-05-05,Credit Card
6649,9273,4217,2023-06-17,Net Banking
6650,3256,4519,2023-06-28,UPI
6651,9606,3844,2023-05-26,Debit Card
6652,23,4448,2023-05-13,UPI
6653,4319,3147,2023-05-15,UPI
6654,7083,4611,2023-05-02,UPI
6655,4183,4844,2023-06-14,UPI
6656,7896,1223,2023-06-29,Debit Card
6657,2521,1042,2023-05-12,UPI
6658,3277,1749,2023-06-07,Debit Card
6659,2990,3416,2023-05-20,Net Banking
6660,4638,2199,2023-04-11,Debit Card
6661,485,4919,2023-06-22,Net Banking
6662,2409,135,2023-05-13,Debit Card
6663,5380,1072,2023-05-26,Net Banking
6664,7889,3341,2023-04-18,UPI
6665,4252,1149,2023-05-12,Debit Card
6666,611,3822,2023-06-02,Credit Card
6667,2359,3181,2023-06-26,Credit Card
6668,753,2419,2023-01-12,Credit Card
6669,3608,2929,2023-06-10,Credit Card
6670,2976,4769,2023-05-19,UPI
6671,2539,2750,2023-04-21,Net Banking
6672,570,4539,2023-06-29,Credit Card
6673,3506,3572,2023-02-22,Credit Card
6674,7758,1024,2023-04-23,UPI
6675,9735,3547,2023-05-28,Net Banking
6676,2129,121,2023-05-24,UPI
6677,8857,3686,2023-06-13,UPI
6678,9124,3610,2023-06-23,Credit Card
6679,6521,421,2023-06-06,Net Banking
6680,6455,4141,2023-05-02,UPI
6681,5132,1440,2023-06-26,Credit Card
6682,5854,304,2023-06-21,Net Banking
6683,1006,1403,2023-05-19,UPI
6684,4122,2003,2023-06-21,Debit Card
6685,3414,3157,2023-06-25,UPI
6686,9804,3827,2023-04-20,Credit Card
6687,7406,4292,2023-06-29,UPI
6688,1380,4427,2023-04-24,UPI
6689,5601,2084,2023-05-14,Credit Card
6690,2348,637,2023-05-25,Debit Card
6691,653,1051,2023-06-17,Debit Card
6692,9243,532,2023-06-19,UPI
6693,9923,4933,2023-06-10,Net Banking
6694,4353,3360,2023-06-08,Credit Card
6695,1981,4622,2023-05-19,UPI
6696,6081,1745,2023-06-19,Credit Card
6697,8038,4540,2023-06-08,Credit Card
6698,2894,2029,2023-06-03,Credit Card
6699,724,3907,2023-05-21,Net Banking
6700,2843,1595,2023-05-20,Credit Card
6701,5092,3196,2023-06-28,Net Banking
6702,2113,2777,2023-06-28,Net Banking
6703,2355,2208,2023-06-26,Net Banking
6704,9564,1726,2023-06-18,Debit Card
6705,8115,4237,2023-03-17,UPI
6706,1333,795,2023-05-07,Credit Card
6707,5607,356,2023-03-16,Credit Card
6708,2006,1940,2023-06-28,Net Banking
6709,1441,704,2023-06-27,Debit Card
6710,7805,4849,2023-04-15,Net Banking
6711,2657,4107,2023-05-28,Net Banking
6712,6258,2945,2023-06-25,Debit Card
6713,3497,3069,2023-03-03,Credit Card
6714,4921,4459,2023-05-30,Debit Card
6715,1932,4356,2023-06-18,Credit Card
6716,9479,2607,2023-03-18,UPI
6717,2424,3536,2023-05-04,Net Banking
6718,7596,2632,2023-04-15,Credit Card
6719,1228,2429,2023-04-13,UPI
6720,1629,767,2023-06-10,UPI
6721,6176,4292,2023-05-18,Credit Card
6722,4364,513,2023-06-29,UPI
6723,9518,3075,2023-04-06,Net Banking
6724,1729,4952,2023-05-06,Credit Card
6725,6552,2250,2023-04-17,Debit Card
6726,2970,1595,2023-06-29,UPI
6727,6562,4362,2023-06-20,Credit Card
6728,2063,318,2023-04-13,Net Banking
6729,5548,227,2023-06-25,Credit Card
6730,3108,2195,2023-05-31,Net Banking
6731,5949,4776,2023-05-21,UPI
6732,1054,601,2023-06-14,Net Banking
6733,5891,3887,2023-04-05,Credit Card
6734,3327,4648,2023-04-30,UPI
6735,5871,4173,2023-04-19,Debit Card
6736,7671,1672,2023-06-12,Net Banking
6737,6591,769,2023-04-18,Credit Card
6738,3125,4216,2023-06-27,UPI
6739,7872,1151,2023-05-26,Net Banking
6740,5830,3565,2023-05-13,Debit Card
6741,1595,4036,2023-06-24,Credit Card
6742,1504,4762,2023-04-04,UPI
6743,2365,4841,2023-06-29,Debit Card
6744,6776,667,2023-05-24,Net Banking
6745,8399,2878,2023-06-23,UPI
6746,2412,763,2023-04-14,UPI
6747,4230,2222,2023-05-29,Debit Card
6748,9204,2751,2023-01-15,UPI
6749,2620,790,2023-06-17,Net Banking
6750,8723,4028,2023-04-11,Debit Card
6751,9008,4293,2023-06-10,Debit Card
6752,9436,1564,2023-06-18,Net Banking
6753,7611,1061,2023-06-29,Net Banking
6754,7712,1368,2023-06-15,Net Banking
6755,5908,1146,2023-03-23,Debit Card
6756,5697,2341,2023-05-18,Credit Card
6757,7226,4709,2023-05-27,UPI
6758,7735,141,2023-06-08,UPI
6759,7388,3225,2023-06-21,UPI
6760,9598,3075,2023-04-24,Net Banking
6761,9383,4054,2023-05-12,Debit Card
6762,3339,4983,2023-05-03,Debit Card
6763,5351,2228,2023-01-16,Debit Card
6764,4250,2571,2023-06-05,UPI
6765,3920,3911,2023-03-08,Credit Card
6766,3506,3640,2023-03-02,Net Banking
6767,351,865,2023-06-18,Credit Card
6768,3750,4405,2023-06-19,Credit Card
6769,1203,1337,2023-03-24,UPI
6770,9452,3064,2023-05-19,Debit Card
6771,532,2857,2023-05-03,Credit Card
6772,4321,834,2023-03-26,Net Banking
6773,4509,3522,2023-06-24,UPI
6774,2587,2066,2023-05-21,Credit Card
6775,6833,566,2023-06-11,Credit Card
6776,1817,154,2023-06-02,Net Banking
6777,3085,2808,2023-05-28,Debit Card
6778,3516,1853,2023-05-02,Debit Card
6779,5304,1722,2023-06-29,Debit Card
6780,148,826,2023-05-14,Debit Card
6781,1998,4764,2023-05-24,UPI
6782,5150,697,2023-05-08,Net Banking
6783,7963,1880,2023-06-01,Credit Card
6784,7615,4799,2023-05-04,Net Banking
6785,5389,2324,2023-04-14,Credit Card
6786,7480,1766,2023-04-20,Net Banking
6787,4042,793,2023-06-05,UPI
6788,89,4601,2023-05-06,Net Banking
6789,8083,108,2023-06-13,Net Banking
6790,4968,3985,2023-03-26,UPI
6791,8710,4265,2023-06-14,Net Banking
6792,5626,1861,2023-05-25,Net Banking
6793,1725,4126,2023-03-14,Credit Card
6794,6780,496,2023-04-21,Net Banking
6795,7480,4743,2023-04-11,Credit Card
6796,5938,4457,2023-06-16,Net Banking
6797,1289,1867,2023-06-21,Debit Card
6798,2325,4665,2023-06-05,Credit Card
6799,7923,2864,2023-05-14,Net Banking
6800,6198,3259,2023-04-01,Debit Card
6801,5209,4086,2023-06-02,UPI
6802,895,4421,2023-02-12,Credit Card
6803,699,1399,2023-06-25,Debit Card
6804,1776,327,2023-06-25,UPI
6805,5501,3834,2023-04-04,UPI
6806,2016,1402,2023-05-22,UPI
6807,4096,174,2023-06-19,Credit Card
6808,138,1277,2023-06-22,Net Banking
6809,8840,559,2023-03-27,Credit Card
6810,9144,2257,2023-05-03,Debit Card
6811,6790,4211,2023-05-13,Debit Card
6812,9220,884,2023-06-18,Net Banking
6813,2247,3380,2023-02-16,Net Banking
6814,1526,1275,2023-05-26,UPI
6815,9521,4082,2023-06-27,UPI
6816,3567,2041,2023-05-14,Net Banking
6817,7345,4705,2023-04-28,Credit Card
6818,2350,2875,2023-06-16,Credit Card
6819,8610,1796,2023-06-13,Credit Card
6820,1360,4222,2023-05-27,Credit Card
6821,8302,3824,2023-06-20,Credit Card
6822,4790,4784,2023-04-17,UPI
6823,9703,133,2023-06-06,Debit Card
6824,137,2388,2023-05-26,Credit Card
6825,4264,2433,2023-04-30,Net Banking
6826,8518,626,2023-06-27,UPI
6827,6095,433,2023-04-25,Credit Card
6828,1612,2617,2023-04-19,Debit Card
6829,2209,2181,2023-05-06,Net Banking
6830,5248,3393,2023-06-21,Debit Card
6831,2232,1906,2023-05-14,Debit Card
6832,5580,1341,2023-04-27,Debit Card
6833,3839,2548,2023-05-25,Net Banking
6834,7403,2328,2023-05-14,Debit Card
6835,5433,4394,2023-04-13,Net Banking
6836,1131,2979,2023-04-05,Debit Card
6837,7696,1814,2023-05-01,Credit Card
6838,4355,2420,2023-04-20,Debit Card
6839,9086,234,2023-04-30,Net Banking
6840,7440,229,2023-05-30,Credit Card
6841,6155,941,2023-05-29,Net Banking
6842,5888,4214,2023-06-22,Net Banking
6843,3447,1546,2023-05-15,Credit Card
6844,5712,4595,2023-04-15,Credit Card
6845,7220,1001,2023-06-03,UPI
6846,3277,656,2023-05-31,Debit Card
6847,7751,3180,2023-06-01,UPI
6848,2825,4598,2023-06-09,Debit Card
6849,6731,4513,2023-04-05,Net Banking
6850,1204,4655,2023-04-27,Credit Card
6851,4575,823,2023-05-22,Net Banking
6852,1652,2190,2023-06-05,Debit Card
6853,9768,4854,2023-06-16,UPI
6854,5088,2250,2023-06-10,UPI
6855,9526,4314,2023-06-23,Net Banking
6856,6624,4907,2023-03-17,Debit Card
6857,7086,1173,2023-05-26,Debit Card
6858,4075,2146,2023-05-07,Credit Card
6859,4384,2192,2023-06-07,Debit Card
6860,7545,1471,2023-05-28,Net Banking
6861,3701,2960,2023-05-22,Debit Card
6862,1088,2080,2023-05-15,Credit Card
6863,6244,1538,2023-06-26,Net Banking
6864,1868,535,2023-03-28,Debit Card
6865,1212,4750,2023-06-17,Net Banking
6866,947,990,2023-06-18,Debit Card
6867,394,4182,2023-06-19,Net Banking
6868,4648,890,2023-05-15,UPI
6869,7696,4459,2023-05-10,Net Banking
6870,4077,2594,2023-06-27,Credit Card
6871,2005,2694,2023-06-27,Debit Card
6872,8906,1250,2023-05-07,Net Banking
6873,2532,4575,2023-06-28,Debit Card
6874,1912,1137,2023-03-17,Net Banking
6875,2792,1401,2023-06-27,UPI
6876,471,1836,2023-06-29,Credit Card
6877,869,1763,2023-06-19,Net Banking
6878,9806,4761,2023-03-15,Debit Card
6879,6874,3760,2023-05-15,Net Banking
6880,4822,1983,2023-04-12,UPI
6881,2465,3035,2023-05-20,Credit Card
6882,4187,1155,2023-05-03,Credit Card
6883,904,4354,2023-02-14,Credit Card
6884,2465,2925,2023-06-26,Credit Card
6885,9558,1790,2023-01-22,Credit Card
6886,9316,4187,2023-06-22,UPI
6887,1189,2570,2023-05-30,Net Banking
6888,1316,2315,2023-05-30,UPI
6889,2949,841,2023-06-29,Net Banking
6890,6760,2324,2023-06-26,Net Banking
6891,9003,4814,2023-05-26,Net Banking
6892,1485,3454,2023-06-22,Debit Card
6893,1762,1625,2023-05-03,Debit Card
6894,4135,2453,2023-05-27,Credit Card
6895,1169,3810,2023-06-22,Net Banking
6896,477,1273,2023-03-01,Net Banking
6897,985,2932,2023-06-13,UPI
6898,8886,1026,2023-03-28,Credit Card
6899,4179,3377,2023-06-17,UPI
6900,9137,1045,2023-05-31,Credit Card
6901,2138,4755,2023-06-11,Credit Card
6902,7268,3882,2023-04-30,UPI
6903,2028,4438,2023-06-28,Net Banking
6904,2663,131,2023-03-21,Net Banking
6905,7467,4711,2023-02-28,Debit Card
6906,2414,2318,2023-06-29,Net Banking
6907,6392,3383,2023-05-31,Net Banking
6908,3041,3301,2023-03-15,Net Banking
6909,3866,1928,2023-05-14,UPI
6910,5729,1293,2023-05-05,Net Banking
6911,7917,892,2023-06-17,UPI
6912,9328,4364,2023-05-06,UPI
6913,2410,4132,2023-02-27,UPI
6914,6340,2309,2023-05-16,Net Banking
6915,3994,4339,2023-04-05,Debit Card
6916,6988,4646,2023-06-06,UPI
6917,7072,3702,2023-02-11,Debit Card
6918,354,572,2023-05-03,Credit Card
6919,4980,1470,2023-06-28,Debit Card
6920,8035,1258,2023-03-25,UPI
6921,468,4881,2023-04-12,Credit Card
6922,925,3073,2023-05-24,Debit Card
6923,6450,117,2023-04-09,UPI
6924,5995,3070,2023-03-18,Debit Card
6925,5480,3894,2023-06-29,UPI
6926,2890,4965,2023-05-17,Debit Card
6927,7212,4508,2023-05-17,Net Banking
6928,4915,3780,2023-05-20,UPI
6929,7486,4575,2023-05-17,Net Banking
6930,8352,2151,2023-03-22,UPI
6931,1627,3058,2023-06-20,Credit Card
6932,5819,1200,2023-05-19,UPI
6933,5511,2730,2023-06-11,Debit Card
6934,9747,153,2023-03-28,Debit Card
6935,4880,2198,2023-05-30,UPI
6936,8469,548,2023-02-09,Credit Card
6937,6124,4970,2023-06-21,Credit Card
6938,6325,3594,2023-05-15,UPI
6939,7364,516,2023-06-29,Debit Card
6940,3011,1473,2023-06-24,UPI
6941,5080,1221,2023-06-12,Credit Card
6942,9882,1194,2023-02-10,Debit Card
6943,6850,1637,2023-06-24,Credit Card
6944,6065,1626,2023-06-06,Debit Card
6945,3035,3456,2023-05-19,UPI
6946,1312,3456,2023-04-18,UPI
6947,4814,782,2023-06-15,Debit Card
6948,1441,1288,2023-04-27,Net Banking
6949,859,939,2023-05-13,Net Banking
6950,8145,2548,2023-05-10,UPI
6951,9718,3751,2023-06-08,UPI
6952,7527,155,2023-06-23,Net Banking
6953,265,2726,2023-06-12,Debit Card
6954,3608,3692,2023-05-25,Net Banking
6955,1081,3364,2023-05-19,Net Banking
6956,9800,878,2023-05-03,UPI
6957,9886,505,2023-04-14,UPI
6958,4814,4003,2023-06-29,UPI
6959,1123,3864,2023-05-17,Credit Card
6960,4186,191,2023-05-10,Debit Card
6961,293,4652,2023-06-06,Debit Card
6962,4186,2204,2023-05-31,Debit Card
6963,9282,2355,2023-05-05,Debit Card
6964,6148,2283,2023-06-18,Debit Card
6965,4956,4294,2023-02-25,Debit Card
6966,1917,2205,2023-05-20,UPI
6967,9879,1504,2023-06-16,Net Banking
6968,4435,1954,2023-05-01,UPI
6969,8102,511,2023-05-20,Credit Card
6970,1821,3502,2023-05-30,UPI
6971,5686,2418,2023-06-20,Debit Card
6972,2527,2847,2023-03-19,Debit Card
6973,8127,2816,2023-06-25,Net Banking
6974,7150,1294,2023-03-19,UPI
6975,3104,623,2023-06-25,UPI
6976,7956,3906,2023-04-10,UPI
6977,6359,1649,2023-04-13,UPI
6978,4175,1435,2023-06-29,Net Banking
6979,1266,1050,2023-06-10,UPI
6980,3179,1263,2023-06-24,Net Banking
6981,6205,4647,2023-06-20,UPI
6982,4500,213,2023-06-17,Credit Card
6983,1850,4334,2023-03-12,Debit Card
6984,2147,1158,2023-06-17,UPI
6985,1215,1192,2023-06-15,Credit Card
6986,4646,3097,2023-06-28,Credit Card
6987,7373,426,2023-04-27,Debit Card
6988,3156,2807,2023-02-17,Debit Card
6989,8937,4346,2023-03-27,Debit Card
6990,803,4163,2023-05-29,Credit Card
6991,8808,4821,2023-05-08,Debit Card
6992,3166,726,2023-06-09,UPI
6993,8456,3100,2023-05-17,UPI
6994,1838,601,2023-05-20,UPI
6995,8059,253,2023-06-29,UPI
6996,2682,3643,2023-04-15,Net Banking
6997,4976,115,2023-06-19,Net Banking
6998,4668,3473,2023-06-06,Net Banking
6999,8213,1027,2023-06-06,Net Banking
7000,3629,3114,2023-03-05,UPI
7001,9553,1749,2023-03-05,Credit Card
7002,8845,3679,2023-04-26,Credit Card
7003,8563,3975,2023-04-15,Net Banking
7004,3037,466,2023-05-07,Net Banking
7005,4712,1988,2023-05-21,UPI
7006,7467,3611,2023-05-01,Net Banking
7007,6599,3803,2023-06-28,Net Banking
7008,9169,4537,2023-04-26,Debit Card
7009,1606,1200,2023-04-14,Credit Card
7010,32,2831,2023-02-10,Net Banking
7011,6442,1452,2023-06-20,Debit Card
7012,908,4730,2023-06-28,Credit Card
7013,4877,4841,2023-03-13,Net Banking
7014,3401,2696,2023-03-07,Debit Card
7015,5324,2296,2023-05-10,UPI
7016,7629,2926,2023-06-27,Net Banking
7017,7165,4433,2023-04-10,Credit Card
7018,6312,1419,2023-05-29,UPI
7019,9557,3672,2023-05-07,UPI
7020,4356,513,2023-06-10,UPI
7021,366,4368,2023-05-03,Debit Card
7022,8359,1568,2023-06-15,Credit Card
7023,1923,2128,2023-01-03,Credit Card
7024,1004,3774,2023-06-09,Net Banking
7025,6336,1674,2023-06-23,UPI
7026,6570,3877,2023-05-04,Credit Card
7027,7863,1859,2023-04-20,Debit Card
7028,1408,4831,2023-06-10,Credit Card
7029,5097,4989,2023-06-17,Debit Card
7030,9008,201,2023-05-09,UPI
7031,8631,4390,2023-06-27,Net Banking
7032,95,2138,2023-05-20,UPI
7033,7033,292,2023-05-30,Credit Card
7034,612,4607,2023-05-31,UPI
7035,684,641,2023-03-09,Debit Card
7036,4585,4876,2023-05-21,Debit Card
7037,3726,1317,2023-06-12,Net Banking
7038,2364,1979,2023-05-11,Net Banking
7039,2425,2707,2023-06-07,Credit Card
7040,2880,3439,2023-06-23,Debit Card
7041,562,3294,2023-04-24,Debit Card
7042,7870,1965,2023-04-15,Net Banking
7043,907,2812,2023-05-27,Debit Card
7044,9383,1276,2023-05-21,UPI
7045,1085,2949,2023-03-16,Net Banking
7046,3619,2418,2023-05-21,Credit Card
7047,7320,4303,2023-06-23,Credit Card
7048,2605,3149,2023-05-05,Net Banking
7049,9087,3959,2023-05-26,Debit Card
7050,2496,502,2023-06-11,Credit Card
7051,1464,351,2023-06-07,Debit Card
7052,1320,591,2023-04-03,Net Banking
7053,7493,4159,2023-06-01,Debit Card
7054,2438,1449,2023-06-13,Debit Card
7055,7271,618,2023-06-04,Credit Card
7056,4160,761,2023-06-15,Debit Card
7057,9259,1857,2023-06-09,UPI
7058,5145,1747,2023-06-25,UPI
7059,3692,1259,2023-05-27,UPI
7060,249,3707,2023-06-08,Credit Card
7061,9067,3046,2023-06-23,Net Banking
7062,4541,1263,2023-04-04,Debit Card
7063,4746,1409,2023-05-26,UPI
7064,6583,1366,2023-06-16,Debit Card
7065,3613,3663,2023-05-18,Credit Card
7066,8086,4564,2023-06-16,Net Banking
7067,9175,4411,2023-03-27,UPI
7068,3529,3800,2023-05-05,UPI
7069,57,3955,2023-04-21,Credit Card
7070,3056,3020,2023-06-18,Credit Card
7071,1003,4956,2023-03-07,Debit Card
7072,7932,1706,2023-06-06,UPI
7073,2573,827,2023-06-05,Net Banking
7074,9736,955,2023-06-22,UPI
7075,9431,2711,2023-06-24,UPI
7076,733,3789,2023-06-13,Credit Card
7077,3273,2003,2023-03-05,Credit Card
7078,4106,2837,2023-03-15,Net Banking
7079,6142,3380,2023-06-23,Net Banking
7080,8712,794,2023-04-30,UPI
7081,8054,2235,2023-06-23,Debit Card
7082,9722,1584,2023-06-01,Net Banking
7083,783,1515,2023-05-20,Debit Card
7084,2795,3036,2023-05-15,Debit Card
7085,1737,3916,2023-06-28,Credit Card
7086,3809,537,2023-06-10,UPI
7087,485,1216,2023-06-19,Credit Card
7088,6396,743,2023-02-16,Credit Card
7089,1503,1092,2023-06-21,UPI
7090,8238,1483,2023-05-15,UPI
7091,7084,368,2023-06-19,Net Banking
7092,3346,4388,2023-06-13,Credit Card
7093,2922,2374,2023-05-12,Credit Card
7094,6785,711,2023-04-16,Credit Card
7095,2232,972,2023-06-05,Net Banking
7096,6604,2249,2023-05-06,Debit Card
7097,7147,1525,2023-03-01,Debit Card
7098,7643,4855,2023-05-13,Debit Card
7099,6526,892,2023-06-24,Net Banking
7100,2142,4400,2023-05-27,UPI
7101,5465,1354,2023-06-17,Debit Card
7102,2455,4487,2023-06-27,UPI
7103,2763,2368,2023-04-21,Credit Card
7104,9084,1805,2023-06-09,Net Banking
7105,2975,3349,2023-05-17,Net Banking
7106,1549,2056,2023-04-11,Credit Card
7107,6416,3449,2023-06-09,Debit Card
7108,540,1657,2023-05-11,Debit Card
7109,5666,2796,2023-06-29,Net Banking
7110,2614,1325,2023-03-20,Credit Card
7111,4025,4496,2023-06-22,Debit Card
7112,9479,1808,2023-04-21,UPI
7113,6679,2976,2023-02-16,UPI
7114,5852,2486,2023-05-26,UPI
7115,8940,1083,2023-06-06,UPI
7116,2769,1983,2023-05-25,Credit Card
7117,3069,2393,2023-06-22,Net Banking
7118,295,640,2023-06-12,UPI
7119,464,2723,2023-03-07,Credit Card
7120,758,1993,2023-04-24,UPI
7121,3506,874,2023-02-06,Debit Card
7122,5695,208,2023-06-07,Debit Card
7123,5430,3042,2023-05-12,Net Banking
7124,5287,3118,2023-06-17,Net Banking
7125,2723,2449,2023-01-29,Debit Card
7126,9806,2682,2023-03-12,Debit Card
7127,5129,866,2023-05-21,Net Banking
7128,9043,4606,2023-05-30,Credit Card
7129,3012,1701,2023-03-18,UPI
7130,5787,565,2023-06-28,Net Banking
7131,522,1198,2023-04-14,Net Banking
7132,9118,3699,2023-06-17,UPI
7133,591,3422,2023-06-26,Net Banking
7134,2791,1836,2023-05-09,Debit Card
7135,5289,876,2023-05-18,Net Banking
7136,2297,570,2023-03-06,Debit Card
7137,2898,350,2023-05-16,Credit Card
7138,2888,4264,2023-05-10,Credit Card
7139,7623,1417,2023-05-15,UPI
7140,5450,261,2023-06-29,Debit Card
7141,5571,4629,2023-06-26,UPI
7142,7968,1862,2023-05-27,UPI
7143,4291,4618,2023-06-22,UPI
7144,2240,2345,2023-06-08,Credit Card
7145,9105,3114,2023-05-25,Credit Card
7146,3217,850,2023-06-14,UPI
7147,8283,4304,2023-04-29,Debit Card
7148,1620,335,2023-06-27,UPI
7149,9331,4393,2023-05-01,Net Banking
7150,3469,2543,2023-06-10,Debit Card
7151,7192,1339,2023-06-09,Credit Card
7152,6198,1245,2023-04-29,Debit Card
7153,5270,296,2023-02-22,Net Banking
7154,1433,920,2023-06-09,Net Banking
7155,6017,4525,2023-04-14,Debit Card
7156,9645,1619,2023-01-25,Credit Card
7157,6693,1649,2023-04-05,Net Banking
7158,6470,443,2023-06-19,UPI
7159,1641,1859,2023-05-02,UPI
7160,1986,4680,2023-06-16,UPI
7161,2132,374,2023-03-15,UPI
7162,1329,3342,2023-05-09,Debit Card
7163,644,4633,2023-06-23,Credit Card
7164,229,3712,2023-06-21,Net Banking
7165,5460,3415,2023-06-22,UPI
7166,3081,3191,2023-06-07,Debit Card
7167,8056,3764,2023-05-29,Net Banking
7168,6072,4834,2023-06-25,UPI
7169,9739,4144,2023-06-29,Credit Card
7170,1075,1540,2023-06-10,Credit Card
7171,8766,3111,2023-06-02,Net Banking
7172,8860,2212,2023-04-13,UPI
7173,2564,3039,2023-04-25,UPI
7174,4365,3741,2023-05-04,UPI
7175,6256,1697,2023-04-25,Credit Card
7176,8717,899,2023-06-28,Credit Card
7177,9162,3884,2023-06-20,Credit Card
7178,6055,3585,2023-06-09,Debit Card
7179,2438,4982,2023-04-15,Net Banking
7180,3809,3436,2023-06-14,UPI
7181,1906,2931,2023-04-27,Net Banking
7182,771,1022,2023-05-08,Credit Card
7183,2832,1930,2023-03-28,UPI
7184,410,550,2023-04-11,UPI
7185,685,4679,2023-06-19,Credit Card
7186,2855,3311,2023-03-30,UPI
7187,2258,3970,2023-06-25,Debit Card
7188,792,3843,2023-04-10,Debit Card
7189,1859,157,2023-06-16,Net Banking
7190,3923,2575,2023-04-30,Debit Card
7191,3923,1948,2023-04-23,Debit Card
7192,8135,2313,2023-02-10,Net Banking
7193,9135,2171,2023-06-27,Credit Card
7194,3511,2167,2023-05-11,UPI
7195,118,3449,2023-05-03,Credit Card
7196,9307,2248,2023-06-14,UPI
7197,2379,4931,2023-03-19,UPI
7198,409,192,2023-03-01,Credit Card
7199,6533,2192,2023-06-20,Net Banking
7200,3302,3892,2023-06-27,Credit Card
7201,1262,2301,2023-01-25,Credit Card
7202,1022,1699,2023-04-03,UPI
7203,3084,3178,2023-03-17,Debit Card
7204,8720,3850,2023-06-14,Debit Card
7205,4785,3012,2023-04-26,UPI
7206,4276,2280,2023-05-14,Debit Card
7207,4497,1553,2023-05-20,Credit Card
7208,7040,3451,2023-01-21,Net Banking
7209,5360,4921,2023-06-13,Credit Card
7210,7807,426,2023-06-20,UPI
7211,2496,1090,2023-05-28,Net Banking
7212,2165,2970,2023-06-01,Net Banking
7213,5324,338,2023-05-03,Debit Card
7214,9700,3970,2023-06-08,Net Banking
7215,1527,2299,2023-05-17,Net Banking
7216,7721,3492,2023-05-07,Debit Card
7217,9162,2550,2023-06-01,UPI
7218,6516,4396,2023-06-09,UPI
7219,1054,1791,2023-06-20,Debit Card
7220,8537,1941,2023-02-14,Net Banking
7221,1203,4541,2023-03-25,UPI
7222,8651,3863,2023-06-14,Debit Card
7223,2239,850,2023-06-02,Net Banking
7224,4388,2881,2023-06-05,Credit Card
7225,6517,3820,2023-06-09,Credit Card
7226,4853,334,2023-06-24,Debit Card
7227,857,4013,2023-06-12,UPI
7228,2769,1257,2023-06-14,Net Banking
7229,2696,3328,2023-06-29,Debit Card
7230,4675,1194,2023-06-05,Credit Card
7231,1937,2339,2023-06-21,UPI
7232,2224,4625,2023-06-26,Debit Card
7233,1513,3814,2023-04-24,Credit Card
7234,8413,670,2023-05-16,Net Banking
7235,1606,3173,2023-06-20,Credit Card
7236,1413,3992,2023-06-28,UPI
7237,1037,1447,2023-06-05,Net Banking
7238,6740,3418,2023-06-17,Credit Card
7239,2960,2729,2023-02-05,Net Banking
7240,259,4492,2023-06-08,UPI
7241,7986,2961,2023-06-28,Debit Card
7242,569,2900,2023-04-10,Debit Card
7243,3364,1772,2023-06-03,Net Banking
7244,5953,3694,2023-06-15,UPI
7245,5314,524,2023-05-15,Debit Card
7246,461,2105,2023-06-01,Debit Card
7247,3889,2248,2023-06-28,Credit Card
7248,9620,1924,2023-04-08,Debit Card
7249,7744,4437,2023-03-02,UPI
7250,2501,4012,2023-06-07,UPI
7251,3013,2641,2023-06-09,Debit Card
7252,7137,4599,2023-04-23,Credit Card
7253,6786,1324,2023-06-23,UPI
7254,5331,4413,2023-03-15,UPI
7255,710,2597,2023-02-06,UPI
7256,6812,4663,2023-05-29,Net Banking
7257,5057,788,2023-06-27,Debit Card
7258,9472,634,2023-06-08,Debit Card
7259,4537,4849,2023-06-29,Net Banking
7260,4284,2353,2023-06-26,UPI
7261,4858,2399,2023-06-28,Credit Card
7262,3224,2088,2023-01-11,Net Banking
7263,4380,2027,2023-05-18,Debit Card
7264,9658,750,2023-03-01,Credit Card
7265,786,201,2023-05-25,Debit Card
7266,4347,2220,2023-06-02,UPI
7267,7321,1650,2023-05-21,Credit Card
7268,5221,4819,2023-05-12,Credit Card
7269,6432,3237,2023-05-18,UPI
7270,7401,912,2023-03-15,Debit Card
7271,2535,3221,2023-04-16,UPI
7272,7812,3447,2023-04-01,Credit Card
7273,8554,3749,2023-05-15,UPI
7274,6034,3595,2023-05-26,Credit Card
7275,5010,3059,2023-05-26,UPI
7276,7882,1425,2023-06-15,Net Banking
7277,2297,3997,2023-04-22,Debit Card
7278,7945,1598,2023-06-07,UPI
7279,6443,1288,2023-06-20,Credit Card
7280,1025,3917,2023-05-28,Credit Card
7281,7264,610,2023-06-11,Credit Card
7282,2606,1064,2023-06-07,UPI
7283,2849,2388,2023-06-03,Debit Card
7284,190,2444,2023-06-29,Credit Card
7285,8678,1845,2023-06-24,Debit Card
7286,8676,2823,2023-05-21,UPI
7287,3220,1134,2023-04-23,Net Banking
7288,294,404,2023-06-08,Debit Card
7289,6396,3713,2023-05-03,Credit Card
7290,7020,2837,2023-05-23,Net Banking
7291,3582,3347,2023-01-21,UPI
7292,6947,3940,2023-06-21,UPI
7293,258,1565,2023-05-13,Credit Card
7294,5790,451,2023-05-08,Net Banking
7295,4787,2082,2023-03-09,Debit Card
7296,7360,1448,2023-06-16,Net Banking
7297,6859,1161,2023-04-12,UPI
7298,3725,2252,2023-06-23,UPI
7299,294,3873,2023-06-07,Credit Card
7300,3308,1409,2023-06-10,UPI
7301,6259,2245,2023-06-07,UPI
7302,683,1174,2023-05-17,UPI
7303,263,1731,2023-06-22,Debit Card
7304,4969,662,2023-06-02,UPI
7305,9600,753,2023-01-25,Credit Card
7306,9656,1537,2023-06-05,Debit Card
7307,6253,3275,2023-06-24,UPI
7308,9215,416,2023-03-26,Debit Card
7309,743,4882,2023-04-09,Net Banking
7310,4925,381,2023-05-04,Credit Card
7311,7236,4821,2023-06-28,UPI
7312,8729,2028,2023-04-24,Net Banking
7313,7124,2124,2023-03-02,UPI
7314,3039,3988,2023-05-16,Net Banking
7315,4957,3435,2023-04-10,Credit Card
7316,902,2742,2023-02-06,UPI
7317,1035,1469,2023-05-21,Credit Card
7318,370,3269,2023-04-29,UPI
7319,3002,4683,2023-05-08,Debit Card
7320,943,3173,2023-06-23,Credit Card
7321,3799,4002,2023-02-18,Credit Card
7322,16,3937,2023-06-05,Debit Card
7323,4099,4384,2023-06-27,UPI
7324,6263,686,2023-06-01,Credit Card
7325,1599,3588,2023-04-06,Net Banking
7326,4144,1483,2023-05-27,UPI
7327,1768,1117,2023-04-22,UPI
7328,5192,331,2023-06-01,UPI
7329,1863,383,2023-06-07,UPI
7330,7495,2398,2023-04-05,UPI
7331,3441,4467,2023-06-05,Net Banking
7332,8770,4468,2023-03-26,UPI
7333,4797,1499,2023-03-10,Credit Card
7334,2688,1247,2023-05-24,UPI
7335,2371,1717,2023-04-19,UPI
7336,8912,1132,2023-04-05,Credit Card
7337,7684,450,2023-06-02,Credit Card
7338,3857,4363,2023-04-04,Credit Card
7339,3681,692,2023-06-16,Debit Card
7340,2751,4554,2023-04-25,Debit Card
7341,9570,3777,2023-06-24,UPI
7342,4496,3451,2023-06-24,Debit Card
7343,974,4660,2023-05-19,Debit Card
7344,9120,2194,2023-06-19,Net Banking
7345,73,1893,2023-06-24,Credit Card
7346,2782,789,2023-06-29,UPI
7347,798,3409,2023-06-22,Net Banking
7348,1459,2197,2023-06-23,Debit Card
7349,7833,4601,2023-06-07,Net Banking
7350,7973,2446,2023-06-26,Debit Card
7351,5882,1046,2023-06-23,Credit Card
7352,8722,1915,2023-05-25,Credit Card
7353,9069,2327,2023-06-16,Debit Card
7354,3151,1136,2023-04-13,Debit Card
7355,2244,3417,2023-06-29,Net Banking
7356,8577,2686,2023-03-18,Debit Card
7357,2713,1669,2023-02-06,Net Banking
7358,1532,1590,2023-04-30,Net Banking
7359,7011,3861,2023-06-17,Net Banking
7360,8516,2268,2023-02-26,Net Banking
7361,7995,1498,2023-05-25,Credit Card
7362,3467,4916,2023-06-22,Net Banking
7363,6293,147,2023-06-04,Net Banking
7364,7387,2718,2023-06-03,UPI
7365,6381,2590,2023-02-20,UPI
7366,9600,720,2023-02-08,Credit Card
7367,4872,3152,2023-06-01,Net Banking
7368,390,3572,2023-02-28,Net Banking
7369,7444,898,2023-05-02,Credit Card
7370,6241,271,2023-05-03,Credit Card
7371,5786,951,2023-05-11,UPI
7372,8120,3153,2023-01-19,Credit Card
7373,7066,3624,2023-04-13,UPI
7374,5949,1359,2023-03-16,Net Banking
7375,744,2523,2023-04-20,Credit Card
7376,4036,4109,2023-06-26,Net Banking
7377,7083,4926,2023-04-05,UPI
7378,5814,2579,2023-04-02,UPI
7379,1805,4764,2023-06-15,Credit Card
7380,6015,4655,2023-06-07,Debit Card
7381,6980,1486,2023-06-16,Debit Card
7382,436,126,2023-05-07,Credit Card
7383,6233,2961,2023-04-10,Net Banking
7384,853,1305,2023-06-29,Debit Card
7385,5350,2364,2023-05-11,Debit Card
7386,5548,2879,2023-06-27,Debit Card
7387,8915,246,2023-06-23,Credit Card
7388,123,2503,2023-06-21,Debit Card
7389,9873,4561,2023-03-21,Net Banking
7390,1895,3728,2023-06-23,Debit Card
7391,2252,896,2023-04-24,Credit Card
7392,7049,1699,2023-05-14,Credit Card
7393,5201,3055,2023-04-25,Net Banking
7394,7917,1414,2023-05-31,UPI
7395,2902,593,2023-06-12,Net Banking
7396,817,3724,2023-06-23,UPI
7397,298,2398,2023-06-06,Debit Card
7398,7014,4737,2023-05-31,Credit Card
7399,6329,1272,2023-06-03,Debit Card
7400,4656,515,2023-05-01,Credit Card
7401,3180,3319,2023-06-13,Debit Card
7402,3039,3177,2023-05-31,UPI
7403,3009,2281,2023-06-14,Debit Card
7404,7888,1428,2023-06-17,Credit Card
7405,8242,2288,2023-04-18,Debit Card
7406,370,1512,2023-06-11,UPI
7407,4881,1662,2023-03-01,Debit Card
7408,8503,1973,2023-06-04,Debit Card
7409,5146,594,2023-03-18,Net Banking
7410,6652,972,2023-06-13,Debit Card
7411,6876,517,2023-06-29,Credit Card
7412,7642,716,2023-06-02,UPI
7413,9850,2685,2023-06-28,UPI
7414,3896,3024,2023-06-21,Net Banking
7415,7665,635,2023-06-04,UPI
7416,9538,4996,2023-03-03,Debit Card
7417,4307,617,2023-06-05,Debit Card
7418,3020,4457,2023-06-21,UPI
7419,4857,1415,2023-04-22,Net Banking
7420,8009,3255,2023-06-10,Debit Card
7421,1286,1116,2023-06-20,Credit Card
7422,1052,3987,2023-06-29,Net Banking
7423,9053,3907,2023-05-11,Net Banking
7424,3773,1249,2023-06-29,UPI
7425,2534,539,2023-06-21,Net Banking
7426,6824,4253,2023-06-28,Credit Card
7427,726,4037,2023-06-20,UPI
7428,2671,232,2023-05-24,UPI
7429,9867,481,2023-06-04,Net Banking
7430,883,2592,2023-06-26,Credit Card
7431,6683,1115,2023-06-14,Debit Card
7432,1708,1126,2023-02-19,Net Banking
7433,9118,260,2023-06-25,Credit Card
7434,9521,4286,2023-06-28,Debit Card
7435,3854,1473,2023-06-27,Net Banking
7436,7003,1001,2023-06-08,Debit Card
7437,1215,4464,2023-06-24,Debit Card
7438,1038,960,2023-03-28,Debit Card
7439,7744,694,2023-06-05,UPI
7440,5954,2908,2023-06-26,Net Banking
7441,2405,3348,2023-06-29,Debit Card
7442,297,4431,2023-05-09,UPI
7443,4632,3844,2023-06-08,Credit Card
7444,8074,3016,2023-01-30,Credit Card
7445,5484,4337,2023-03-24,Credit Card
7446,7400,2586,2023-05-05,Credit Card
7447,3277,2424,2023-06-10,UPI
7448,3365,1894,2023-06-24,UPI
7449,1968,4676,2023-04-30,Debit Card
7450,4760,4460,2023-06-29,Debit Card
7451,9875,4141,2023-06-16,Net Banking
7452,2884,4622,2023-06-19,UPI
7453,7627,3130,2023-02-19,Net Banking
7454,4832,3099,2023-06-28,UPI
7455,9452,4546,2023-06-26,UPI
7456,6518,2093,2023-06-28,Net Banking
7457,4464,894,2023-06-12,Debit Card
7458,7290,4159,2023-03-27,UPI
7459,6775,3140,2023-05-05,Credit Card
7460,6708,4381,2023-03-18,Credit Card
7461,8104,2644,2023-06-27,Debit Card
7462,4967,4592,2023-05-09,Credit Card
7463,8503,4149,2023-03-15,UPI
7464,6694,4686,2023-01-28,Debit Card
7465,9293,640,2023-06-23,Net Banking
7466,133,4345,2023-06-28,Debit Card
7467,8909,4787,2023-06-15,Debit Card
7468,4269,537,2023-05-15,UPI
7469,6710,792,2023-03-04,Net Banking
7470,5481,499,2023-06-25,UPI
7471,5358,4815,2023-03-20,UPI
7472,321,136,2023-04-16,UPI
7473,9226,2218,2023-03-13,Credit Card
7474,8,431,2023-06-29,Debit Card
7475,8784,4459,2023-04-19,Net Banking
7476,2384,4235,2023-05-05,UPI
7477,3628,3948,2023-06-23,Credit Card
7478,9086,2991,2023-06-01,Credit Card
7479,1324,3143,2023-06-17,Debit Card
7480,6337,745,2023-06-28,Credit Card
7481,4963,4982,2023-04-01,Debit Card
7482,410,114,2023-05-23,Credit Card
7483,31,2022,2023-06-24,Debit Card
7484,2556,2251,2023-06-01,Credit Card
7485,6467,3707,2023-06-18,UPI
7486,6829,3262,2023-06-14,Credit Card
7487,6127,3661,2023-06-20,Net Banking
7488,806,3728,2023-06-24,Net Banking
7489,6221,2137,2023-03-24,UPI
7490,4553,1095,2023-03-27,Credit Card
7491,4643,3569,2023-04-17,UPI
7492,9670,889,2023-05-11,Net Banking
7493,126,2422,2023-05-20,Debit Card
7494,6662,1005,2023-04-08,Net Banking
7495,2463,2903,2023-06-23,Credit Card
7496,8136,3307,2023-05-30,UPI
7497,6792,4353,2023-05-15,Net Banking
7498,8087,4610,2023-04-10,UPI
7499,3273,2839,2023-04-19,Net Banking
7500,1717,164,2023-06-28,UPI
7501,2990,3501,2023-05-31,Net Banking
7502,3463,2910,2023-04-16,UPI
7503,943,3968,2023-06-27,UPI
7504,4118,1048,2023-05-03,Credit Card
7505,9380,2478,2023-04-02,Net Banking
7506,4710,1954,2023-06-14,UPI
7507,9404,4374,2023-06-28,UPI
7508,2201,475,2023-04-06,Net Banking
7509,7491,4372,2023-04-23,Net Banking
7510,3636,4305,2023-04-05,Credit Card
7511,1842,3316,2023-06-05,Net Banking
7512,7912,1586,2023-06-15,UPI
7513,6576,2299,2023-06-28,UPI
7514,5248,2751,2023-06-20,Debit Card
7515,929,3510,2023-05-07,Credit Card
7516,447,4972,2023-04-20,UPI
7517,7556,2790,2023-05-31,Credit Card
7518,15,1974,2023-06-24,Debit Card
7519,2751,4099,2023-06-12,Debit Card
7520,895,166,2023-03-20,Credit Card
7521,5480,2964,2023-06-24,Debit Card
7522,5649,2523,2023-05-26,Net Banking
7523,5990,4417,2023-06-14,Debit Card
7524,4525,481,2023-05-23,Credit Card
7525,5454,2530,2023-04-19,Debit Card
7526,6986,1773,2023-06-27,UPI
7527,3551,1207,2023-05-30,Debit Card
7528,988,3074,2023-06-29,UPI
7529,6808,1846,2023-05-05,Credit Card
7530,7576,906,2023-06-04,Credit Card
7531,1205,1726,2023-06-25,Net Banking
7532,2930,3493,2023-05-20,UPI
7533,2914,3358,2023-06-03,UPI
7534,3253,2030,2023-04-09,Net Banking
7535,3334,3654,2023-01-21,Credit Card
7536,6717,2126,2023-05-27,Debit Card
7537,9920,3115,2023-06-09,UPI
7538,8670,2929,2023-05-23,Debit Card
7539,7660,4066,2023-01-05,Credit Card
7540,3107,1378,2023-05-19,Net Banking
7541,229,2007,2023-06-25,Debit Card
7542,9598,2980,2023-03-11,UPI
7543,8936,2041,2023-06-29,Credit Card
7544,5669,4201,2023-06-19,Debit Card
7545,7336,4243,2023-06-27,Credit Card
7546,1417,373,2023-06-08,Net Banking
7547,1401,3353,2023-04-25,Debit Card
7548,5298,209,2023-05-31,UPI
7549,4067,834,2023-06-22,Debit Card
7550,9549,2056,2023-05-26,UPI
7551,1626,3306,2023-05-28,Credit Card
7552,5983,699,2023-06-10,UPI
7553,6549,2132,2023-06-28,Debit Card
7554,3081,1298,2023-04-17,Debit Card
7555,5692,1409,2023-06-10,UPI
7556,3982,2785,2023-04-23,Credit Card
7557,7700,4909,2023-05-31,Net Banking
7558,7002,1886,2023-05-28,Net Banking
7559,5133,4716,2023-05-10,UPI
7560,8980,3468,2023-06-08,UPI
7561,7418,1989,2023-06-01,Credit Card
7562,2274,922,2023-02-16,Net Banking
7563,1363,4788,2023-06-02,Debit Card
7564,2131,3984,2023-06-02,Debit Card
7565,503,2743,2023-06-03,Credit Card
7566,1945,2200,2023-06-15,Credit Card
7567,4622,4242,2023-05-17,UPI
7568,3256,778,2023-06-28,Debit Card
7569,7337,2931,2023-03-06,Debit Card
7570,3527,4424,2023-04-17,Debit Card
7571,2325,2728,2023-06-23,Credit Card
7572,8238,2494,2023-06-21,Debit Card
7573,5205,149,2023-04-13,Debit Card
7574,3120,234,2023-06-28,Credit Card
7575,5794,4389,2023-06-20,Credit Card
7576,2532,1240,2023-06-28,UPI
7577,5775,2788,2023-03-25,Credit Card
7578,9309,4271,2023-06-23,Net Banking
7579,128,1122,2023-05-31,Net Banking
7580,1308,233,2023-06-23,Debit Card
7581,5204,2216,2023-05-07,Credit Card
7582,3478,1608,2023-05-29,UPI
7583,5513,2524,2023-06-26,UPI
7584,1831,3589,2023-04-30,Debit Card
7585,3361,1479,2023-03-14,Debit Card
7586,8,4890,2023-05-08,Net Banking
7587,9996,2293,2023-06-27,Debit Card
7588,4820,4753,2023-06-05,Debit Card
7589,8004,4691,2023-06-21,Net Banking
7590,1725,892,2023-04-02,Credit Card
7591,8985,1878,2023-06-06,Net Banking
7592,3447,4188,2023-05-11,Debit Card
7593,6969,827,2023-04-04,Credit Card
7594,9419,2015,2023-06-16,Net Banking
7595,6071,1374,2023-03-18,Net Banking
7596,608,2463,2023-06-08,Net Banking
7597,2398,2671,2023-02-27,Net Banking
7598,4908,594,2023-06-11,UPI
7599,342,690,2023-05-16,Credit Card
7600,9821,4823,2023-06-01,Credit Card
7601,300,293,2023-06-17,Net Banking
7602,1614,1394,2023-04-22,UPI
7603,9014,2143,2023-06-12,Debit Card
7604,1525,967,2023-04-28,Net Banking
7605,6732,2163,2023-06-18,Net Banking
7606,8642,4637,2023-06-14,Debit Card
7607,4993,2576,2023-06-26,UPI
7608,3535,2388,2023-05-11,Debit Card
7609,5830,4281,2023-05-13,Credit Card
7610,1913,3854,2023-06-01,Credit Card
7611,9182,2745,2023-05-20,Net Banking
7612,8387,974,2023-05-17,Credit Card
7613,478,2562,2023-03-30,Debit Card
7614,301,1373,2023-03-04,UPI
7615,3488,414,2023-06-10,Debit Card
7616,5745,651,2023-03-03,UPI
7617,5086,3644,2023-06-15,Debit Card
7618,4866,441,2023-06-05,Net Banking
7619,2135,1602,2023-05-26,UPI
7620,5783,4370,2023-05-05,UPI
7621,2481,4685,2023-06-23,Credit Card
7622,2167,3333,2023-05-29,Debit Card
7623,648,3845,2023-06-17,UPI
7624,2259,3460,2023-05-16,Debit Card
7625,3666,4794,2023-05-08,Credit Card
7626,8274,1202,2023-05-11,Net Banking
7627,7610,4930,2023-06-09,UPI
7628,4863,4208,2023-06-29,Debit Card
7629,2702,2006,2023-06-10,UPI
7630,3812,4092,2023-03-30,Debit Card
7631,4007,2643,2023-06-26,UPI
7632,9901,4622,2023-05-16,Net Banking
7633,322,676,2023-05-24,UPI
7634,4911,1227,2023-06-18,Credit Card
7635,6004,4743,2023-05-03,Debit Card
7636,7780,3364,2023-06-23,UPI
7637,8293,4156,2023-06-03,Credit Card
7638,9707,2843,2023-06-09,Credit Card
7639,8057,2495,2023-05-29,Debit Card
7640,860,2133,2023-05-27,Net Banking
7641,1982,1903,2023-06-09,Credit Card
7642,1512,205,2023-03-30,Debit Card
7643,6753,1231,2023-05-11,Credit Card
7644,2129,470,2023-06-10,Credit Card
7645,3231,2659,2023-06-20,Credit Card
7646,1418,4855,2023-05-25,Credit Card
7647,2754,1950,2023-06-04,UPI
7648,5127,1450,2023-04-02,UPI
7649,2521,548,2023-06-12,Net Banking
7650,9171,3697,2023-02-19,Credit Card
7651,6054,983,2023-04-06,UPI
7652,9665,4592,2023-06-28,Debit Card
7653,2138,3649,2023-06-28,Net Banking
7654,614,3625,2023-06-17,Debit Card
7655,8813,4732,2023-06-21,Credit Card
7656,5209,2994,2023-05-28,UPI
7657,1908,3547,2023-04-27,UPI
7658,998,4866,2023-05-27,Net Banking
7659,5713,1993,2023-02-18,Debit Card
7660,4876,1607,2023-02-07,Net Banking
7661,1285,3996,2023-04-29,Debit Card
7662,2499,2991,2023-02-17,Debit Card
7663,1085,3260,2023-04-29,Debit Card
7664,4723,1554,2023-04-02,Debit Card
7665,1443,4564,2023-03-08,UPI
7666,5481,1293,2023-06-13,Net Banking
7667,1739,299,2023-05-28,UPI
7668,6038,619,2023-06-19,Debit Card
7669,2859,4813,2023-05-01,Credit Card
7670,1887,160,2023-06-01,Net Banking
7671,6500,1568,2023-05-19,Debit Card
7672,4877,3463,2023-03-15,Net Banking
7673,4155,4536,2023-05-21,Debit Card
7674,3476,4966,2023-06-15,Debit Card
7675,1537,2885,2023-03-19,Credit Card
7676,7290,677,2023-04-20,Credit Card
7677,862,2993,2023-06-04,Debit Card
7678,3852,3482,2023-05-25,Net Banking
7679,5157,3040,2023-04-02,Debit Card
7680,9008,2002,2023-04-06,Debit Card
7681,8422,4801,2023-06-19,Net Banking
7682,8648,1612,2023-05-01,Credit Card
7683,7918,2246,2023-05-01,Credit Card
7684,6785,904,2023-06-12,Debit Card
7685,5214,3722,2023-04-23,Debit Card
7686,9479,1772,2023-05-22,Credit Card
7687,6599,3773,2023-06-11,UPI
7688,1783,793,2023-06-28,Debit Card
7689,7781,4214,2023-06-15,Net Banking
7690,5773,3640,2023-02-07,Net Banking
7691,7671,137,2023-05-28,Net Banking
7692,5174,317,2023-06-03,Credit Card
7693,9445,2280,2023-05-13,UPI
7694,8809,2556,2023-06-03,Credit Card
7695,6265,377,2023-05-03,UPI
7696,6516,3673,2023-06-09,Net Banking
7697,5724,3936,2023-05-31,UPI
7698,370,4514,2023-05-19,Credit Card
7699,3551,3113,2023-06-15,Credit Card
7700,4382,332,2023-06-27,Net Banking
7701,2913,4185,2023-03-19,Debit Card
7702,8558,2763,2023-02-27,Debit Card
7703,7258,2950,2023-06-26,Credit Card
7704,2323,1434,2023-06-06,Debit Card
7705,1649,733,2023-06-19,Credit Card
7706,8438,2467,2023-03-16,UPI
7707,1108,3785,2023-06-24,Credit Card
7708,122,2103,2023-05-13,UPI
7709,4578,1296,2023-05-23,UPI
7710,2543,4911,2023-06-29,Debit Card
7711,6600,565,2023-06-11,Debit Card
7712,7856,4216,2023-06-28,UPI
7713,4841,3126,2023-06-26,Credit Card
7714,1338,259,2023-05-28,Debit Card
7715,3847,1050,2023-03-20,Debit Card
7716,6850,4100,2023-06-18,Net Banking
7717,2920,4757,2023-05-27,Net Banking
7718,7735,2347,2023-04-24,Credit Card
7719,5465,664,2023-06-29,UPI
7720,9304,3326,2023-05-14,Net Banking
7721,2704,2146,2023-05-17,UPI
7722,93,4182,2023-06-23,Credit Card
7723,8160,3446,2023-05-27,Debit Card
7724,8065,4984,2023-06-17,Debit Card
7725,3269,1291,2023-04-03,UPI
7726,7684,1985,2023-03-23,Debit Card
7727,1810,3499,2023-06-03,Credit Card
7728,7027,993,2023-06-26,Net Banking
7729,7615,4876,2023-06-10,UPI
7730,7151,4151,2023-06-17,Credit Card
7731,6645,3365,2023-05-21,Credit Card
7732,1305,4714,2023-05-06,UPI
7733,7742,565,2023-06-29,Debit Card
7734,8795,4252,2023-04-18,Net Banking
7735,8421,2093,2023-06-25,UPI
7736,6566,1480,2023-06-06,Net Banking
7737,7716,2221,2023-03-21,Debit Card
7738,7232,3766,2023-04-06,Credit Card
7739,5823,3187,2023-04-20,Credit Card
7740,2522,3118,2023-06-20,Debit Card
7741,4337,4579,2023-05-19,Debit Card
7742,2002,3110,2023-03-18,UPI
7743,721,1027,2023-06-03,Net Banking
7744,9357,2519,2023-06-29,Debit Card
7745,9052,837,2023-05-15,Net Banking
7746,8825,3224,2023-03-09,Credit Card
7747,8102,3335,2023-04-03,Credit Card
7748,3120,4987,2023-06-28,Net Banking
7749,1113,1161,2023-04-30,Credit Card
7750,2135,3896,2023-05-19,UPI
7751,7426,4277,2023-03-23,UPI
7752,8187,4520,2023-04-27,Credit Card
7753,6785,1034,2023-04-24,Debit Card
7754,1241,2557,2023-06-26,Credit Card
7755,3875,4237,2023-06-08,Credit Card
7756,1612,2150,2023-06-09,Credit Card
7757,1641,827,2023-04-30,Debit Card
7758,4546,3583,2023-05-16,Debit Card
7759,783,1707,2023-05-18,Credit Card
7760,574,2763,2023-06-17,Debit Card
7761,9871,1722,2023-02-03,Debit Card
7762,2713,1907,2023-03-01,Credit Card
7763,5017,893,2023-05-15,Credit Card
7764,7175,2087,2023-06-03,UPI
7765,469,3377,2023-05-27,Credit Card
7766,947,4856,2023-06-06,Credit Card
7767,8236,2340,2023-06-28,UPI
7768,5692,4394,2023-06-02,Debit Card
7769,481,3237,2023-03-16,UPI
7770,3885,1384,2023-05-19,Debit Card
7771,9335,4873,2023-06-19,Credit Card
7772,4245,4013,2023-06-25,Credit Card
7773,293,2556,2023-06-06,UPI
7774,1733,4586,2023-03-14,Debit Card
7775,2610,1223,2023-06-21,Credit Card
7776,7737,3182,2023-06-13,Net Banking
7777,4595,2879,2023-06-04,Credit Card
7778,9742,2806,2023-06-15,Net Banking
7779,1142,274,2023-06-12,Credit Card
7780,6887,2076,2023-06-24,UPI
7781,1537,2556,2023-06-08,Net Banking
7782,8654,3562,2023-04-30,UPI
7783,4140,3738,2023-06-17,Net Banking
7784,2767,358,2023-06-05,UPI
7785,4755,1571,2023-06-25,Credit Card
7786,8038,3942,2023-06-22,UPI
7787,3910,2747,2023-04-02,Net Banking
7788,7192,2334,2023-06-16,UPI
7789,2371,439,2023-06-18,Debit Card
7790,1429,1248,2023-06-24,Debit Card
7791,910,4326,2023-06-08,Net Banking
7792,5268,1287,2023-05-21,Credit Card
7793,9548,3395,2023-06-22,Credit Card
7794,5441,3767,2023-06-07,Credit Card
7795,9340,3112,2023-04-17,UPI
7796,5191,4525,2023-06-29,Debit Card
7797,8255,3215,2023-03-15,UPI
7798,5201,753,2023-05-12,Net Banking
7799,8185,4729,2023-05-03,Net Banking
7800,7428,2584,2023-06-28,UPI
7801,6622,1030,2023-06-10,Net Banking
7802,4661,223,2023-06-22,Debit Card
7803,3986,3144,2023-06-06,Net Banking
7804,4743,2966,2023-06-16,Credit Card
7805,4162,1503,2023-06-24,Debit Card
7806,4323,2708,2023-05-08,Debit Card
7807,6666,4469,2023-04-20,Debit Card
7808,1108,3239,2023-04-26,Debit Card
7809,8278,2330,2023-05-12,Credit Card
7810,7359,1397,2023-05-25,Credit Card
7811,5900,2782,2023-04-25,UPI
7812,6221,3378,2023-03-17,Credit Card
7813,4316,775,2023-06-14,Debit Card
7814,8139,195,2023-06-13,Net Banking
7815,3464,4387,2023-06-16,Net Banking
7816,7534,392,2023-05-15,Debit Card
7817,8383,4546,2023-04-27,Net Banking
7818,7046,291,2023-06-08,Debit Card
7819,375,1498,2023-06-02,Debit Card
7820,4741,2363,2023-04-03,Debit Card
7821,2369,1660,2023-06-26,Debit Card
7822,870,4035,2023-06-05,Credit Card
7823,3469,3794,2023-06-10,Credit Card
7824,8027,2003,2023-06-08,Net Banking
7825,7510,2780,2023-03-13,Debit Card
7826,49,873,2023-04-05,Debit Card
7827,683,4046,2023-04-13,UPI
7828,6833,421,2023-05-08,UPI
7829,7300,308,2023-06-27,UPI
7830,8638,1687,2023-04-22,Credit Card
7831,641,3111,2023-06-08,Debit Card
7832,9250,4840,2023-06-19,Net Banking
7833,1871,1036,2023-06-19,Net Banking
7834,2657,2435,2023-05-08,Net Banking
7835,8439,3672,2023-06-21,Net Banking
7836,8372,1326,2023-02-26,Net Banking
7837,2195,4013,2023-05-08,UPI
7838,7429,3138,2023-06-06,Debit Card
7839,9930,3187,2023-06-26,Debit Card
7840,4664,1761,2023-04-16,Credit Card
7841,6628,4783,2023-04-22,Credit Card
7842,1587,1787,2023-04-08,Debit Card
7843,96,4838,2023-04-09,UPI
7844,6624,979,2023-05-24,Debit Card
7845,3548,4922,2023-06-29,UPI
7846,1571,2000,2023-06-16,Debit Card
7847,233,3425,2023-05-04,Credit Card
7848,5441,1719,2023-06-24,UPI
7849,9727,698,2023-04-30,Debit Card
7850,8584,203,2023-05-05,Net Banking
7851,2540,1686,2023-06-21,Net Banking
7852,1477,609,2023-03-16,Net Banking
7853,6914,1155,2023-06-29,UPI
7854,1368,4580,2023-06-18,Net Banking
7855,2059,1982,2023-05-12,Debit Card
7856,8699,2053,2023-03-08,UPI
7857,3031,1833,2023-06-20,UPI
7858,1230,2859,2023-06-19,Debit Card
7859,4927,2559,2023-05-18,Credit Card
7860,2154,1040,2023-06-06,Net Banking
7861,3226,3783,2023-06-10,UPI
7862,733,2783,2023-04-04,Credit Card
7863,9548,2087,2023-03-03,Debit Card
7864,1198,4183,2023-06-29,Debit Card
7865,1412,514,2023-05-08,Net Banking
7866,8826,113,2023-06-27,Net Banking
7867,1938,4050,2023-06-05,Net Banking
7868,9564,1255,2023-04-26,UPI
7869,6858,3323,2023-06-29,UPI
7870,7443,3779,2023-06-08,Debit Card
7871,6462,221,2023-06-22,Credit Card
7872,8095,2912,2023-05-15,Credit Card
7873,4291,2716,2023-06-20,Credit Card
7874,1643,2322,2023-05-31,Net Banking
7875,9512,1194,2023-04-29,Net Banking
7876,7440,1575,2023-06-10,Credit Card
7877,7418,2321,2023-06-01,Debit Card
7878,4406,1086,2023-06-01,Debit Card
7879,866,4188,2023-01-29,Credit Card
7880,9984,1772,2023-05-29,Credit Card
7881,6015,1228,2023-03-18,Net Banking
7882,2284,4978,2023-06-27,Credit Card
7883,1532,1609,2023-03-20,Net Banking
7884,1825,2978,2023-06-08,UPI
7885,1711,3077,2023-05-22,Net Banking
7886,6931,2789,2023-06-18,UPI
7887,7789,4731,2023-06-19,Debit Card
7888,395,4224,2023-06-03,UPI
7889,159,2319,2023-02-16,UPI
7890,4091,1236,2023-06-09,Credit Card
7891,2409,1909,2023-03-26,Debit Card
7892,1005,3362,2023-06-11,Debit Card
7893,7650,3326,2023-06-23,Net Banking
7894,1003,552,2023-03-04,Credit Card
7895,6749,1046,2023-05-16,Net Banking
7896,2953,2783,2023-06-29,Net Banking
7897,9383,352,2023-06-23,UPI
7898,5217,1059,2023-05-25,UPI
7899,6562,2546,2023-03-21,Debit Card
7900,1843,4889,2023-06-15,Net Banking
7901,8849,3125,2023-06-15,UPI
7902,4110,702,2023-03-05,UPI
7903,2141,712,2023-05-05,Credit Card
7904,9233,4533,2023-05-01,Credit Card
7905,4684,3427,2023-06-21,Debit Card
7906,3557,1062,2023-06-07,UPI
7907,6396,1785,2023-01-25,Debit Card
7908,4559,2728,2023-05-15,Debit Card
7909,7671,243,2023-06-07,UPI
7910,8388,1945,2023-04-27,Net Banking
7911,6940,2108,2023-06-27,Credit Card
7912,8051,2172,2023-05-19,Credit Card
7913,9614,375,2023-05-04,Net Banking
7914,4674,4714,2023-06-05,Credit Card
7915,313,1551,2023-04-18,UPI
7916,8837,982,2023-04-28,Credit Card
7917,7680,1861,2023-05-09,Credit Card
7918,8889,2675,2023-04-29,Credit Card
7919,183,2919,2023-05-03,UPI
7920,9787,2350,2023-06-27,UPI
7921,8458,2803,2023-02-14,UPI
7922,5183,2045,2023-06-03,Net Banking
7923,8490,3692,2023-02-18,UPI
7924,2433,3002,2023-06-14,UPI
7925,2625,2684,2023-06-17,Net Banking
7926,5471,706,2023-06-23,Credit Card
7927,4564,129,2023-05-24,Net Banking
7928,2678,2302,2023-06-11,UPI
7929,9983,1723,2023-04-02,Net Banking
7930,750,4529,2023-01-14,Net Banking
7931,3148,2039,2023-05-14,UPI
7932,1210,562,2023-04-01,Credit Card
7933,9377,2291,2023-04-09,UPI
7934,4964,3664,2023-03-07,Net Banking
7935,5389,4596,2023-05-15,Debit Card
7936,4015,3728,2023-05-20,Net Banking
7937,8589,1198,2023-05-29,UPI
7938,8219,4988,2023-01-30,Credit Card
7939,9858,2517,2023-06-29,Debit Card
7940,7549,2963,2023-06-03,UPI
7941,9227,2414,2023-04-13,UPI
7942,1711,4478,2023-06-25,Debit Card
7943,17,4600,2023-06-12,Net Banking
7944,271,1710,2023-06-28,UPI
7945,2853,4884,2023-05-11,UPI
7946,6868,563,2023-06-06,UPI
7947,4695,2509,2023-04-08,Debit Card
7948,9544,2167,2023-05-16,UPI
7949,5909,957,2023-05-01,UPI
7950,3222,1125,2023-04-13,UPI
7951,6320,712,2023-06-15,UPI
7952,4106,2227,2023-03-18,UPI
7953,8914,3372,2023-05-09,Net Banking
7954,4957,2240,2023-06-08,Net Banking
7955,6817,2232,2023-04-01,Debit Card
7956,5503,1082,2023-05-05,Debit Card
7957,7888,336,2023-05-22,Credit Card
7958,7866,2638,2023-05-20,Debit Card
7959,531,3453,2023-06-26,Credit Card
7960,5218,2022,2023-06-24,Net Banking
7961,7298,1541,2023-06-27,Net Banking
7962,2737,1645,2023-04-19,Debit Card
7963,640,2272,2023-05-31,Net Banking
7964,7033,480,2023-06-08,Credit Card
7965,1405,4687,2023-06-24,UPI
7966,4953,978,2023-06-28,Debit Card
7967,7122,3874,2023-06-19,Debit Card
7968,4730,605,2023-06-12,Debit Card
7969,1360,2354,2023-06-01,Net Banking
7970,4221,2721,2023-04-15,Net Banking
7971,5774,2662,2023-02-14,Debit Card
7972,3627,1239,2023-06-05,Net Banking
7973,553,3811,2023-06-29,Debit Card
7974,4994,4320,2023-06-27,Debit Card
7975,7968,3912,2023-05-04,Credit Card
7976,8126,345,2023-05-05,Net Banking
7977,240,3252,2023-03-16,Net Banking
7978,2696,4567,2023-05-27,Net Banking
7979,3513,1457,2023-06-21,Debit Card
7980,6456,1477,2023-01-14,UPI
7981,1060,2186,2023-06-10,Credit Card
7982,7018,4852,2023-05-16,Debit Card
7983,3777,4246,2023-04-08,Credit Card
7984,7941,2871,2023-04-30,Debit Card
7985,4884,1147,2023-06-26,Net Banking
7986,2001,4564,2023-05-09,Debit Card
7987,4716,3304,2023-06-26,Credit Card
7988,4970,2181,2023-06-26,Credit Card
7989,2696,3451,2023-06-22,Net Banking
7990,1553,4629,2023-05-24,Credit Card
7991,8100,1193,2023-06-22,Credit Card
7992,1241,1190,2023-04-24,Net Banking
7993,6931,1852,2023-05-28,Debit Card
7994,7912,912,2023-06-16,Credit Card
7995,4907,1815,2023-06-07,UPI
7996,2021,1122,2023-05-20,UPI
7997,3548,3142,2023-06-29,Credit Card
7998,5944,4185,2023-02-17,Net Banking
7999,6566,776,2023-05-14,Net Banking
8000,5490,1622,2023-02-03,Credit Card
8001,2350,3196,2023-05-05,Credit Card
8002,4576,902,2023-06-25,Credit Card
8003,1649,2479,2023-06-14,Debit Card
8004,2364,1863,2023-05-20,Debit Card
8005,7360,3875,2023-05-25,UPI
8006,9742,1317,2023-02-08,Net Banking
8007,7803,1043,2023-06-10,Debit Card
8008,2951,845,2023-04-09,Credit Card
8009,321,3271,2023-06-11,Debit Card
8010,634,330,2023-06-15,Net Banking
8011,7502,2271,2023-06-06,UPI
8012,6213,1072,2023-05-05,Net Banking
8013,8602,2061,2023-03-20,Debit Card
8014,7245,4322,2023-01-24,Credit Card
8015,7311,1057,2023-02-25,UPI
8016,5000,2037,2023-06-29,UPI
8017,4799,4976,2023-04-15,Credit Card
8018,3012,274,2023-05-27,Net Banking
8019,176,943,2023-06-16,Net Banking
8020,7307,4940,2023-05-31,Net Banking
8021,8719,2312,2023-06-28,Net Banking
8022,8463,170,2023-06-15,Credit Card
8023,7502,3039,2023-06-12,Net Banking
8024,7056,767,2023-06-21,Credit Card
8025,106,122,2023-06-29,Debit Card
8026,8337,253,2023-05-20,UPI
8027,2088,129,2023-05-03,Debit Card
8028,8944,290,2023-06-17,Net Banking
8029,1954,2731,2023-04-19,Net Banking
8030,8332,4332,2023-06-27,Debit Card
8031,3208,4992,2023-03-10,Debit Card
8032,5514,4252,2023-05-19,UPI
8033,5372,4684,2023-05-31,Net Banking
8034,942,3889,2023-06-28,Debit Card
8035,8784,3547,2023-04-30,Debit Card
8036,973,2665,2023-06-24,UPI
8037,625,1841,2023-05-21,Net Banking
8038,4967,753,2023-06-26,Debit Card
8039,9180,2301,2023-05-08,Net Banking
8040,3205,960,2023-06-21,UPI
8041,157,1438,2023-06-03,UPI
8042,5412,1193,2023-06-11,UPI
8043,4820,4438,2023-05-10,Credit Card
8044,6231,880,2023-06-09,Net Banking
8045,5788,1530,2023-02-07,UPI
8046,7,1424,2023-05-28,Credit Card
8047,6787,468,2023-03-09,Credit Card
8048,159,3751,2023-02-05,UPI
8049,3814,4244,2023-05-08,Credit Card
8050,1103,529,2023-06-28,UPI
8051,7441,4644,2023-06-21,UPI
8052,172,2485,2023-04-29,Credit Card
8053,964,2449,2023-04-04,UPI
8054,2880,3695,2023-06-27,UPI
8055,3169,2787,2023-03-12,Net Banking
8056,30,708,2023-05-06,Credit Card
8057,2825,2563,2023-06-24,Net Banking
8058,1058,3644,2023-06-07,Credit Card
8059,7413,4581,2023-06-09,Net Banking
8060,3490,626,2023-02-22,Net Banking
8061,4706,2542,2023-06-14,Credit Card
8062,3144,4568,2023-06-20,Debit Card
8063,4893,986,2023-05-28,Debit Card
8064,8069,3304,2023-06-19,UPI
8065,9143,369,2023-03-07,Debit Card
8066,8719,4721,2023-06-24,UPI
8067,8157,3712,2023-06-28,UPI
8068,3307,1710,2023-03-24,Net Banking
8069,7525,4496,2023-06-26,UPI
8070,4553,3389,2023-04-18,Net Banking
8071,8749,3864,2023-05-10,Net Banking
8072,4767,231,2023-04-04,UPI
8073,3527,215,2023-04-22,Credit Card
8074,3483,2737,2023-04-26,Net Banking
8075,4410,324,2023-06-08,Net Banking
8076,3565,575,2023-04-10,Debit Card
8077,6869,3013,2023-05-14,Credit Card
8078,8317,4827,2023-05-16,UPI
8079,8961,3018,2023-04-10,Net Banking
8080,6333,354,2023-05-08,Debit Card
8081,2138,3656,2023-06-21,Credit Card
8082,8391,3474,2023-05-24,Debit Card
8083,6796,551,2023-02-05,UPI
8084,4592,2487,2023-06-12,Debit Card
8085,9039,4647,2023-06-27,Debit Card
8086,2426,3470,2023-05-26,UPI
8087,4141,3786,2023-05-23,Debit Card
8088,7072,4638,2023-06-23,Net Banking
8089,9634,2970,2023-06-15,UPI
8090,2564,4420,2023-03-18,Credit Card
8091,1428,3640,2023-03-05,Debit Card
8092,8614,3599,2023-04-27,Credit Card
8093,9588,2992,2023-04-16,UPI
8094,4136,3302,2023-06-13,Net Banking
8095,3686,2134,2023-02-26,Credit Card
8096,9277,4849,2023-04-20,UPI
8097,1433,3290,2023-05-30,UPI
8098,878,2891,2023-03-01,UPI
8099,3920,2791,2023-06-10,Credit Card
8100,6047,1147,2023-05-23,Credit Card
8101,1347,3695,2023-06-24,Debit Card
8102,494,1466,2023-04-24,Net Banking
8103,8994,4601,2023-05-03,UPI
8104,550,2253,2023-05-14,Net Banking
8105,5509,1913,2023-04-15,UPI
8106,3240,4134,2023-06-25,Credit Card
8107,3995,3527,2023-04-12,Net Banking
8108,8572,725,2023-06-27,UPI
8109,2975,3420,2023-06-26,Debit Card
8110,2836,2354,2023-06-22,Net Banking
8111,548,2168,2023-06-22,UPI
8112,9670,4749,2023-05-16,Debit Card
8113,2570,3820,2023-06-19,Net Banking
8114,8357,709,2023-06-20,UPI
8115,2760,2212,2023-02-27,Debit Card
8116,3556,4733,2023-05-13,Debit Card
8117,4007,540,2023-06-28,Debit Card
8118,7337,2307,2023-05-31,Net Banking
8119,8583,3521,2023-03-29,UPI
8120,9910,3748,2023-06-12,Credit Card
8121,515,853,2023-04-23,Debit Card
8122,4541,4073,2023-06-21,Credit Card
8123,2078,4617,2023-06-10,Net Banking
8124,9191,1871,2023-06-16,Net Banking
8125,1333,2866,2023-05-13,UPI
8126,1629,4059,2023-06-22,Debit Card
8127,2565,4055,2023-05-10,UPI
8128,6141,4099,2023-06-04,UPI
8129,1192,4794,2023-06-06,Credit Card
8130,4919,3699,2023-04-13,UPI
8131,9592,1057,2023-06-26,Debit Card
8132,2323,3218,2023-06-05,Debit Card
8133,5689,4182,2023-05-05,Net Banking
8134,1600,2196,2023-05-08,Debit Card
8135,8371,1525,2023-01-30,Credit Card
8136,8997,2944,2023-05-16,Debit Card
8137,2057,4116,2023-06-14,Net Banking
8138,6433,3487,2023-03-09,Credit Card
8139,9544,3436,2023-05-27,UPI
8140,1424,984,2023-06-12,Credit Card
8141,9204,4584,2023-01-31,Debit Card
8142,3676,4639,2023-06-09,UPI
8143,5316,1445,2023-03-17,Debit Card
8144,933,189,2023-06-25,Credit Card
8145,8368,2918,2023-04-16,Net Banking
8146,6463,241,2023-06-23,Credit Card
8147,4179,4682,2023-06-24,Debit Card
8148,4690,2958,2023-05-26,UPI
8149,7931,1192,2023-06-27,Debit Card
8150,780,564,2023-06-20,Credit Card
8151,4976,3012,2023-06-20,Credit Card
8152,1081,3954,2023-06-27,Debit Card
8153,998,3473,2023-05-24,Net Banking
8154,770,3441,2023-06-11,UPI
8155,7990,2042,2023-06-22,Net Banking
8156,9747,1877,2023-03-30,Net Banking
8157,4783,2745,2023-06-20,Net Banking
8158,2293,2542,2023-05-15,Debit Card
8159,2749,1681,2023-05-24,Credit Card
8160,7592,985,2023-01-14,Net Banking
8161,5034,923,2023-04-30,UPI
8162,3674,2630,2023-04-09,UPI
8163,7463,151,2023-05-25,Credit Card
8164,9123,196,2023-05-26,Debit Card
8165,8657,3316,2023-05-01,Debit Card
8166,3148,4311,2023-03-19,Credit Card
8167,123,482,2023-04-15,Debit Card
8168,2269,4347,2023-04-22,Debit Card
8169,1306,2851,2023-03-03,Net Banking
8170,2737,2378,2023-05-14,Credit Card
8171,4601,705,2023-03-06,UPI
8172,3602,194,2023-06-18,Debit Card
8173,5928,998,2023-04-22,Debit Card
8174,6604,1921,2023-05-12,Net Banking
8175,2888,947,2023-04-26,Credit Card
8176,7956,568,2023-05-03,Debit Card
8177,8881,1562,2023-03-28,Debit Card
8178,154,4420,2023-05-05,Credit Card
8179,7191,1019,2023-05-23,Credit Card
8180,6719,896,2023-04-24,Debit Card
8181,6403,4896,2023-06-24,Credit Card
8182,3364,1619,2023-06-02,UPI
8183,3182,2165,2023-06-16,UPI
8184,4576,2346,2023-06-09,Net Banking
8185,3261,2664,2023-06-08,UPI
8186,1459,2588,2023-06-13,Net Banking
8187,6084,547,2023-06-14,Credit Card
8188,9668,246,2023-06-04,Debit Card
8189,9516,3577,2023-06-03,UPI
8190,1646,1462,2023-04-22,Net Banking
8191,2707,3121,2023-03-28,Credit Card
8192,2002,2021,2023-05-04,Debit Card
8193,1194,4383,2023-03-17,Debit Card
8194,1106,261,2023-06-24,Credit Card
8195,1405,2831,2023-06-18,Debit Card
8196,6349,3167,2023-06-22,UPI
8197,9868,4148,2023-02-02,Debit Card
8198,6621,1626,2023-05-28,Net Banking
8199,4797,3125,2023-01-20,Credit Card
8200,1702,2262,2023-04-07,Net Banking
8201,1871,3941,2023-05-19,Debit Card
8202,5331,2717,2023-03-06,UPI
8203,9646,291,2023-04-21,UPI
8204,576,1528,2023-06-24,Net Banking
8205,4088,597,2023-05-20,UPI
8206,6792,2175,2023-05-27,Credit Card
8207,5741,543,2023-06-12,Debit Card
8208,5641,3178,2023-04-16,Credit Card
8209,9644,1997,2023-05-23,Credit Card
8210,124,4972,2023-06-09,Credit Card
8211,4922,2930,2023-05-27,Credit Card
8212,6563,3088,2023-06-02,Debit Card
8213,1894,4777,2023-04-16,Net Banking
8214,4816,1655,2023-05-15,Credit Card
8215,7818,1473,2023-06-25,UPI
8216,2182,1159,2023-06-16,Debit Card
8217,8881,105,2023-06-01,Net Banking
8218,9914,756,2023-06-23,Net Banking
8219,6228,2712,2023-05-25,UPI
8220,2466,1552,2023-04-03,Credit Card
8221,1109,3729,2023-06-15,Credit Card
8222,3610,4521,2023-06-02,Debit Card
8223,4509,2925,2023-06-12,UPI
8224,98,1735,2023-04-22,UPI
8225,8037,908,2023-03-22,Net Banking
8226,987,2700,2023-04-20,UPI
8227,322,1632,2023-05-31,Debit Card
8228,6664,2213,2023-06-20,Debit Card
8229,814,1787,2023-06-09,Net Banking
8230,7273,4566,2023-05-18,UPI
8231,6933,1336,2023-03-27,UPI
8232,7403,1318,2023-05-14,Debit Card
8233,2240,4998,2023-04-20,Net Banking
8234,7267,1074,2023-04-16,Credit Card
8235,6014,3356,2023-06-02,UPI
8236,9754,168,2023-06-26,Net Banking
8237,2177,4706,2023-04-07,Credit Card
8238,7914,3015,2023-05-12,Credit Card
8239,9917,650,2023-05-30,Credit Card
8240,9588,1475,2023-06-18,Debit Card
8241,5571,492,2023-04-02,Debit Card
8242,760,192,2023-06-24,UPI
8243,1330,1084,2023-05-08,Credit Card
8244,2451,4736,2023-03-26,Debit Card
8245,4213,1867,2023-06-12,UPI
8246,962,431,2023-06-15,Net Banking
8247,2506,162,2023-06-23,Credit Card
8248,7872,132,2023-06-11,Debit Card
8249,7917,330,2023-06-20,Debit Card
8250,1843,3674,2023-02-24,Debit Card
8251,1818,1361,2023-06-01,Credit Card
8252,2450,476,2023-04-29,UPI
8253,5760,3454,2023-06-25,Credit Card
8254,9977,138,2023-05-22,Credit Card
8255,922,3036,2023-06-18,UPI
8256,6622,3556,2023-06-26,UPI
8257,1962,3167,2023-03-12,Credit Card
8258,2658,2104,2023-06-12,Debit Card
8259,1114,3792,2023-03-08,Credit Card
8260,9432,1773,2023-06-17,Net Banking
8261,6731,588,2023-03-29,Debit Card
8262,1207,3177,2023-05-25,Debit Card
8263,8001,416,2023-05-24,Credit Card
8264,5632,337,2023-02-10,Credit Card
8265,6127,4623,2023-06-23,Net Banking
8266,9553,3509,2023-06-08,Debit Card
8267,8157,2937,2023-06-28,UPI
8268,9290,3574,2023-05-14,Net Banking
8269,5488,4009,2023-06-19,Debit Card
8270,9875,4910,2023-06-17,Credit Card
8271,7177,2049,2023-05-09,UPI
8272,8931,1609,2023-06-15,UPI
8273,784,4265,2023-02-04,Credit Card
8274,8790,3782,2023-04-01,Credit Card
8275,3365,2728,2023-06-17,Credit Card
8276,770,591,2023-05-21,Net Banking
8277,386,1458,2023-04-25,Credit Card
8278,958,116,2023-04-02,Debit Card
8279,6034,2944,2023-06-14,UPI
8280,1765,1040,2023-03-30,Credit Card
8281,6477,2872,2023-05-13,Debit Card
8282,6463,4748,2023-06-03,Net Banking
8283,596,3106,2023-06-29,Credit Card
8284,6687,1857,2023-05-22,Net Banking
8285,1316,2422,2023-05-19,Net Banking
8286,4737,828,2023-06-23,Net Banking
8287,2462,3946,2023-02-22,UPI
8288,4598,1339,2023-06-28,Net Banking
8289,7175,3791,2023-06-09,UPI
8290,8195,856,2023-03-13,UPI
8291,6973,631,2023-05-17,Debit Card
8292,5431,1115,2023-05-23,Debit Card
8293,5632,2578,2023-02-07,Net Banking
8294,1841,3141,2023-06-23,UPI
8295,9605,3724,2023-02-12,Credit Card
8296,6344,1278,2023-05-28,Debit Card
8297,1081,2492,2023-05-23,Credit Card
8298,971,3547,2023-06-07,Debit Card
8299,6065,2177,2023-06-12,Credit Card
8300,4096,440,2023-06-20,Debit Card
8301,4339,960,2023-06-17,Debit Card
8302,2704,954,2023-04-13,UPI
8303,451,1795,2023-06-11,UPI
8304,891,3952,2023-06-15,Net Banking
8305,7593,2016,2023-05-21,Net Banking
8306,9415,2290,2023-04-29,Debit Card
8307,512,2537,2023-04-24,Net Banking
8308,3352,299,2023-04-24,UPI
8309,589,4217,2023-06-18,Credit Card
8310,7434,2284,2023-06-07,UPI
8311,1753,3712,2023-06-11,Net Banking
8312,5721,1664,2023-04-22,Net Banking
8313,6166,329,2023-06-12,UPI
8314,8966,2983,2023-06-14,Credit Card
8315,9978,609,2023-05-26,Credit Card
8316,6824,919,2023-05-30,Debit Card
8317,9447,325,2023-06-12,Net Banking
8318,9198,2060,2023-06-16,UPI
8319,9141,3688,2023-05-10,Net Banking
8320,4526,4823,2023-05-11,Debit Card
8321,4118,1428,2023-06-20,Credit Card
8322,6301,958,2023-06-21,Credit Card
8323,9357,143,2023-06-29,Credit Card
8324,6296,1580,2023-06-05,UPI
8325,3299,1437,2023-06-28,Net Banking
8326,5878,4050,2023-05-01,Credit Card
8327,1045,1008,2023-04-14,Debit Card
8328,6516,1174,2023-06-03,UPI
8329,3347,3556,2023-06-29,Debit Card
8330,8811,2486,2023-04-27,Debit Card
8331,6312,4408,2023-04-13,Debit Card
8332,2323,4475,2023-06-21,UPI
8333,3346,4125,2023-05-23,Net Banking
8334,6808,4701,2023-04-21,Net Banking
8335,8453,3412,2023-04-08,UPI
8336,2348,4441,2023-05-31,Debit Card
8337,7198,4021,2023-02-03,Credit Card
8338,400,4353,2023-04-09,Credit Card
8339,3485,3623,2023-06-09,Debit Card
8340,8884,2113,2023-06-25,Net Banking
8341,6017,1888,2023-05-27,Credit Card
8342,323,1944,2023-06-01,Credit Card
8343,3512,1491,2023-06-17,Credit Card
8344,5633,990,2023-03-10,UPI
8345,32,3660,2023-01-18,Net Banking
8346,194,4709,2023-01-15,UPI
8347,3342,2541,2023-06-26,Credit Card
8348,152,2934,2023-04-15,Net Banking
8349,1259,3600,2023-06-01,Debit Card
8350,7716,247,2023-05-23,Net Banking
8351,7797,2337,2023-03-21,Net Banking
8352,9727,769,2023-04-26,Net Banking
8353,1708,4150,2023-05-16,Credit Card
8354,5168,2196,2023-02-13,Credit Card
8355,9728,4284,2023-04-07,Net Banking
8356,5501,1525,2023-05-17,Net Banking
8357,2196,4559,2023-05-23,Net Banking
8358,1768,1711,2023-05-09,Credit Card
8359,9089,4230,2023-06-05,UPI
8360,3441,1934,2023-03-08,Debit Card
8361,8835,3140,2023-06-11,Debit Card
8362,5484,1877,2023-05-11,UPI
8363,9570,3408,2023-06-20,Net Banking
8364,8172,2321,2023-05-04,Debit Card
8365,1035,2205,2023-05-26,UPI
8366,3414,441,2023-06-26,Credit Card
8367,5287,1494,2023-06-26,Credit Card
8368,325,2824,2023-05-15,Net Banking
8369,3494,4343,2023-04-26,Debit Card
8370,8172,3711,2023-04-10,UPI
8371,1409,1448,2023-05-22,Debit Card
8372,9492,2563,2023-06-22,Net Banking
8373,7323,3814,2023-06-15,Net Banking
8374,895,4748,2023-05-24,Credit Card
8375,3780,3841,2023-06-04,Net Banking
8376,8102,4625,2023-06-13,UPI
8377,2080,883,2023-04-30,Net Banking
8378,1114,4907,2023-05-18,Credit Card
8379,8302,1166,2023-03-04,UPI
8380,2506,4604,2023-03-15,Credit Card
8381,7396,2394,2023-06-03,UPI
8382,1450,2707,2023-02-13,Credit Card
8383,1776,201,2023-06-19,Net Banking
8384,6645,3124,2023-04-22,Net Banking
8385,921,3165,2023-03-24,Credit Card
8386,9616,4279,2023-05-09,Debit Card
8387,4506,1540,2023-03-27,Debit Card
8388,4814,2220,2023-06-25,Credit Card
8389,428,2293,2023-05-11,Net Banking
8390,8533,1046,2023-05-08,Net Banking
8391,1990,2099,2023-06-23,UPI
8392,2591,2277,2023-03-29,Credit Card
8393,2173,164,2023-03-01,Credit Card
8394,172,4729,2023-05-05,Debit Card
8395,2522,4916,2023-06-21,Credit Card
8396,5171,384,2023-05-22,Net Banking
8397,6603,198,2023-04-22,Credit Card
8398,2972,4473,2023-06-25,Net Banking
8399,7280,3336,2023-06-20,UPI
8400,6458,3084,2023-01-14,Debit Card
8401,1708,3309,2023-05-27,UPI
8402,6684,384,2023-05-09,Debit Card
8403,1286,1875,2023-06-16,Credit Card
8404,3627,2184,2023-06-28,Debit Card
8405,5331,1292,2023-05-04,UPI
8406,8328,2133,2023-03-12,Credit Card
8407,297,1145,2023-05-05,UPI
8408,308,440,2023-02-19,Debit Card
8409,7443,1334,2023-04-06,Credit Card
8410,3084,4412,2023-02-28,Debit Card
8411,6866,1013,2023-06-20,Debit Card
8412,4728,1460,2023-05-02,Credit Card
8413,5142,1178,2023-06-06,Credit Card
8414,6443,961,2023-04-27,Credit Card
8415,849,1596,2023-05-17,Debit Card
8416,9873,2442,2023-06-01,Debit Card
8417,636,357,2023-06-28,UPI
8418,8087,492,2023-05-22,Credit Card
8419,299,4370,2023-02-28,Credit Card
8420,6950,1366,2023-05-26,Debit Card
8421,4520,1469,2023-05-08,Credit Card
8422,5222,4027,2023-03-06,Net Banking
8423,4565,2085,2023-05-08,Debit Card
8424,9742,1355,2023-03-04,UPI
8425,6561,1558,2023-06-01,Net Banking
8426,6635,2327,2023-05-05,Credit Card
8427,6628,2738,2023-05-16,UPI
8428,811,4880,2023-04-23,UPI
8429,7248,1243,2023-05-05,Net Banking
8430,8785,1615,2023-05-07,UPI
8431,4485,806,2023-04-04,Debit Card
8432,7898,3084,2023-02-25,UPI
8433,4877,4296,2023-06-17,Debit Card
8434,5773,4915,2023-02-09,Credit Card
8435,5215,2003,2023-04-18,Debit Card
8436,7789,2028,2023-06-13,Net Banking
8437,4872,3439,2023-04-24,UPI
8438,2614,3340,2023-02-16,Net Banking
8439,379,4201,2023-04-28,UPI
8440,3962,271,2023-05-19,Debit Card
8441,8284,4669,2023-05-14,Net Banking
8442,8211,3096,2023-06-09,Debit Card
8443,8572,2764,2023-05-11,Debit Card
8444,7428,3154,2023-06-28,Credit Card
8445,5938,3740,2023-06-16,Credit Card
8446,2193,3396,2023-05-09,Credit Card
8447,863,3253,2023-05-25,Credit Card
8448,3770,952,2023-05-27,UPI
8449,1138,788,2023-06-01,Net Banking
8450,2534,422,2023-06-16,Debit Card
8451,6716,4263,2023-03-28,Debit Card
8452,3090,2717,2023-06-09,Debit Card
8453,1615,2100,2023-06-25,UPI
8454,8577,1118,2023-06-03,UPI
8455,8904,3404,2023-02-21,Net Banking
8456,8696,787,2023-06-29,Credit Card
8457,9533,2710,2023-06-03,Credit Card
8458,1286,4838,2023-06-20,Net Banking
8459,8129,2777,2023-06-23,UPI
8460,3016,4236,2023-05-24,Credit Card
8461,3915,871,2023-03-27,Net Banking
8462,1154,4981,2023-04-30,Credit Card
8463,2350,694,2023-03-04,Net Banking
8464,8384,1346,2023-05-27,Debit Card
8465,1090,1633,2023-05-11,Debit Card
8466,5829,1028,2023-04-17,Debit Card
8467,6679,3395,2023-06-27,Net Banking
8468,5287,2110,2023-06-03,UPI
8469,9467,869,2023-06-27,UPI
8470,1105,4771,2023-03-16,Credit Card
8471,5307,3315,2023-06-28,UPI
8472,9982,2533,2023-05-22,Debit Card
8473,2105,1311,2023-03-10,Credit Card
8474,3473,2898,2023-06-28,Credit Card
8475,6892,3979,2023-05-10,Debit Card
8476,2149,618,2023-05-18,UPI
8477,9226,4597,2023-06-05,Credit Card
8478,9422,1899,2023-05-27,Credit Card
8479,2672,1793,2023-04-30,Net Banking
8480,5868,4447,2023-03-31,UPI
8481,3276,4155,2023-01-22,Net Banking
8482,1286,4816,2023-06-23,Net Banking
8483,6710,2986,2023-06-11,Net Banking
8484,4614,1517,2023-06-24,Debit Card
8485,9567,1730,2023-05-22,UPI
8486,5318,2458,2023-05-17,Credit Card
8487,9840,4191,2023-05-07,Credit Card
8488,6355,170,2023-04-06,Net Banking
8489,4465,1342,2023-06-28,Credit Card
8490,1132,4628,2023-06-29,Debit Card
8491,3699,3885,2023-06-21,Credit Card
8492,6034,1456,2023-05-08,Credit Card
8493,8181,1528,2023-06-29,UPI
8494,3009,3357,2023-06-19,Debit Card
8495,6502,1328,2023-06-14,Net Banking
8496,1842,4006,2023-06-12,UPI
8497,8974,2224,2023-04-29,UPI
8498,2247,1242,2023-02-26,UPI
8499,1729,4692,2023-06-17,Debit Card
8500,4206,3586,2023-06-06,Net Banking
8501,6118,203,2023-05-20,Credit Card
8502,4565,2948,2023-06-29,UPI
8503,8875,3417,2023-06-17,Credit Card
8504,2326,3321,2023-05-04,Net Banking
8505,594,2845,2023-06-21,Credit Card
8506,5780,3841,2023-04-03,Credit Card
8507,819,3894,2023-03-23,Net Banking
8508,6983,1505,2023-02-24,UPI
8509,4155,3878,2023-06-23,Net Banking
8510,9380,2348,2023-02-13,Credit Card
8511,7494,4641,2023-06-17,Credit Card
8512,1076,3135,2023-03-04,Net Banking
8513,8675,1713,2023-06-29,Net Banking
8514,75,1363,2023-06-27,Credit Card
8515,702,2013,2023-05-21,Net Banking
8516,7534,3481,2023-05-16,Net Banking
8517,7037,938,2023-06-23,Debit Card
8518,1811,2577,2023-06-19,Net Banking
8519,181,4326,2023-06-29,UPI
8520,7137,2956,2023-04-11,Credit Card
8521,7191,2114,2023-06-22,Debit Card
8522,1123,1975,2023-06-05,UPI
8523,627,4201,2023-06-29,UPI
8524,6297,1741,2023-05-05,Debit Card
8525,1359,2995,2023-06-15,Debit Card
8526,6997,1288,2023-06-27,Debit Card
8527,9028,3912,2023-05-08,UPI
8528,3910,1058,2023-02-26,Credit Card
8529,2926,3532,2023-05-06,Credit Card
8530,7579,1981,2023-06-28,UPI
8531,7396,1550,2023-05-20,Debit Card
8532,9614,632,2023-03-22,Net Banking
8533,6972,4638,2023-06-29,Net Banking
8534,2878,124,2023-06-03,Net Banking
8535,503,3020,2023-03-11,Credit Card
8536,958,3906,2023-05-20,Debit Card
8537,2246,4844,2023-06-09,Credit Card
8538,4375,699,2023-03-27,UPI
8539,8593,2661,2023-05-08,Debit Card
8540,9125,724,2023-05-29,Credit Card
8541,1317,2309,2023-04-04,UPI
8542,8718,2037,2023-05-05,Net Banking
8543,9099,841,2023-06-29,UPI
8544,8881,806,2023-05-30,Debit Card
8545,2225,1668,2023-03-24,Net Banking
8546,1584,1659,2023-04-07,Debit Card
8547,6329,2411,2023-05-31,UPI
8548,863,323,2023-03-16,Credit Card
8549,3955,3796,2023-06-29,Debit Card
8550,1050,2829,2023-05-31,Debit Card
8551,7918,2956,2023-05-15,UPI
8552,9090,3402,2023-03-05,Net Banking
8553,2298,4880,2023-05-03,Credit Card
8554,326,4590,2023-05-29,UPI
8555,2856,3164,2023-06-26,Credit Card
8556,4796,3625,2023-06-26,Debit Card
8557,351,2061,2023-06-12,Net Banking
8558,2037,4211,2023-03-23,Credit Card
8559,5158,3641,2023-06-01,Credit Card
8560,487,3318,2023-06-28,Debit Card
8561,853,1023,2023-06-29,Credit Card
8562,4760,1022,2023-06-29,UPI
8563,4122,520,2023-06-19,Debit Card
8564,9612,359,2023-06-22,Credit Card
8565,5912,4119,2023-06-28,Net Banking
8566,9315,3798,2023-06-17,Debit Card
8567,1885,1580,2023-02-15,Debit Card
8568,804,4529,2023-01-21,UPI
8569,66,4204,2023-06-01,Net Banking
8570,6265,3800,2023-05-18,Net Banking
8571,8472,367,2023-06-08,Debit Card
8572,6176,256,2023-06-23,Credit Card
8573,169,1326,2023-05-19,UPI
8574,5520,4236,2023-03-31,Debit Card
8575,2534,3288,2023-06-02,Net Banking
8576,3644,609,2023-04-07,Credit Card
8577,8825,1830,2023-03-30,Net Banking
8578,3558,2424,2023-06-29,Debit Card
8579,9851,991,2023-04-26,Credit Card
8580,505,2037,2023-01-28,UPI
8581,9982,659,2023-01-24,UPI
8582,8826,1134,2023-05-10,UPI
8583,6708,2846,2023-06-15,Net Banking
8584,4964,2213,2023-04-02,Credit Card
8585,8642,1804,2023-03-22,Net Banking
8586,7122,2649,2023-06-12,Debit Card
8587,264,2402,2023-06-13,Net Banking
8588,8412,3782,2023-05-23,Debit Card
8589,4533,2796,2023-06-07,Credit Card
8590,217,1494,2023-05-31,UPI
8591,5626,2110,2023-06-04,Credit Card
8592,5997,4979,2023-02-09,Net Banking
8593,4966,2183,2023-06-23,Debit Card
8594,5184,4113,2023-06-22,Net Banking
8595,6017,1517,2023-05-03,UPI
8596,2011,2021,2023-06-07,UPI
8597,8132,3692,2023-04-22,UPI
8598,5093,4612,2023-06-01,Debit Card
8599,3669,4757,2023-06-12,UPI
8600,7395,3588,2023-05-05,Credit Card
8601,7222,4210,2023-05-20,UPI
8602,4592,1598,2023-05-21,Net Banking
8603,1124,1716,2023-05-03,Credit Card
8604,9896,3154,2023-05-22,Net Banking
8605,6098,518,2023-04-20,Credit Card
8606,2117,1604,2023-06-28,UPI
8607,6318,2464,2023-06-27,Net Banking
8608,23,4285,2023-06-16,UPI
8609,7717,4232,2023-02-22,Debit Card
8610,8622,3090,2023-06-13,UPI
8611,1794,822,2023-06-13,Net Banking
8612,7280,2590,2023-02-11,Credit Card
8613,3987,2977,2023-06-09,Credit Card
8614,5969,1475,2023-03-22,Debit Card
8615,5928,3181,2023-03-28,UPI
8616,2639,393,2023-04-23,Debit Card
8617,3825,1134,2023-06-18,Net Banking
8618,3928,3535,2023-06-13,Credit Card
8619,9022,889,2023-06-20,Credit Card
8620,897,466,2023-05-23,UPI
8621,9763,574,2023-05-04,Credit Card
8622,9301,2537,2023-06-18,Net Banking
8623,4526,4082,2023-02-09,Credit Card
8624,2678,3209,2023-06-14,Debit Card
8625,210,1069,2023-04-18,Credit Card
8626,2075,3713,2023-04-23,Debit Card
8627,6340,4021,2023-05-23,Debit Card
8628,2526,1800,2023-03-24,Net Banking
8629,1333,2823,2023-05-12,Debit Card
8630,9489,1649,2023-06-23,UPI
8631,2076,3177,2023-06-12,Net Banking
8632,5186,1438,2023-06-26,Net Banking
8633,8057,2797,2023-06-23,Credit Card
8634,2552,4118,2023-03-24,Net Banking
8635,9967,240,2023-06-19,UPI
8636,1194,437,2023-03-21,Credit Card
8637,5221,3324,2023-04-28,UPI
8638,2744,4971,2023-06-26,Debit Card
8639,935,4840,2023-05-31,Net Banking
8640,4968,1356,2023-05-24,Credit Card
8641,985,4631,2023-05-25,Credit Card
8642,6595,281,2023-05-05,Net Banking
8643,3881,2278,2023-02-26,Net Banking
8644,9655,1945,2023-04-08,UPI
8645,6170,3735,2023-05-04,Net Banking
8646,6742,2309,2023-06-28,Debit Card
8647,5046,3354,2023-04-03,Debit Card
8648,5898,2656,2023-04-17,Credit Card
8649,4541,1451,2023-03-07,Net Banking
8650,5168,4632,2023-05-08,Credit Card
8651,4755,1290,2023-06-07,Debit Card
8652,5739,1898,2023-06-01,Net Banking
8653,8269,3166,2023-04-27,Debit Card
8654,7818,719,2023-06-29,Credit Card
8655,118,526,2023-06-06,Net Banking
8656,3939,1795,2023-06-17,Net Banking
8657,1307,3402,2023-01-20,Net Banking
8658,132,3574,2023-05-21,UPI
8659,9694,190,2023-06-29,UPI
8660,677,2021,2023-06-23,UPI
8661,6379,2427,2023-06-16,Debit Card
8662,4254,1191,2023-05-23,UPI
8663,365,3941,2023-06-09,Credit Card
8664,3729,1540,2023-06-10,Debit Card
8665,5983,767,2023-05-31,UPI
8666,4993,3941,2023-06-28,Debit Card
8667,4289,2002,2023-04-16,Credit Card
8668,6014,1565,2023-06-27,Debit Card
8669,9425,3414,2023-04-19,UPI
8670,6874,3195,2023-03-24,Debit Card
8671,3113,302,2023-04-10,Debit Card
8672,6387,2249,2023-02-28,Net Banking
8673,8297,3718,2023-06-28,UPI
8674,3222,3694,2023-06-03,Debit Card
8675,3676,4030,2023-06-06,Credit Card
8676,8993,1896,2023-04-28,UPI
8677,9824,3870,2023-06-16,UPI
8678,9945,1573,2023-06-09,Net Banking
8679,2956,4842,2023-05-12,Debit Card
8680,2614,1026,2023-06-29,Credit Card
8681,7710,2468,2023-04-27,UPI
8682,2586,2689,2023-05-21,Net Banking
8683,4323,4684,2023-05-21,Credit Card
8684,4938,939,2023-06-17,Net Banking
8685,2010,4441,2023-03-29,Debit Card
8686,4920,4267,2023-06-02,Debit Card
8687,6868,1956,2023-06-20,UPI
8688,8777,2181,2023-06-11,Credit Card
8689,477,976,2023-02-13,Debit Card
8690,5741,1214,2023-05-15,UPI
8691,1887,711,2023-05-06,Debit Card
8692,3017,3130,2023-04-21,UPI
8693,8304,2826,2023-05-04,UPI
8694,7759,3364,2023-04-23,Debit Card
8695,9124,1376,2023-06-15,Debit Card
8696,9764,3461,2023-05-22,Credit Card
8697,691,461,2023-03-28,Debit Card
8698,9171,2816,2023-01-29,Debit Card
8699,7625,3956,2023-06-26,UPI
8700,6040,887,2023-04-15,Credit Card
8701,5175,3963,2023-03-30,Net Banking
8702,7430,1340,2023-04-09,Credit Card
8703,6221,830,2023-04-25,UPI
8704,5818,4779,2023-06-21,UPI
8705,6913,2060,2023-04-13,Net Banking
8706,5086,4060,2023-06-25,Net Banking
8707,5997,115,2023-05-20,Credit Card
8708,7793,3252,2023-04-13,Credit Card
8709,8633,148,2023-05-05,Credit Card
8710,726,2902,2023-04-23,Net Banking
8711,3877,772,2023-06-18,Debit Card
8712,6648,3465,2023-03-16,UPI
8713,9348,2880,2023-05-26,Credit Card
8714,6533,3510,2023-06-02,Net Banking
8715,503,321,2023-02-10,Credit Card
8716,1878,531,2023-06-12,Debit Card
8717,4659,1179,2023-02-09,UPI
8718,3424,3582,2023-06-24,Debit Card
8719,5450,4663,2023-06-06,Net Banking
8720,7889,3560,2023-05-18,UPI
8721,9730,1475,2023-06-10,Debit Card
8722,5193,2882,2023-03-10,UPI
8723,2526,3789,2023-01-20,Net Banking
8724,2039,3914,2023-03-02,Debit Card
8725,5224,2949,2023-05-25,Debit Card
8726,8520,2316,2023-06-14,UPI
8727,8642,3426,2023-02-27,Credit Card
8728,9612,746,2023-06-05,Net Banking
8729,5225,1192,2023-06-27,Net Banking
8730,9566,4925,2023-06-02,UPI
8731,9523,2094,2023-06-26,Debit Card
8732,4684,316,2023-06-07,UPI
8733,9594,3170,2023-04-18,Credit Card
8734,5989,3243,2023-05-05,Net Banking
8735,6039,268,2023-05-14,Net Banking
8736,8878,3296,2023-05-06,Debit Card
8737,5650,657,2023-06-14,Net Banking
8738,5248,1723,2023-06-02,UPI
8739,1879,617,2023-03-28,Net Banking
8740,1198,1769,2023-06-29,Credit Card
8741,6776,4418,2023-06-16,Debit Card
8742,1189,1742,2023-06-26,Net Banking
8743,3056,2800,2023-06-23,Net Banking
8744,3726,3690,2023-06-22,Net Banking
8745,4380,1687,2023-05-22,Credit Card
8746,7212,3537,2023-04-12,Net Banking
8747,1069,1614,2023-06-16,Debit Card
8748,7352,4131,2023-04-25,UPI
8749,7977,767,2023-06-26,UPI
8750,2347,2512,2023-06-23,Credit Card
8751,6597,2726,2023-06-10,Credit Card
8752,1896,3503,2023-06-28,UPI
8753,3038,4193,2023-06-02,Net Banking
8754,5167,2973,2023-06-19,Net Banking
8755,8994,431,2023-05-30,Net Banking
8756,1692,4224,2023-05-25,Net Banking
8757,2324,3225,2023-05-01,UPI
8758,657,2015,2023-04-30,Credit Card
8759,7756,4606,2023-05-08,Credit Card
8760,6004,3733,2023-02-26,Credit Card
8761,8321,2854,2023-06-23,Net Banking
8762,2998,3303,2023-05-22,UPI
8763,6747,2281,2023-06-10,UPI
8764,4936,3576,2023-06-12,UPI
8765,8865,1740,2023-05-13,Debit Card
8766,6706,380,2023-06-16,Net Banking
8767,1873,631,2023-06-20,Credit Card
8768,9213,3623,2023-06-15,Debit Card
8769,4508,1469,2023-04-09,Debit Card
8770,7101,2597,2023-06-17,UPI
8771,6510,4454,2023-06-28,Net Banking
8772,575,4285,2023-04-17,Debit Card
8773,2218,478,2023-04-06,Debit Card
8774,1612,835,2023-06-20,UPI
8775,574,664,2023-05-28,Net Banking
8776,608,2291,2023-06-04,Credit Card
8777,8253,4914,2023-06-10,Debit Card
8778,4966,4746,2023-06-24,Debit Card
8779,653,3311,2023-06-08,Credit Card
8780,2617,4737,2023-06-23,UPI
8781,5711,391,2023-06-29,Net Banking
8782,1986,2836,2023-05-17,UPI
8783,9484,3386,2023-06-22,Net Banking
8784,1138,2315,2023-06-13,Debit Card
8785,2409,1555,2023-03-30,UPI
8786,6648,2194,2023-06-17,Credit Card
8787,5606,4920,2023-05-06,UPI
8788,1532,1033,2023-06-26,Net Banking
8789,850,3609,2023-03-20,Debit Card
8790,3793,1859,2023-02-22,UPI
8791,468,3354,2023-05-08,Debit Card
8792,6587,1231,2023-06-28,UPI
8793,4632,1574,2023-06-13,Debit Card
8794,2799,3338,2023-06-11,Credit Card
8795,4546,1063,2023-05-29,Credit Card
8796,4859,4394,2023-06-18,Credit Card
8797,6148,4659,2023-05-01,Debit Card
8798,3182,4691,2023-03-29,UPI
8799,3703,197,2023-06-11,Credit Card
8800,4355,1539,2023-02-25,Credit Card
8801,7086,130,2023-04-27,Credit Card
8802,8821,3559,2023-06-11,Credit Card
8803,4807,4714,2023-05-17,Credit Card
8804,9726,520,2023-02-15,Net Banking
8805,4144,3186,2023-06-27,Net Banking
8806,9765,2811,2023-01-12,UPI
8807,5479,1696,2023-05-04,Debit Card
8808,4248,4284,2023-06-25,Net Banking
8809,6684,3591,2023-04-09,UPI
8810,2356,4755,2023-06-16,Credit Card
8811,6761,4898,2023-06-13,Debit Card
8812,6212,4095,2023-03-06,Credit Card
8813,7360,2265,2023-06-10,Net Banking
8814,5878,310,2023-03-14,Net Banking
8815,5931,924,2023-05-09,UPI
8816,5828,1919,2023-06-20,Debit Card
8817,2004,2295,2023-04-27,UPI
8818,160,3134,2023-04-23,Net Banking
8819,8827,4627,2023-05-30,Net Banking
8820,8894,1383,2023-03-16,UPI
8821,9399,1956,2023-05-25,Credit Card
8822,3987,534,2023-05-28,Net Banking
8823,684,2632,2023-02-20,Net Banking
8824,9645,478,2023-03-08,UPI
8825,6032,4853,2023-02-14,Net Banking
8826,3289,4659,2023-05-23,Debit Card
8827,2880,4459,2023-06-25,Debit Card
8828,3920,3780,2023-04-30,Debit Card
8829,7868,2997,2023-06-23,Credit Card
8830,7400,1015,2023-04-18,Credit Card
8831,8218,2702,2023-03-30,UPI
8832,7883,1794,2023-04-22,Net Banking
8833,9797,1906,2023-06-06,Net Banking
8834,8707,4957,2023-06-05,UPI
8835,8263,618,2023-03-23,Debit Card
8836,2641,2052,2023-06-20,UPI
8837,6287,1173,2023-06-03,Credit Card
8838,2275,3260,2023-05-22,Credit Card
8839,6146,3670,2023-05-25,Credit Card
8840,6372,3935,2023-06-23,Net Banking
8841,9656,2075,2023-05-23,UPI
8842,812,2374,2023-06-09,Debit Card
8843,2614,588,2023-06-05,Debit Card
8844,6996,1699,2023-06-01,Credit Card
8845,478,1630,2023-06-27,Debit Card
8846,3381,2568,2023-04-30,Credit Card
8847,5324,2784,2023-05-25,Net Banking
8848,5606,2076,2023-06-08,Debit Card
8849,3233,1808,2023-06-01,UPI
8850,3687,1778,2023-04-27,Credit Card
8851,6717,505,2023-06-02,Debit Card
8852,2671,1277,2023-06-29,Net Banking
8853,3244,3380,2023-06-01,UPI
8854,8163,716,2023-04-18,Debit Card
8855,7602,1554,2023-06-22,Credit Card
8856,4917,4953,2023-06-21,Credit Card
8857,9024,1069,2023-06-16,UPI
8858,5226,865,2023-06-17,Credit Card
8859,5404,1400,2023-06-22,Credit Card
8860,897,404,2023-05-27,UPI
8861,2707,3189,2023-02-19,Credit Card
8862,4575,1792,2023-06-29,Credit Card
8863,1422,3468,2023-05-02,Net Banking
8864,4685,4239,2023-06-28,Credit Card
8865,9587,4463,2023-06-09,Credit Card
8866,5706,126,2023-05-10,UPI
8867,8156,1303,2023-06-25,Net Banking
8868,1803,4750,2023-06-05,Credit Card
8869,490,3877,2023-04-11,Debit Card
8870,5349,1993,2023-06-29,Debit Card
8871,6197,4082,2023-05-06,Net Banking
8872,3847,2981,2023-04-26,Credit Card
8873,8115,735,2023-02-11,Debit Card
8874,3933,2345,2023-04-30,UPI
8875,6519,3438,2023-06-18,Debit Card
8876,8876,4239,2023-04-16,Debit Card
8877,3134,1317,2023-05-28,UPI
8878,5298,3004,2023-05-14,Credit Card
8879,1440,3474,2023-06-20,Debit Card
8880,2751,159,2023-05-28,UPI
8881,5606,2118,2023-06-26,Debit Card
8882,514,172,2023-06-16,Debit Card
8883,2448,4410,2023-05-12,Debit Card
8884,2926,145,2023-06-16,Debit Card
8885,6892,542,2023-04-27,UPI
8886,400,615,2023-05-03,Debit Card
8887,1839,4082,2023-06-29,Net Banking
8888,3771,996,2023-06-02,Debit Card
8889,6885,1941,2023-06-02,Net Banking
8890,1885,3043,2023-05-08,Debit Card
8891,1804,1084,2023-05-14,Net Banking
8892,5908,786,2023-05-28,Net Banking
8893,8881,1584,2023-05-27,Net Banking
8894,4293,2559,2023-05-14,Debit Card
8895,5883,217,2023-06-24,UPI
8896,2762,740,2023-02-28,Credit Card
8897,3794,3514,2023-06-12,Net Banking
8898,5364,3774,2023-03-15,Debit Card
8899,3946,4625,2023-06-19,UPI
8900,9240,3386,2023-06-28,UPI
8901,8498,2399,2023-05-08,UPI
8902,75,3198,2023-04-08,Net Banking
8903,1931,2178,2023-05-19,UPI
8904,3558,4687,2023-06-27,Debit Card
8905,1931,3410,2023-05-18,Credit Card
8906,1918,659,2023-05-19,UPI
8907,1468,1697,2023-04-15,UPI
8908,3678,734,2023-05-17,Debit Card
8909,9768,4550,2023-06-15,UPI
8910,61,2565,2023-06-20,UPI
8911,4956,959,2023-03-05,Debit Card
8912,3320,101,2023-06-11,Net Banking
8913,2749,4365,2023-04-24,Net Banking
8914,2792,3318,2023-06-23,UPI
8915,5488,4531,2023-05-18,UPI
8916,80,2409,2023-06-28,Credit Card
8917,4160,2140,2023-02-09,Credit Card
8918,1808,2510,2023-06-28,Credit Card
8919,6164,2101,2023-05-20,Debit Card
8920,4641,1271,2023-03-12,Credit Card
8921,9534,3715,2023-06-19,Net Banking
8922,400,3426,2023-03-15,Net Banking
8923,7690,3635,2023-05-26,Debit Card
8924,490,2201,2023-04-22,UPI
8925,7502,1537,2023-06-18,UPI
8926,1159,1218,2023-04-19,Credit Card
8927,7000,273,2023-05-21,Net Banking
8928,700,3558,2023-05-24,Credit Card
8929,1230,1611,2023-06-12,Net Banking
8930,7094,4189,2023-06-20,Net Banking
8931,5302,122,2023-02-22,Net Banking
8932,882,3359,2023-03-06,Net Banking
8933,2303,3292,2023-06-26,UPI
8934,8054,1457,2023-06-10,Debit Card
8935,8292,3609,2023-05-02,Credit Card
8936,4502,244,2023-03-02,Credit Card
8937,6628,3814,2023-05-23,UPI
8938,7096,1422,2023-03-29,Net Banking
8939,5481,314,2023-06-23,Credit Card
8940,2328,3786,2023-04-20,Net Banking
8941,6337,4680,2023-06-29,UPI
8942,2514,2621,2023-04-30,Credit Card
8943,6724,1603,2023-06-28,Debit Card
8944,6213,4608,2023-03-24,Net Banking
8945,1324,2991,2023-06-23,Net Banking
8946,1674,3410,2023-05-06,UPI
8947,202,2668,2023-05-27,Debit Card
8948,5084,376,2023-05-17,Debit Card
8949,1089,3227,2023-06-19,Net Banking
8950,305,509,2023-06-15,UPI
8951,3779,1525,2023-06-27,Net Banking
8952,8974,2948,2023-02-25,UPI
8953,9338,3346,2023-06-28,Credit Card
8954,442,4702,2023-06-12,Credit Card
8955,9617,2605,2023-05-06,UPI
8956,5160,2564,2023-05-13,Debit Card
8957,1203,3685,2023-06-20,Debit Card
8958,738,1016,2023-06-22,Net Banking
8959,123,1115,2023-01-15,UPI
8960,320,2045,2023-06-28,Net Banking
8961,5634,3360,2023-06-02,Credit Card
8962,8206,2465,2023-02-28,Debit Card
8963,7830,941,2023-03-29,Debit Card
8964,269,1299,2023-06-23,Net Banking
8965,6502,1149,2023-05-21,Debit Card
8966,333,4919,2023-06-28,Credit Card
8967,7298,1652,2023-06-29,Net Banking
8968,5409,4517,2023-04-12,UPI
8969,1392,3636,2023-05-18,Debit Card
8970,2573,3033,2023-05-14,UPI
8971,3256,4731,2023-06-27,Credit Card
8972,3728,2606,2023-06-15,Debit Card
8973,9265,2570,2023-05-13,Net Banking
8974,6200,1295,2023-02-16,UPI
8975,7687,3577,2023-06-16,UPI
8976,7879,1457,2023-04-24,Debit Card
8977,519,2194,2023-06-03,Debit Card
8978,5170,2340,2023-06-23,UPI
8979,6158,1032,2023-06-29,Credit Card
8980,3996,3478,2023-04-18,Debit Card
8981,4575,3338,2023-06-18,UPI
8982,4430,4018,2023-06-25,Credit Card
8983,4511,2111,2023-03-20,Debit Card
8984,8206,2401,2023-02-11,Net Banking
8985,7596,2382,2023-05-26,UPI
8986,2431,4278,2023-04-15,Debit Card
8987,3973,3706,2023-06-29,Credit Card
8988,5124,1611,2023-06-27,Credit Card
8989,7579,1293,2023-06-22,Net Banking
8990,5306,1175,2023-04-23,UPI
8991,6549,554,2023-06-22,Net Banking
8992,7894,4910,2023-06-24,Credit Card
8993,1692,3471,2023-02-24,Debit Card
8994,1524,1971,2023-03-11,Credit Card
8995,3250,309,2023-05-28,Debit Card
8996,8473,106,2023-05-20,UPI
8997,3304,1057,2023-06-23,Net Banking
8998,7034,1250,2023-05-21,Debit Card
8999,4565,2394,2023-05-15,UPI
9000,6780,4359,2023-04-15,Net Banking
9001,448,2537,2023-02-11,UPI
9002,1818,4756,2023-06-18,Credit Card
9003,5378,3669,2023-05-09,Debit Card
9004,7956,1142,2023-04-28,UPI
9005,5079,3909,2023-05-19,Debit Card
9006,1503,3712,2023-05-18,Net Banking
9007,4962,3739,2023-06-18,Net Banking
9008,7359,1632,2023-06-25,UPI
9009,753,1386,2023-03-05,UPI
9010,1400,2828,2023-03-09,Debit Card
9011,827,2155,2023-05-31,Credit Card
9012,3065,1847,2023-06-24,Debit Card
9013,9523,859,2023-06-21,Net Banking
9014,7738,1367,2023-05-09,Debit Card
9015,964,2852,2023-04-14,Net Banking
9016,4743,2922,2023-05-11,Credit Card
9017,8400,4967,2023-06-26,Credit Card
9018,3317,1076,2023-04-24,Net Banking
9019,5962,239,2023-06-14,Debit Card
9020,776,647,2023-06-10,Credit Card
9021,1827,2803,2023-04-30,UPI
9022,2591,3657,2023-05-18,Credit Card
9023,7065,3928,2023-05-03,Net Banking
9024,3943,548,2023-04-08,Net Banking
9025,2363,1522,2023-06-29,Debit Card
9026,6112,1782,2023-05-20,Debit Card
9027,7000,1061,2023-05-20,UPI
9028,6619,252,2023-04-19,Credit Card
9029,1050,635,2023-04-01,Net Banking
9030,4876,1655,2023-06-21,UPI
9031,3499,3233,2023-04-24,Debit Card
9032,2392,4704,2023-05-21,Debit Card
9033,9956,4895,2023-06-11,Debit Card
9034,8717,4377,2023-06-14,Debit Card
9035,3765,3478,2023-02-21,UPI
9036,6022,3004,2023-04-14,Net Banking
9037,4319,983,2023-04-30,Credit Card
9038,1382,4649,2023-06-23,Net Banking
9039,5487,2521,2023-06-15,Debit Card
9040,5138,759,2023-05-02,Credit Card
9041,4624,2640,2023-05-28,UPI
9042,1955,524,2023-06-12,Net Banking
9043,7358,4708,2023-06-27,Debit Card
9044,859,1305,2023-06-29,Debit Card
9045,4686,3349,2023-05-10,UPI
9046,4541,4011,2023-05-29,Credit Card
9047,863,2845,2023-04-02,Debit Card
9048,5420,1706,2023-05-29,Debit Card
9049,2672,1289,2023-06-01,Credit Card
9050,7023,4841,2023-03-28,Debit Card
9051,904,1110,2023-03-19,Credit Card
9052,9399,1192,2023-03-18,Credit Card
9053,1848,4175,2023-02-11,Credit Card
9054,612,2918,2023-04-03,Net Banking
9055,2728,1827,2023-06-25,UPI
9056,4463,1767,2023-06-05,UPI
9057,7423,3372,2023-06-25,Debit Card
9058,3823,1137,2023-06-16,Debit Card
9059,6871,3185,2023-05-25,Credit Card
9060,7437,1301,2023-06-25,Net Banking
9061,8459,4236,2023-05-18,Net Banking
9062,6011,2579,2023-06-23,Credit Card
9063,8797,3262,2023-05-15,UPI
9064,1733,3094,2023-06-19,UPI
9065,9602,4961,2023-04-15,Credit Card
9066,2705,3268,2023-05-07,UPI
9067,5680,822,2023-06-07,Net Banking
9068,6379,4258,2023-05-10,Credit Card
9069,7186,3831,2023-06-07,Net Banking
9070,5211,2441,2023-06-03,Credit Card
9071,1894,403,2023-04-10,Debit Card
9072,2025,4581,2023-04-06,UPI
9073,6607,2382,2023-06-03,Debit Card
9074,5354,3386,2023-06-15,Debit Card
9075,7692,1659,2023-06-29,Net Banking
9076,6549,2524,2023-06-29,Debit Card
9077,7643,2579,2023-06-07,Net Banking
9078,3401,2758,2023-03-13,Net Banking
9079,5471,2781,2023-06-29,Credit Card
9080,5687,671,2023-06-14,UPI
9081,7157,1132,2023-06-28,Credit Card
9082,7461,3919,2023-05-07,UPI
9083,1539,2042,2023-06-26,UPI
9084,1518,635,2023-03-14,Debit Card
9085,9004,3229,2023-06-13,Debit Card
9086,5359,4653,2023-03-08,Credit Card
9087,6733,1545,2023-06-27,Net Banking
9088,4206,1389,2023-06-07,Credit Card
9089,9443,3782,2023-06-28,Net Banking
9090,8628,526,2023-05-01,Net Banking
9091,5700,4532,2023-06-22,UPI
9092,7442,3436,2023-05-17,UPI
9093,173,1686,2023-06-22,Debit Card
9094,6258,3617,2023-04-17,Net Banking
9095,7273,2597,2023-05-21,UPI
9096,5350,317,2023-04-07,Credit Card
9097,3716,3595,2023-05-28,Debit Card
9098,6705,3223,2023-05-01,Credit Card
9099,261,4188,2023-02-28,Net Banking
9100,4699,2379,2023-04-19,Net Banking
9101,1066,2481,2023-03-07,UPI
9102,75,3172,2023-05-06,Credit Card
9103,6888,4811,2023-06-12,Net Banking
9104,6249,2258,2023-04-22,Debit Card
9105,1425,3570,2023-02-19,Debit Card
9106,9541,1304,2023-06-09,Credit Card
9107,569,526,2023-06-03,UPI
9108,8905,766,2023-05-20,Debit Card
9109,8949,541,2023-01-26,Debit Card
9110,7533,898,2023-06-08,Credit Card
9111,5222,1723,2023-03-24,Debit Card
9112,5715,4339,2023-05-25,Debit Card
9113,8638,845,2023-06-27,Debit Card
9114,5801,4080,2023-05-02,Credit Card
9115,50,3017,2023-06-20,UPI
9116,8570,2963,2023-06-21,Net Banking
9117,2150,2572,2023-06-24,Credit Card
9118,4454,158,2023-06-19,Debit Card
9119,2673,749,2023-06-16,Credit Card
9120,6556,4068,2023-05-23,UPI
9121,1997,1606,2023-06-29,UPI
9122,1555,571,2023-05-06,Credit Card
9123,9786,1019,2023-05-26,UPI
9124,5125,4931,2023-03-19,Credit Card
9125,8548,2773,2023-05-12,Credit Card
9126,7345,1200,2023-06-24,Credit Card
9127,6024,3575,2023-06-29,Net Banking
9128,9246,2984,2023-02-12,Net Banking
9129,8,3873,2023-04-19,Debit Card
9130,4496,4103,2023-05-27,Net Banking
9131,6881,3255,2023-06-29,Credit Card
9132,5958,1001,2023-06-23,Net Banking
9133,8160,297,2023-06-06,UPI
9134,2412,1854,2023-04-11,Net Banking
9135,282,1027,2023-06-23,Debit Card
9136,6548,2069,2023-03-25,Debit Card
9137,8676,819,2023-06-05,Credit Card
9138,5595,3862,2023-05-23,UPI
9139,5259,3919,2023-03-06,Debit Card
9140,629,3353,2023-05-28,Credit Card
9141,5689,894,2023-04-04,UPI
9142,8795,4849,2023-06-20,UPI
9143,4971,2815,2023-06-27,Net Banking
9144,9014,3353,2023-06-29,Debit Card
9145,4941,2766,2023-06-06,UPI
9146,9682,1760,2023-06-13,Debit Card
9147,5453,1382,2023-06-12,UPI
9148,6356,1412,2023-06-26,UPI
9149,2346,4226,2023-06-04,Credit Card
9150,9001,1978,2023-06-28,UPI
9151,8157,4094,2023-06-29,Credit Card
9152,5612,2124,2023-05-30,UPI
9153,8927,4592,2023-02-17,UPI
9154,2242,1370,2023-04-30,Net Banking
9155,3016,4421,2023-05-25,Debit Card
9156,1131,403,2023-06-06,Debit Card
9157,6039,2324,2023-05-12,Net Banking
9158,9144,1653,2023-04-30,Net Banking
9159,4739,4072,2023-03-14,Net Banking
9160,5007,1776,2023-02-24,Debit Card
9161,2486,1375,2023-03-30,Credit Card
9162,7631,1828,2023-06-25,Credit Card
9163,1727,1714,2023-05-24,Net Banking
9164,2799,3763,2023-05-26,UPI
9165,4552,4196,2023-02-11,Debit Card
9166,8999,2841,2023-06-21,Credit Card
9167,9544,4948,2023-06-26,Debit Card
9168,8777,3868,2023-03-30,Net Banking
9169,889,1036,2023-06-09,Debit Card
9170,1014,2021,2023-06-17,UPI
9171,6787,3422,2023-05-10,Credit Card
9172,5226,2181,2023-06-02,Debit Card
9173,7305,4262,2023-06-28,Credit Card
9174,7936,3418,2023-06-28,Net Banking
9175,7845,4681,2023-04-20,Credit Card
9176,4383,4575,2023-05-01,Debit Card
9177,8937,3071,2023-02-09,UPI
9178,45,3565,2023-06-26,Debit Card
9179,4264,928,2023-06-25,Credit Card
9180,2889,3166,2023-06-29,Credit Card
9181,298,1428,2023-05-18,UPI
9182,1739,4053,2023-06-04,Debit Card
9183,9290,1287,2023-06-18,UPI
9184,3899,4577,2023-05-09,Net Banking
9185,5225,3531,2023-06-29,Net Banking
9186,8059,269,2023-06-29,UPI
9187,3537,4085,2023-05-16,Net Banking
9188,9177,4159,2023-06-06,Debit Card
9189,7898,3893,2023-03-27,Credit Card
9190,6454,3942,2023-06-14,Credit Card
9191,5105,1129,2023-06-25,Net Banking
9192,9110,402,2023-05-11,Debit Card
9193,3,2526,2023-05-05,Debit Card
9194,5248,2942,2023-06-26,Debit Card
9195,859,3424,2023-05-06,Credit Card
9196,2094,3034,2023-04-22,UPI
9197,8198,3445,2023-06-21,Debit Card
9198,6884,805,2023-05-26,Net Banking
9199,4504,3080,2023-03-23,Credit Card
9200,6142,2807,2023-06-29,Debit Card
9201,1504,931,2023-04-16,Debit Card
9202,1963,406,2023-03-25,Credit Card
9203,6387,1391,2023-04-14,Credit Card
9204,4553,4512,2023-06-15,Net Banking
9205,6871,2174,2023-06-29,Net Banking
9206,3125,1423,2023-06-19,UPI
9207,9792,1940,2023-05-08,Credit Card
9208,306,376,2023-04-11,Net Banking
9209,3815,1074,2023-05-22,Debit Card
9210,7601,2827,2023-01-09,Credit Card
9211,9001,323,2023-05-12,Credit Card
9212,9793,241,2023-05-17,Credit Card
9213,8439,3101,2023-06-29,Credit Card
9214,5823,1591,2023-05-14,UPI
9215,6022,3313,2023-05-05,Credit Card
9216,8999,3645,2023-04-20,Credit Card
9217,5930,3661,2023-06-22,UPI
9218,8248,2155,2023-02-17,Net Banking
9219,2150,3263,2023-06-04,Credit Card
9220,2887,369,2023-06-27,Credit Card
9221,3059,1451,2023-03-16,Net Banking
9222,2038,1568,2023-05-16,UPI
9223,5892,4798,2023-06-23,Debit Card
9224,4417,3193,2023-06-23,UPI
9225,870,4668,2023-06-09,Debit Card
9226,4176,4373,2023-06-11,Net Banking
9227,7163,1260,2023-03-27,Credit Card
9228,7024,1954,2023-06-19,Net Banking
9229,5644,480,2023-05-20,Debit Card
9230,7064,268,2023-04-16,Net Banking
9231,3825,1192,2023-06-25,UPI
9232,2894,4025,2023-04-23,Net Banking
9233,7692,1817,2023-06-29,Credit Card
9234,4411,973,2023-06-28,Debit Card
9235,8635,951,2023-02-13,UPI
9236,5351,2273,2023-01-14,Net Banking
9237,1401,4835,2023-04-04,Debit Card
9238,2011,3957,2023-06-08,Net Banking
9239,3355,264,2023-02-21,Net Banking
9240,8236,406,2023-04-08,Credit Card
9241,7277,2218,2023-06-19,Debit Card
9242,6390,2245,2023-06-29,Credit Card
9243,363,322,2023-05-10,Debit Card
9244,7724,1307,2023-06-29,Debit Card
9245,4038,2405,2023-06-11,Debit Card
9246,8802,4067,2023-06-06,Debit Card
9247,6307,375,2023-04-20,UPI
9248,9068,1734,2023-06-14,Credit Card
9249,1317,1610,2023-04-15,UPI
9250,962,3446,2023-06-18,UPI
9251,1924,4349,2023-06-04,Credit Card
9252,4556,1075,2023-04-02,Credit Card
9253,908,3069,2023-05-06,UPI
9254,7848,4591,2023-04-08,Net Banking
9255,4268,2300,2023-06-29,Debit Card
9256,3053,4828,2023-06-26,Credit Card
9257,3953,609,2023-06-19,Net Banking
9258,6431,1460,2023-06-18,Net Banking
9259,7712,4143,2023-03-19,Net Banking
9260,8154,4314,2023-06-16,Net Banking
9261,6229,723,2023-04-25,Credit Card
9262,5547,3040,2023-05-26,Credit Card
9263,3473,2577,2023-06-28,Debit Card
9264,7415,683,2023-06-26,Net Banking
9265,2796,249,2023-04-20,Debit Card
9266,6443,2841,2023-06-04,Net Banking
9267,9342,950,2023-06-03,Net Banking
9268,3038,3301,2023-04-21,Net Banking
9269,4913,341,2023-03-10,Credit Card
9270,3488,130,2023-05-12,Credit Card
9271,3949,963,2023-05-14,UPI
9272,4311,2540,2023-03-27,Credit Card
9273,4340,4613,2023-01-24,Net Banking
9274,530,4480,2023-06-11,UPI
9275,6442,3965,2023-06-23,Debit Card
9276,2520,1128,2023-06-23,Credit Card
9277,988,4874,2023-06-20,Debit Card
9278,9012,100,2023-05-14,Credit Card
9279,3540,3848,2023-05-05,UPI
9280,5501,4402,2023-04-28,UPI
9281,6576,3132,2023-06-28,Credit Card
9282,1931,1099,2023-06-27,Debit Card
9283,5508,3887,2023-04-17,Debit Card
9284,987,3282,2023-04-05,Credit Card
9285,8318,4843,2023-03-25,UPI
9286,532,1868,2023-04-09,Debit Card
9287,3881,2668,2023-03-21,Debit Card
9288,6614,4730,2023-03-04,Credit Card
9289,1393,4114,2023-01-19,Debit Card
9290,3469,1394,2023-06-11,Credit Card
9291,2616,3925,2023-05-29,UPI
9292,9694,2740,2023-06-29,Net Banking
9293,5259,3736,2023-01-18,Debit Card
9294,9357,540,2023-06-14,Credit Card
9295,1482,3364,2023-05-03,Net Banking
9296,4877,3013,2023-05-30,Credit Card
9297,408,1695,2023-06-06,UPI
9298,2818,4892,2023-06-10,Net Banking
9299,3201,4833,2023-05-06,Credit Card
9300,7675,2744,2023-05-09,UPI
9301,4756,2896,2023-06-06,UPI
9302,2382,3835,2023-05-10,Debit Card
9303,441,4331,2023-05-11,Credit Card
9304,3042,4116,2023-05-01,Credit Card
9305,3806,3964,2023-04-28,Net Banking
9306,7066,468,2023-06-12,UPI
9307,4576,3312,2023-06-20,Credit Card
9308,1553,4456,2023-03-19,Credit Card
9309,631,4901,2023-06-21,Net Banking
9310,7013,992,2023-04-21,UPI
9311,9162,4795,2023-04-27,Credit Card
9312,6501,1951,2023-06-28,UPI
9313,1725,1952,2023-04-16,Credit Card
9314,7208,1653,2023-06-28,Net Banking
9315,9670,3763,2023-06-17,UPI
9316,8347,2661,2023-06-22,Net Banking
9317,8357,963,2023-04-03,Credit Card
9318,4829,4612,2023-06-24,Credit Card
9319,902,812,2023-03-10,Credit Card
9320,3541,3472,2023-06-28,UPI
9321,8633,2763,2023-04-29,Net Banking
9322,1193,4706,2023-05-18,Net Banking
9323,1425,275,2023-03-12,Net Banking
9324,1005,4705,2023-06-04,Debit Card
9325,1590,2940,2023-04-05,Debit Card
9326,5116,3909,2023-06-22,Credit Card
9327,2898,498,2023-04-10,Debit Card
9328,4458,3719,2023-05-22,Net Banking
9329,785,4488,2023-05-18,UPI
9330,4497,2770,2023-05-26,Credit Card
9331,7797,2350,2023-06-20,Credit Card
9332,3444,3534,2023-06-04,Net Banking
9333,8921,4299,2023-06-03,Debit Card
9334,7171,2682,2023-05-18,Credit Card
9335,8961,4632,2023-05-20,Net Banking
9336,2586,3826,2023-03-31,Credit Card
9337,3182,997,2023-03-18,Net Banking
9338,1155,2341,2023-06-07,Debit Card
9339,5175,4043,2023-04-07,UPI
9340,4605,3138,2023-06-15,Net Banking
9341,1173,1476,2023-04-10,Net Banking
9342,923,153,2023-06-18,Debit Card
9343,448,1893,2023-02-21,Net Banking
9344,7596,1881,2023-05-10,Net Banking
9345,1595,3257,2023-05-18,UPI
9346,6649,3517,2023-06-12,Net Banking
9347,3314,2115,2023-06-27,Credit Card
9348,18,3208,2023-05-01,UPI
9349,5983,500,2023-06-03,Net Banking
9350,3089,297,2023-05-26,UPI
9351,7495,3527,2023-06-07,Debit Card
9352,7249,1135,2023-02-26,Net Banking
9353,1762,3526,2023-05-30,Credit Card
9354,7354,277,2023-05-31,Debit Card
9355,5531,149,2023-05-26,Net Banking
9356,9008,1352,2023-06-19,Net Banking
9357,1945,4765,2023-06-29,Credit Card
9358,663,4454,2023-04-10,Debit Card
9359,9013,4513,2023-06-24,Net Banking
9360,1684,1568,2023-05-03,UPI
9361,4181,1442,2023-04-24,Net Banking
9362,6469,4920,2023-05-14,Credit Card
9363,2956,2998,2023-05-15,Debit Card
9364,9325,1758,2023-06-18,Credit Card
9365,4099,943,2023-06-21,Debit Card
9366,7526,3926,2023-05-30,Debit Card
9367,4463,3496,2023-03-17,UPI
9368,4257,4874,2023-05-20,Debit Card
9369,9307,1970,2023-06-11,Net Banking
9370,1075,267,2023-06-20,Debit Card
9371,3464,2265,2023-06-20,Debit Card
9372,3233,2506,2023-06-19,Debit Card
9373,3221,2552,2023-04-06,Net Banking
9374,1015,1175,2023-03-26,Net Banking
9375,9917,2608,2023-05-23,Credit Card
9376,1472,3115,2023-03-03,Net Banking
9377,5291,182,2023-06-03,Credit Card
9378,9069,3525,2023-06-26,Debit Card
9379,9835,4115,2023-05-11,UPI
9380,7152,1581,2023-05-12,Net Banking
9381,7474,3072,2023-04-29,Credit Card
9382,7523,4232,2023-05-09,UPI
9383,7275,1862,2023-05-22,Debit Card
9384,683,1418,2023-06-06,UPI
9385,6821,254,2023-04-18,Net Banking
9386,7248,3643,2023-06-15,Net Banking
9387,3257,4903,2023-06-21,UPI
9388,428,937,2023-05-06,Credit Card
9389,341,4841,2023-03-21,Debit Card
9390,5218,3893,2023-06-20,Credit Card
9391,4408,3175,2023-05-07,Debit Card
9392,4181,3328,2023-05-24,Debit Card
9393,2864,4734,2023-04-09,Net Banking
9394,8943,1613,2023-06-04,Credit Card
9395,4330,775,2023-06-21,UPI
9396,3037,2404,2023-06-01,Credit Card
9397,4402,1824,2023-06-20,Credit Card
9398,5929,4885,2023-04-02,Net Banking
9399,6086,972,2023-06-18,Debit Card
9400,4576,4543,2023-06-22,Net Banking
9401,2485,3140,2023-05-01,Credit Card
9402,7123,1323,2023-06-25,Credit Card
9403,5963,3592,2023-04-30,UPI
9404,2080,2513,2023-04-11,Credit Card
9405,7573,4896,2023-05-03,Net Banking
9406,1722,1895,2023-02-22,Net Banking
9407,1896,2150,2023-06-28,Debit Card
9408,6320,1793,2023-06-03,UPI
9409,8007,4587,2023-06-29,Credit Card
9410,1044,4882,2023-04-20,Credit Card
9411,63,4356,2023-05-12,Credit Card
9412,2709,1518,2023-02-11,UPI
9413,2089,2062,2023-06-16,Net Banking
9414,5013,4485,2023-05-18,UPI
9415,4096,2731,2023-05-09,Net Banking
9416,5134,2919,2023-02-12,UPI
9417,3713,2486,2023-04-29,UPI
9418,6482,988,2023-04-29,Credit Card
9419,4402,1389,2023-02-15,Net Banking
9420,2902,373,2023-06-17,UPI
9421,2769,939,2023-06-19,Debit Card
9422,1674,2858,2023-05-22,UPI
9423,4060,3073,2023-03-31,Debit Card
9424,1962,4742,2023-01-30,UPI
9425,2409,2291,2023-03-23,UPI
9426,3982,1901,2023-06-12,Credit Card
9427,4044,143,2023-06-29,Credit Card
9428,5240,2930,2023-04-28,Net Banking
9429,5192,4268,2023-04-19,UPI
9430,4820,332,2023-04-22,Debit Card
9431,589,108,2023-06-10,Debit Card
9432,9192,914,2023-05-14,Debit Card
9433,6916,4537,2023-05-15,Net Banking
9434,1433,4596,2023-05-19,Credit Card
9435,4584,4510,2023-04-12,Debit Card
9436,4807,1156,2023-06-19,Credit Card
9437,7113,3316,2023-05-17,Net Banking
9438,9829,486,2023-05-24,Net Banking
9439,5364,3456,2023-04-17,UPI
9440,6314,3414,2023-06-15,Credit Card
9441,3006,3038,2023-05-10,UPI
9442,2613,2965,2023-06-29,Debit Card
9443,1874,2326,2023-06-29,Debit Card
9444,6057,2354,2023-06-27,Credit Card
9445,9331,332,2023-06-15,Debit Card
9446,4921,4327,2023-05-17,UPI
9447,8342,545,2023-05-26,Net Banking
9448,3302,290,2023-06-27,UPI
9449,5854,460,2023-06-22,Credit Card
9450,3336,955,2023-06-15,UPI
9451,6624,4645,2023-05-05,UPI
9452,4967,3224,2023-06-23,Debit Card
9453,2390,427,2023-05-30,Credit Card
9454,7446,1429,2023-06-09,UPI
9455,7948,4537,2023-02-11,Net Banking
9456,1640,2694,2023-06-22,UPI
9457,7758,4534,2023-04-01,Debit Card
9458,4895,4841,2023-06-21,UPI
9459,8837,3459,2023-03-22,Net Banking
9460,3416,3954,2023-06-02,Credit Card
9461,623,2666,2023-06-28,Credit Card
9462,602,2434,2023-06-21,Net Banking
9463,6079,3640,2023-05-29,Net Banking
9464,4584,3437,2023-06-27,UPI
9465,2709,2249,2023-05-06,Net Banking
9466,5689,2635,2023-03-25,Debit Card
9467,1043,3241,2023-03-05,UPI
9468,3704,2510,2023-04-03,Credit Card
9469,9612,4187,2023-05-22,Net Banking
9470,8198,2963,2023-03-18,Debit Card
9471,2795,212,2023-05-20,Net Banking
9472,8802,444,2023-06-26,UPI
9473,894,4212,2023-04-25,Credit Card
9474,4993,4368,2023-06-29,Net Banking
9475,1890,1260,2023-06-26,Credit Card
9476,8274,357,2023-05-27,Net Banking
9477,2486,4344,2023-04-05,Net Banking
9478,1863,3703,2023-06-29,UPI
9479,4686,4989,2023-05-31,UPI
9480,6756,1573,2023-05-20,UPI
9481,1962,1418,2023-06-02,UPI
9482,93,4103,2023-06-11,UPI
9483,2059,4299,2023-06-24,Debit Card
9484,5226,3998,2023-06-20,Credit Card
9485,6377,152,2023-03-28,UPI
9486,8816,4087,2023-05-09,Net Banking
9487,5348,3222,2023-04-19,Net Banking
9488,8982,3235,2023-04-27,Net Banking
9489,1235,2152,2023-06-27,Net Banking
9490,4078,3087,2023-04-19,Credit Card
9491,1471,3465,2023-06-18,Debit Card
9492,2105,332,2023-04-28,Net Banking
9493,1829,4024,2023-06-22,Credit Card
9494,7604,3218,2023-06-18,Debit Card
9495,6871,4635,2023-06-05,Net Banking
9496,8845,2683,2023-02-04,Credit Card
9497,5711,2031,2023-06-18,Debit Card
9498,1794,3530,2023-06-18,Credit Card
9499,9295,352,2023-06-19,UPI
9500,5138,1616,2023-06-02,Debit Card
9501,5496,2262,2023-05-24,Net Banking
9502,7235,2530,2023-06-24,UPI
9503,25,1105,2023-06-12,Net Banking
9504,4509,1865,2023-06-27,Credit Card
9505,7709,4338,2023-06-11,UPI
9506,901,3621,2023-06-17,Debit Card
9507,870,4487,2023-06-24,Net Banking
9508,2350,1143,2023-05-09,Credit Card
9509,4582,4716,2023-05-29,UPI
9510,6712,1639,2023-05-29,UPI
9511,477,1823,2023-02-03,Debit Card
9512,6491,1941,2023-05-27,UPI
9513,7469,2084,2023-06-24,Debit Card
9514,5012,813,2023-04-17,Net Banking
9515,4604,3751,2023-06-22,Debit Card
9516,5715,650,2023-06-26,Net Banking
9517,1348,4105,2023-04-21,Credit Card
9518,951,3958,2023-02-25,Net Banking
9519,1295,4566,2023-06-10,Net Banking
9520,1826,1492,2023-03-15,Credit Card
9521,5783,2041,2023-06-23,UPI
9522,9652,2974,2023-03-22,Net Banking
9523,1850,3938,2023-05-13,Net Banking
9524,4629,995,2023-06-28,UPI
9525,3381,1009,2023-04-25,Credit Card
9526,8039,1806,2023-04-12,UPI
9527,7592,4100,2023-03-03,Net Banking
9528,7918,3708,2023-05-13,Net Banking
9529,6218,2042,2023-06-18,UPI
9530,7040,1809,2023-02-27,UPI
9531,7995,4925,2023-04-18,UPI
9532,3531,669,2023-06-19,Credit Card
9533,1369,4802,2023-06-26,UPI
9534,6454,3465,2023-06-12,UPI
9535,343,1917,2023-06-29,Net Banking
9536,4207,4674,2023-06-17,Net Banking
9537,6227,1330,2023-06-05,Credit Card
9538,9142,3127,2023-06-25,Debit Card
9539,6663,2689,2023-06-19,Debit Card
9540,8483,4569,2023-06-28,Debit Card
9541,4254,2113,2023-05-19,Debit Card
9542,5480,949,2023-06-27,UPI
9543,3029,3570,2023-06-27,Credit Card
9544,1014,4270,2023-05-04,Debit Card
9545,7366,2471,2023-06-03,Debit Card
9546,4649,3589,2023-03-06,Net Banking
9547,6065,3211,2023-06-27,Debit Card
9548,8053,1005,2023-06-03,UPI
9549,3215,3201,2023-03-19,Credit Card
9550,497,1585,2023-03-06,Credit Card
9551,8546,1452,2023-04-07,UPI
9552,1060,119,2023-06-10,UPI
9553,2557,4530,2023-05-03,Debit Card
9554,1675,4383,2023-03-13,Credit Card
9555,636,1660,2023-06-24,UPI
9556,6244,2217,2023-06-08,Debit Card
9557,849,506,2023-04-18,UPI
9558,3015,3912,2023-06-02,UPI
9559,9471,1198,2023-06-27,Net Banking
9560,957,3776,2023-06-22,Debit Card
9561,210,2935,2023-02-17,Credit Card
9562,2094,465,2023-06-10,Net Banking
9563,963,4742,2023-06-20,Net Banking
9564,1953,3136,2023-02-09,Credit Card
9565,2039,3993,2023-03-01,UPI
9566,5453,4671,2023-06-17,Net Banking
9567,258,471,2023-05-29,UPI
9568,3754,2221,2023-04-20,Credit Card
9569,2803,4993,2023-02-08,Net Banking
9570,3299,280,2023-06-08,Credit Card
9571,1702,184,2023-01-31,Debit Card
9572,1536,1178,2023-01-19,Credit Card
9573,1685,183,2023-03-02,Net Banking
9574,6072,451,2023-06-27,UPI
9575,5651,1738,2023-05-18,Debit Card
9576,3812,676,2023-06-06,Net Banking
9577,710,676,2023-03-17,Credit Card
9578,8036,930,2023-04-09,Debit Card
9579,7002,473,2023-06-07,Debit Card
9580,1320,1020,2023-06-03,Credit Card
9581,9633,1414,2023-06-18,Debit Card
9582,9700,708,2023-04-23,Credit Card
9583,5449,1145,2023-06-28,Net Banking
9584,7548,855,2023-04-23,UPI
9585,1057,4116,2023-06-11,Debit Card
9586,1398,1990,2023-03-02,UPI
9587,188,4226,2023-05-28,Credit Card
9588,1330,692,2023-06-09,UPI
9589,5514,871,2023-05-13,Net Banking
9590,5990,2024,2023-06-13,Net Banking
9591,9311,3058,2023-05-30,Net Banking
9592,9341,1019,2023-06-01,Credit Card
9593,1166,1475,2023-06-17,Debit Card
9594,4035,2332,2023-04-13,UPI
9595,654,2031,2023-06-21,Debit Card
9596,4951,2103,2023-05-31,Credit Card
9597,6404,3657,2023-06-02,Debit Card
9598,9315,341,2023-06-17,Net Banking
9599,8818,3308,2023-05-22,Net Banking
9600,3703,1634,2023-06-11,Debit Card
9601,6627,2467,2023-06-16,Credit Card
9602,2996,2446,2023-05-08,Net Banking
9603,5572,2153,2023-05-29,Credit Card
9604,1751,3597,2023-06-01,Debit Card
9605,8407,1963,2023-06-24,UPI
9606,21,577,2023-06-23,Credit Card
9607,5739,3195,2023-05-06,UPI
9608,6760,3811,2023-05-27,Credit Card
9609,4374,4925,2023-05-05,Net Banking
9610,3920,2929,2023-06-20,Debit Card
9611,7385,2500,2023-05-09,Credit Card
9612,7437,4389,2023-06-08,Debit Card
9613,5138,3383,2023-04-30,Net Banking
9614,9842,4161,2023-06-24,Credit Card
9615,9176,3710,2023-05-26,Net Banking
9616,2442,3352,2023-04-05,Debit Card
9617,7341,4382,2023-06-21,UPI
9618,4199,3163,2023-05-26,Credit Card
9619,4091,2868,2023-04-19,Credit Card
9620,6900,1336,2023-06-29,Credit Card
9621,6738,2138,2023-06-26,Net Banking
9622,7641,943,2023-02-15,UPI
9623,9592,1012,2023-06-29,Net Banking
9624,9774,499,2023-02-10,Debit Card
9625,4611,243,2023-06-28,UPI
9626,6742,2933,2023-06-28,Debit Card
9627,8051,935,2023-06-20,UPI
9628,5308,373,2023-05-19,Net Banking
9629,2597,4475,2023-06-14,Credit Card
9630,8357,834,2023-01-29,Debit Card
9631,8799,1953,2023-05-08,Debit Card
9632,8112,4154,2023-06-07,Credit Card
9633,4520,3682,2023-06-26,Debit Card
9634,9730,4224,2023-05-03,Debit Card
9635,9340,3380,2023-04-18,Debit Card
9636,9101,544,2023-06-14,UPI
9637,2026,4792,2023-06-03,UPI
9638,49,3923,2023-03-16,Debit Card
9639,4064,2839,2023-06-01,Debit Card
9640,7675,2368,2023-05-29,Net Banking
9641,4641,4930,2023-03-20,Net Banking
9642,4307,704,2023-05-30,Net Banking
9643,9841,3805,2023-06-26,UPI
9644,1450,4181,2023-05-02,Net Banking
9645,3130,119,2023-03-28,Debit Card
9646,5174,843,2023-05-27,Net Banking
9647,5603,2523,2023-05-19,UPI
9648,6296,2756,2023-02-20,Credit Card
9649,132,2288,2023-06-22,Credit Card
9650,9240,2875,2023-06-29,Net Banking
9651,4505,3351,2023-06-27,Credit Card
9652,7122,3758,2023-02-05,UPI
9653,7768,1580,2023-06-22,Credit Card
9654,6661,4165,2023-06-27,Credit Card
9655,5666,2262,2023-06-29,UPI
9656,8915,2495,2023-04-01,Net Banking
9657,2909,2774,2023-06-03,UPI
9658,4340,384,2023-01-24,UPI
9659,6173,1777,2023-02-20,Net Banking
9660,7056,352,2023-06-17,Credit Card
9661,8918,4308,2023-04-01,Credit Card
9662,4514,125,2023-05-24,Debit Card
9663,3531,3164,2023-04-29,Debit Card
9664,2696,132,2023-06-10,Debit Card
9665,3005,2624,2023-05-24,UPI
9666,5938,1069,2023-06-11,Credit Card
9667,190,3623,2023-06-29,Net Banking
9668,1986,4226,2023-05-22,Credit Card
9669,6372,3609,2023-06-23,UPI
9670,7637,4205,2023-06-19,UPI
9671,4337,1947,2023-02-16,Debit Card
9672,4576,2983,2023-06-17,Debit Card
9673,7485,1072,2023-06-20,Net Banking
9674,4383,427,2023-04-20,Credit Card
9675,1006,3760,2023-06-11,Credit Card
9676,9585,2627,2023-06-25,Credit Card
9677,6229,1148,2023-06-04,Debit Card
9678,1998,4678,2023-02-26,Credit Card
9679,9516,2001,2023-06-14,Debit Card
9680,3473,1965,2023-06-29,UPI
9681,3361,3355,2023-05-01,Debit Card
9682,9175,959,2023-05-26,Credit Card
9683,3299,3656,2023-05-01,Net Banking
9684,8367,2082,2023-05-25,Net Banking
9685,4257,2289,2023-05-14,UPI
9686,7040,3607,2023-05-23,UPI
9687,591,4648,2023-06-26,Credit Card
9688,3713,1954,2023-04-13,Net Banking
9689,6585,3535,2023-05-20,UPI
9690,6733,237,2023-05-09,Debit Card
9691,8391,339,2023-04-20,Debit Card
9692,6445,2596,2023-06-26,Net Banking
9693,9549,3377,2023-05-23,Debit Card
9694,8997,1155,2023-05-19,Debit Card
9695,7036,1795,2023-05-11,UPI
9696,7857,4866,2023-02-28,UPI
9697,1108,979,2023-06-20,Credit Card
9698,4747,990,2023-05-22,Net Banking
9699,5522,4714,2023-05-29,Credit Card
9700,5612,1740,2023-06-06,Credit Card
9701,1776,4487,2023-06-25,Credit Card
9702,9066,3202,2023-05-06,Net Banking
9703,1655,995,2023-04-07,UPI
9704,1085,3613,2023-03-24,Credit Card
9705,554,2234,2023-06-11,Net Banking
9706,3565,1050,2023-06-06,Debit Card
9707,3392,1984,2023-03-06,Debit Card
9708,1443,853,2023-03-22,Debit Card
9709,2640,321,2023-06-29,Net Banking
9710,6247,4321,2023-02-10,UPI
9711,7592,3479,2023-03-11,UPI
9712,2739,1153,2023-06-17,Debit Card
9713,9027,113,2023-04-03,Debit Card
9714,6980,1062,2023-06-03,Debit Card
9715,4960,4976,2023-05-11,Net Banking
9716,3666,2150,2023-04-03,Credit Card
9717,7677,3653,2023-03-10,Debit Card
9718,9612,2817,2023-06-08,Credit Card
9719,7205,4909,2023-05-16,Net Banking
9720,4760,4830,2023-06-25,UPI
9721,7377,2047,2023-06-14,Net Banking
9722,7381,3134,2023-06-28,Net Banking
9723,4486,1883,2023-05-26,Net Banking
9724,5058,1929,2023-05-14,Net Banking
9725,2956,3442,2023-05-05,Credit Card
9726,4471,3845,2023-06-21,UPI
9727,3416,1597,2023-05-13,Net Banking
9728,8175,1320,2023-04-23,Net Banking
9729,4648,2642,2023-03-31,Net Banking
9730,9243,2793,2023-06-11,Net Banking
9731,5319,4770,2023-05-05,Credit Card
9732,2853,4905,2023-06-05,UPI
9733,607,1978,2023-05-24,UPI
9734,3928,1267,2023-06-12,Debit Card
9735,8526,4923,2023-03-28,Net Banking
9736,6827,4201,2023-04-18,Debit Card
9737,8584,3077,2023-06-21,Net Banking
9738,1441,1967,2023-06-01,Debit Card
9739,8871,2283,2023-02-25,Credit Card
9740,4186,511,2023-05-22,Debit Card
9741,148,3069,2023-04-25,Net Banking
9742,9368,1333,2023-05-18,UPI
9743,1381,1690,2023-06-25,Credit Card
9744,7492,4233,2023-03-26,UPI
9745,1998,2409,2023-06-04,Debit Card
9746,1348,2135,2023-03-20,Debit Card
9747,4487,4335,2023-04-27,UPI
9748,9564,477,2023-04-27,UPI
9749,983,481,2023-03-23,Credit Card
9750,6771,4312,2023-02-12,UPI
9751,8012,2890,2023-06-27,Debit Card
9752,2387,3014,2023-04-02,Debit Card
9753,3427,3734,2023-05-28,Credit Card
9754,4745,1266,2023-04-23,UPI
9755,8705,2578,2023-06-01,Net Banking
9756,4403,2398,2023-06-07,Credit Card
9757,2384,820,2023-05-12,Debit Card
9758,5805,1994,2023-06-19,Credit Card
9759,5491,4668,2023-06-11,Net Banking
9760,4465,2666,2023-06-27,Net Banking
9761,9774,4188,2023-06-02,UPI
9762,6609,1993,2023-04-28,Credit Card
9763,601,1313,2023-06-14,Credit Card
9764,9869,3051,2023-05-20,UPI
9765,925,4174,2023-03-13,UPI
9766,522,4537,2023-03-26,UPI
9767,8917,4930,2023-06-18,Net Banking
9768,1015,2485,2023-03-13,Net Banking
9769,5878,4186,2023-04-12,Net Banking
9770,5531,969,2023-02-07,UPI
9771,7793,4735,2023-06-01,UPI
9772,7300,483,2023-05-09,UPI
9773,9988,4946,2023-06-05,Credit Card
9774,9646,3969,2023-04-02,Net Banking
9775,34,2850,2023-03-19,UPI
9776,1363,1829,2023-05-18,Debit Card
9777,947,961,2023-06-26,Net Banking
9778,5454,2641,2023-05-05,Debit Card
9779,1207,1265,2023-06-08,Net Banking
9780,1419,4756,2023-03-16,Net Banking
9781,9544,1775,2023-06-12,UPI
9782,8314,1511,2023-06-28,Debit Card
9783,5717,4513,2023-03-17,Net Banking
9784,8087,3715,2023-03-31,UPI
9785,4917,1207,2023-06-22,Credit Card
9786,2530,1067,2023-05-13,Credit Card
9787,6657,2109,2023-04-24,Credit Card
9788,7400,4380,2023-04-30,UPI
9789,4337,4106,2023-06-27,Debit Card
9790,7031,1156,2023-06-25,Debit Card
9791,6244,4279,2023-06-05,Debit Card
9792,5712,4948,2023-06-01,Debit Card
9793,8490,3858,2023-06-04,Debit Card
9794,73,435,2023-06-26,Debit Card
9795,5462,548,2023-06-24,Net Banking
9796,3284,2056,2023-06-26,UPI
9797,4177,1652,2023-06-19,Credit Card
9798,1105,4757,2023-06-13,Credit Card
9799,938,1289,2023-03-16,Net Banking
9800,9401,4809,2023-05-24,Credit Card
9801,4486,4965,2023-01-21,UPI
9802,1405,3351,2023-04-24,Credit Card
9803,5448,1987,2023-06-26,Debit Card
9804,5446,4403,2023-05-13,UPI
9805,2076,1833,2023-04-24,Credit Card
9806,7354,4503,2023-04-26,Net Banking
9807,8459,389,2023-03-24,UPI
9808,289,2715,2023-06-02,Credit Card
9809,3059,824,2023-05-04,Credit Card
9810,9587,2359,2023-05-03,Net Banking
9811,757,2853,2023-06-08,Net Banking
9812,6149,3859,2023-06-11,Debit Card
9813,5092,4469,2023-06-21,Debit Card
9814,7385,2830,2023-04-30,Net Banking
9815,255,1261,2023-06-04,Credit Card
9816,4832,3803,2023-06-18,Debit Card
9817,6535,3259,2023-04-06,UPI
9818,2249,837,2023-06-24,Credit Card
9819,9587,951,2023-06-09,Credit Card
9820,1111,4760,2023-06-07,UPI
9821,1938,3705,2023-05-27,UPI
9822,412,1506,2023-06-20,Net Banking
9823,2032,1017,2023-04-29,Net Banking
9824,3412,1399,2023-06-14,Net Banking
9825,5685,3460,2023-06-06,Credit Card
9826,6563,4926,2023-04-18,Net Banking
9827,5689,3707,2023-06-19,Net Banking
9828,2448,1648,2023-06-08,Debit Card
9829,9371,1896,2023-03-14,Debit Card
9830,7945,2955,2023-06-26,Debit Card
9831,3244,4319,2023-06-26,Credit Card
9832,3966,354,2023-06-11,Net Banking
9833,6325,3104,2023-05-23,UPI
9834,8396,491,2023-04-19,Credit Card
9835,8447,3317,2023-06-07,Debit Card
9836,3321,2178,2023-06-25,Credit Card
9837,7298,4285,2023-06-27,Credit Card
9838,942,2849,2023-06-29,Net Banking
9839,5024,3888,2023-06-26,Net Banking
9840,2441,2595,2023-06-09,Credit Card
9841,9958,3884,2023-05-17,UPI
9842,9024,2073,2023-04-12,Debit Card
9843,7697,267,2023-04-12,UPI
9844,3558,2075,2023-06-23,Net Banking
9845,9616,3303,2023-04-18,Debit Card
9846,2835,2680,2023-04-11,Debit Card
9847,537,2605,2023-05-12,Credit Card
9848,6684,1755,2023-04-23,Credit Card
9849,5944,3526,2023-02-20,Net Banking
9850,1413,4406,2023-05-30,Credit Card
9851,5240,3795,2023-06-06,Net Banking
9852,5569,4407,2023-05-04,UPI
9853,1401,2292,2023-06-26,Credit Card
9854,4617,2618,2023-04-07,Debit Card
9855,1722,2785,2023-03-10,UPI
9856,5963,3968,2023-06-16,Credit Card
9857,2893,1467,2023-04-12,UPI
9858,9625,2141,2023-03-04,Credit Card
9859,3436,1560,2023-05-31,Debit Card
9860,1614,4406,2023-05-21,UPI
9861,7696,1485,2023-06-04,Debit Card
9862,7163,3415,2023-03-18,UPI
9863,6034,129,2023-05-15,UPI
9864,1786,3507,2023-06-14,Net Banking
9865,1417,1755,2023-04-20,Debit Card
9866,3015,2784,2023-06-18,Debit Card
9867,975,1746,2023-06-24,UPI
9868,6518,4714,2023-06-29,Credit Card
9869,9453,4048,2023-05-30,Net Banking
9870,9492,3432,2023-06-17,UPI
9871,2503,4471,2023-05-26,UPI
9872,8134,1296,2023-06-01,Debit Card
9873,268,2302,2023-06-13,Debit Card
9874,3904,2937,2023-03-02,Net Banking
9875,3286,2212,2023-02-05,Net Banking
9876,1111,2687,2023-04-24,Net Banking
9877,3910,3052,2023-02-26,Debit Card
9878,4490,2751,2023-06-27,Debit Card
9879,3638,2603,2023-06-27,Net Banking
9880,9767,4848,2023-06-27,Net Banking
9881,3678,429,2023-05-01,UPI
9882,9973,3296,2023-06-26,Net Banking
9883,5794,597,2023-05-14,Net Banking
9884,129,871,2023-01-20,Net Banking
9885,5243,1231,2023-05-26,Debit Card
9886,2330,4343,2023-05-22,Net Banking
9887,6054,4903,2023-04-24,Credit Card
9888,533,1833,2023-03-08,UPI
9889,5528,1249,2023-05-09,Credit Card
9890,8602,694,2023-06-01,Credit Card
9891,5280,513,2023-06-06,Debit Card
9892,4965,4472,2023-06-28,Debit Card
9893,9958,4618,2023-04-05,Credit Card
9894,2171,4328,2023-06-29,Debit Card
9895,8275,3322,2023-06-12,Net Banking
9896,6265,396,2023-06-11,UPI
9897,7267,4963,2023-04-23,UPI
9898,9690,1516,2023-04-26,Credit Card
9899,6858,3941,2023-06-18,UPI
9900,575,3702,2023-03-19,UPI
9901,9533,2636,2023-03-13,Net Banking
9902,5815,4511,2023-04-26,Debit Card
9903,432,3466,2023-06-17,Net Banking
9904,669,3473,2023-05-08,Net Banking
9905,1875,3758,2023-03-20,Net Banking
9906,751,2300,2023-05-04,Credit Card
9907,6627,4198,2023-04-19,Credit Card
9908,3104,4428,2023-06-07,Credit Card
9909,9895,3843,2023-05-10,Credit Card
9910,8163,969,2023-03-19,UPI
9911,7794,3434,2023-06-11,Net Banking
9912,3408,1383,2023-05-14,Credit Card
9913,9983,2695,2023-01-18,Debit Card
9914,4956,2931,2023-03-06,Credit Card
9915,4138,1794,2023-03-31,Debit Card
9916,8268,144,2023-04-28,Net Banking
9917,1595,467,2023-04-02,Net Banking
9918,8577,4568,2023-06-12,Debit Card
9919,7175,1791,2023-06-07,Net Banking
9920,422,4926,2023-05-20,Credit Card
9921,453,4284,2023-06-28,UPI
9922,7530,1121,2023-05-27,Net Banking
9923,1045,2224,2023-06-19,Debit Card
9924,9858,3237,2023-06-27,Credit Card
9925,7019,1258,2023-04-03,Debit Card
9926,7038,2568,2023-04-13,UPI
9927,3277,640,2023-06-11,Net Banking
9928,6202,125,2023-06-28,UPI
9929,7697,2593,2023-03-16,Debit Card
9930,2363,488,2023-06-28,Credit Card
9931,3334,2108,2023-06-23,Debit Card
9932,5857,1536,2023-06-28,UPI
9933,5862,2985,2023-06-27,UPI
9934,5284,3873,2023-06-05,Debit Card
9935,6000,2565,2023-01-18,Debit Card
9936,7407,3572,2023-06-26,Net Banking
9937,1692,3194,2023-02-20,Debit Card
9938,3513,4365,2023-05-30,Credit Card
9939,5191,4656,2023-06-29,Net Banking
9940,489,3752,2023-05-27,UPI
9941,1358,4715,2023-01-11,UPI
9942,4810,4341,2023-06-25,Credit Card
9943,3374,2943,2023-04-11,Debit Card
9944,811,2195,2023-05-10,UPI
9945,2398,2887,2023-04-06,UPI
9946,1080,2501,2023-06-11,Net Banking
9947,8181,740,2023-06-28,Debit Card
9948,247,4160,2023-05-07,Debit Card
9949,7239,1705,2023-06-29,Debit Card
9950,2480,4653,2023-06-19,Net Banking
9951,9989,3773,2023-06-14,UPI
9952,2243,3514,2023-06-22,Credit Card
9953,1776,3059,2023-06-22,UPI
9954,1804,4620,2023-05-08,Debit Card
9955,6580,1957,2023-05-25,Net Banking
9956,4957,2292,2023-06-13,Credit Card
9957,2259,3448,2023-06-16,Debit Card
9958,1012,834,2023-03-19,Debit Card
9959,180,1173,2023-06-13,Debit Card
9960,4933,452,2023-06-27,Net Banking
9961,1125,3837,2023-02-03,Credit Card
9962,1654,2426,2023-04-23,UPI
9963,9507,942,2023-06-29,Credit Card
9964,5536,916,2023-03-01,Net Banking
9965,5044,4519,2023-06-19,Net Banking
9966,2658,3030,2023-06-04,Debit Card
9967,4230,3219,2023-03-10,Credit Card
9968,5685,2306,2023-05-24,Net Banking
9969,786,2894,2023-05-26,Net Banking
9970,479,1440,2023-02-03,Debit Card
9971,1435,4278,2023-05-02,Debit Card
9972,6622,4032,2023-06-23,Debit Card
9973,2575,4493,2023-06-03,Credit Card
9974,194,2227,2023-03-13,Credit Card
9975,6949,1940,2023-05-23,Net Banking
9976,2133,2618,2023-06-22,UPI
9977,3729,2821,2023-03-29,Credit Card
9978,2348,2639,2023-06-07,Net Banking
9979,3512,2195,2023-06-05,Credit Card
9980,1113,1214,2023-06-18,Debit Card
9981,6506,199,2023-04-15,Net Banking
9982,6375,1833,2023-03-09,Net Banking
9983,3838,1322,2023-06-11,UPI
9984,4791,1957,2023-06-03,UPI
9985,7404,4071,2023-04-19,Net Banking
9986,441,3912,2023-05-06,Net Banking
9987,7413,2467,2023-06-07,Net Banking
9988,102,3969,2023-04-21,Credit Card
9989,5322,2388,2023-06-29,Net Banking
9990,6868,3603,2023-06-19,UPI
9991,4494,4088,2023-04-16,Debit Card
9992,571,4988,2023-05-24,UPI
9993,1590,2439,2023-04-25,Credit Card
9994,2527,4354,2023-04-16,Credit Card
9995,1986,4732,2023-06-28,UPI
9996,6949,3852,2023-02-27,UPI
9997,7497,2970,2023-05-23,Debit Card
9998,8712,3567,2023-04-02,Credit Card
9999,9187,4060,2023-04-21,Credit Card
10000,6717,1894,2023-06-22,UPI
10001,6979,399,2023-04-26,Net Banking
10002,5983,4202,2023-02-28,Debit Card
10003,6445,1958,2023-05-31,Net Banking
10004,6979,3547,2023-05-31,UPI
10005,947,1591,2023-06-08,Net Banking
10006,6491,1809,2023-05-22,UPI
10007,9768,1883,2023-06-13,UPI
10008,3447,4537,2023-05-21,Net Banking
10009,9656,581,2023-05-22,Net Banking
10010,4723,2599,2023-06-01,Net Banking
10011,5223,123,2023-06-26,UPI
10012,2210,2298,2023-04-30,Net Banking
10013,8714,3747,2023-06-29,Credit Card
10014,7101,3396,2023-06-13,Net Banking
10015,4735,858,2023-05-19,Debit Card
10016,2219,1135,2023-06-19,UPI
10017,1412,4949,2023-04-13,Debit Card
10018,9566,3835,2023-03-30,UPI
10019,9632,1749,2023-04-07,UPI
10020,5421,1462,2023-04-19,UPI
10021,2859,2499,2023-04-04,Debit Card
10022,3469,3112,2023-05-29,UPI
10023,7595,1224,2023-06-15,Credit Card
10024,929,3965,2023-04-16,UPI
10025,2885,464,2023-02-23,Net Banking
10026,7767,4020,2023-06-09,Net Banking
10027,3643,1579,2023-05-06,Net Banking
10028,5833,2705,2023-06-24,UPI
10029,1945,3683,2023-06-20,Debit Card
10030,2127,2961,2023-06-21,Credit Card
10031,5378,1223,2023-05-06,Debit Card
10032,5886,3145,2023-06-12,UPI
10033,6382,1657,2023-06-27,UPI
10034,2930,4180,2023-05-26,UPI
10035,9495,549,2023-06-26,UPI
10036,194,3374,2023-02-09,Debit Card
10037,4099,3250,2023-06-18,Credit Card
10038,9764,1308,2023-06-24,UPI
10039,7430,985,2023-06-02,Net Banking
10040,8714,995,2023-02-11,Net Banking
10041,8979,4713,2023-06-12,UPI
10042,1056,4638,2023-06-14,Debit Card
10043,7898,4409,2023-04-05,Debit Card
10044,6922,4571,2023-05-08,Credit Card
10045,770,2848,2023-04-19,UPI
10046,9526,3616,2023-05-20,Net Banking
10047,3982,4750,2023-06-15,UPI
10048,8403,1413,2023-06-21,Credit Card
10049,5747,1741,2023-04-12,Net Banking
10050,7863,2954,2023-04-20,UPI
10051,8078,1095,2023-02-23,Credit Card
10052,1653,4884,2023-03-12,Credit Card
10053,4826,4144,2023-05-17,Net Banking
10054,1121,1013,2023-04-01,Net Banking
10055,3995,195,2023-04-06,UPI
10056,4261,2005,2023-06-20,Credit Card
10057,4205,3283,2023-04-16,Credit Card
10058,2928,4421,2023-06-17,Credit Card
10059,6547,2251,2023-06-25,Debit Card
10060,9725,4350,2023-06-23,Credit Card
10061,6749,3336,2023-05-28,UPI
10062,2459,573,2023-04-26,UPI
10063,3591,1629,2023-06-17,UPI
10064,4443,4670,2023-02-28,Credit Card
10065,2266,1672,2023-03-01,Net Banking
10066,974,3273,2023-05-22,Debit Card
10067,9983,3006,2023-01-21,Net Banking
10068,8683,838,2023-06-21,Net Banking
10069,7527,821,2023-06-19,Debit Card
10070,3602,721,2023-05-13,Debit Card
10071,612,4817,2023-04-24,Credit Card
10072,1727,3516,2023-05-26,Debit Card
10073,5080,3881,2023-05-12,UPI
10074,4688,4399,2023-06-23,Debit Card
10075,951,3020,2023-04-24,UPI
10076,8964,4649,2023-05-24,Credit Card
10077,3488,2728,2023-06-02,Net Banking
10078,4078,262,2023-05-19,Debit Card
10079,6127,1100,2023-06-26,Debit Card
10080,8139,3255,2023-05-23,Debit Card
10081,4443,464,2023-02-19,UPI
10082,4604,4486,2023-05-07,Net Banking
10083,2588,3334,2023-06-11,UPI
10084,1565,1853,2023-06-04,Net Banking
10085,5318,2939,2023-05-29,Debit Card
10086,1003,2967,2023-04-24,Net Banking
10087,7848,585,2023-04-27,Debit Card
10088,8766,2734,2023-06-02,Debit Card
10089,1722,627,2023-03-21,UPI
10090,3245,2907,2023-05-02,Credit Card
10091,9216,3512,2023-06-02,Net Banking
10092,1281,1941,2023-05-21,UPI
10093,4007,2902,2023-06-21,UPI
10094,1847,3626,2023-03-24,UPI
10095,806,4277,2023-05-20,UPI
10096,2101,4301,2023-03-16,Debit Card
10097,1203,966,2023-06-24,Credit Card
10098,288,580,2023-04-06,Debit Card
10099,8205,565,2023-06-26,Credit Card
10100,7193,3568,2023-06-12,Credit Card
10101,1358,3592,2023-04-17,Credit Card
10102,9665,1502,2023-06-03,Debit Card
10103,5099,1194,2023-06-04,Debit Card
10104,6938,4454,2023-05-23,UPI
10105,6533,2166,2023-06-10,Net Banking
10106,6258,4104,2023-03-12,UPI
10107,8306,3403,2023-03-16,Net Banking
10108,3869,4383,2023-04-05,Debit Card
10109,91,1371,2023-04-04,Credit Card
10110,8468,1786,2023-06-27,Credit Card
10111,4617,429,2023-06-20,Debit Card
10112,2020,2476,2023-02-05,Net Banking
10113,8134,1647,2023-06-24,Debit Card
10114,2602,1804,2023-06-06,UPI
10115,323,991,2023-03-10,Net Banking
10116,3152,4230,2023-05-17,Net Banking
10117,8087,3177,2023-05-02,Net Banking
10118,8004,3659,2023-06-01,Net Banking
10119,7602,2768,2023-05-19,Credit Card
10120,7208,700,2023-06-23,Debit Card
10121,7545,141,2023-03-16,Credit Card
10122,9234,1294,2023-04-20,Net Banking
10123,1828,3980,2023-06-28,Credit Card
10124,7201,3047,2023-04-16,Credit Card
10125,3298,2123,2023-06-27,Credit Card
10126,5171,204,2023-05-24,Net Banking
10127,5616,472,2023-06-02,Credit Card
10128,696,2173,2023-06-12,UPI
10129,9207,3539,2023-05-20,Debit Card
10130,8135,1420,2023-03-27,Credit Card
10131,5792,4982,2023-06-28,UPI
10132,263,4342,2023-06-20,Net Banking
10133,6146,3210,2023-06-21,Credit Card
10134,149,4302,2023-04-01,UPI
10135,1067,606,2023-05-22,Net Banking
10136,1359,530,2023-06-22,UPI
10137,3317,640,2023-06-05,UPI
10138,2217,1339,2023-06-25,Net Banking
10139,6131,1879,2023-06-05,Net Banking
10140,375,3998,2023-06-28,Debit Card
10141,8194,3269,2023-05-31,Net Banking
10142,7444,767,2023-05-19,UPI
10143,5704,2123,2023-06-25,UPI
10144,7881,1644,2023-05-24,Credit Card
10145,6187,3238,2023-06-07,Net Banking
10146,1768,2675,2023-06-08,UPI
10147,4920,1672,2023-06-03,UPI
10148,2572,2799,2023-05-02,UPI
10149,4859,171,2023-06-11,Credit Card
10150,1005,3042,2023-06-29,Credit Card
10151,192,4347,2023-03-29,Credit Card
10152,1097,2786,2023-03-11,Net Banking
10153,9682,751,2023-06-14,Debit Card
10154,754,4954,2023-06-18,Credit Card
10155,8837,607,2023-05-08,Credit Card
10156,2325,1413,2023-05-31,Debit Card
10157,2749,3958,2023-06-17,Debit Card
10158,7024,1231,2023-06-26,Net Banking
10159,9863,907,2023-06-25,Credit Card
10160,6396,2416,2023-02-08,Debit Card
10161,3441,3597,2023-03-19,Credit Card
10162,7152,2088,2023-06-27,Credit Card
10163,8567,4561,2023-04-26,Debit Card
10164,4383,1953,2023-05-17,Credit Card
10165,1119,2272,2023-06-25,UPI
10166,1826,4922,2023-06-15,Credit Card
10167,6205,689,2023-06-22,Net Banking
10168,4130,4548,2023-06-11,UPI
10169,3032,4336,2023-04-17,Credit Card
10170,7145,289,2023-06-27,UPI
10171,840,1978,2023-05-29,Debit Card
10172,7364,2301,2023-04-10,Credit Card
10173,5924,2835,2023-06-27,UPI
10174,957,856,2023-06-06,Net Banking
10175,9017,2676,2023-06-26,Net Banking
10176,4173,1607,2023-05-05,Debit Card
10177,2248,2815,2023-04-15,Credit Card
10178,5852,3167,2023-05-19,Debit Card
10179,3872,2383,2023-06-07,Net Banking
10180,93,4338,2023-06-17,Credit Card
10181,8799,2673,2023-04-30,UPI
10182,7164,944,2023-05-07,Net Banking
10183,9655,1240,2023-04-04,Net Banking
10184,6591,536,2023-04-30,Debit Card
10185,2663,2741,2023-06-11,UPI
10186,2591,3441,2023-01-26,Net Banking
10187,702,3074,2023-05-08,UPI
10188,6648,3688,2023-04-06,Net Banking
10189,6111,955,2023-06-22,UPI
10190,4122,1676,2023-06-24,Net Banking
10191,7258,2332,2023-05-22,Net Banking
10192,3551,1258,2023-06-29,Credit Card
10193,5098,1367,2023-05-15,Debit Card
10194,1943,225,2023-02-25,UPI
10195,5174,4726,2023-06-07,Debit Card
10196,3898,4929,2023-06-11,UPI
10197,1730,2609,2023-06-25,UPI
10198,6780,2325,2023-04-15,UPI
10199,4785,2627,2023-05-20,Credit Card
10200,9511,705,2023-06-28,Net Banking
10201,8189,1319,2023-03-20,Net Banking
10202,4456,2255,2023-02-26,Credit Card
10203,3734,1761,2023-06-27,UPI
10204,1536,1412,2023-04-04,UPI
10205,7421,2303,2023-06-25,Net Banking
10206,5291,1536,2023-06-03,Debit Card
10207,8036,3919,2023-06-07,Net Banking
10208,3032,1380,2023-04-11,UPI
10209,3619,1770,2023-06-26,Credit Card
10210,6950,2530,2023-05-12,UPI
10211,3694,4891,2023-04-21,UPI
10212,261,2410,2023-06-02,UPI
10213,1305,335,2023-05-30,UPI
10214,1178,4273,2023-02-03,Net Banking
10215,3231,4285,2023-05-24,Credit Card
10216,2926,2209,2023-06-07,Credit Card
10217,4803,1962,2023-06-14,Credit Card
10218,8399,4739,2023-06-25,Credit Card
10219,5926,4755,2023-06-16,Debit Card
10220,1324,2098,2023-06-18,Credit Card
10221,3616,2697,2023-01-29,Debit Card
10222,5053,4759,2023-03-15,UPI
10223,349,566,2023-06-19,UPI
10224,1786,4914,2023-06-12,Debit Card
10225,1715,2550,2023-03-21,Credit Card
10226,2465,1266,2023-06-15,UPI
10227,9445,141,2023-05-24,Net Banking
10228,5871,983,2023-06-03,Credit Card
10229,7514,3393,2023-04-05,UPI
10230,1076,812,2023-06-26,Net Banking
10231,2562,410,2023-06-26,Credit Card
10232,1898,2886,2023-06-13,Debit Card
10233,8997,881,2023-03-23,Credit Card
10234,9786,1645,2023-04-30,Credit Card
10235,1607,264,2023-03-31,Debit Card
10236,2445,1094,2023-03-22,Debit Card
10237,9826,1144,2023-06-28,UPI
10238,7601,1950,2023-02-05,Debit Card
10239,6320,2693,2023-06-04,Credit Card
10240,35,4350,2023-06-09,UPI
10241,7072,3069,2023-06-02,Debit Card
10242,4868,4049,2023-05-18,Net Banking
10243,7079,1903,2023-06-19,Credit Card
10244,8211,2223,2023-05-12,Net Banking
10245,532,1068,2023-05-09,Credit Card
10246,3762,4581,2023-03-31,Credit Card
10247,2129,1032,2023-05-10,Net Banking
10248,7031,573,2023-06-28,UPI
10249,9524,2485,2023-04-03,Debit Card
10250,8778,163,2023-06-04,Net Banking
10251,1924,2007,2023-06-15,Credit Card
10252,6574,167,2023-04-06,Debit Card
10253,4699,751,2023-04-14,UPI
10254,2704,4158,2023-06-27,UPI
10255,8622,326,2023-06-12,Credit Card
10256,2511,4758,2023-05-23,Debit Card
10257,3559,889,2023-05-03,Net Banking
10258,313,1216,2023-06-25,Debit Card
10259,1368,2099,2023-05-16,UPI
10260,5259,689,2023-03-31,Credit Card
10261,4330,992,2023-06-21,Debit Card
10262,379,3012,2023-04-25,Debit Card
10263,4656,3484,2023-03-07,UPI
10264,6661,4724,2023-06-26,UPI
10265,5431,4400,2023-06-23,Net Banking
10266,3830,4457,2023-06-22,Net Banking
10267,7709,1880,2023-06-25,Debit Card
10268,8194,4227,2023-05-03,Credit Card
10269,5042,942,2023-01-29,UPI
10270,8361,313,2023-06-04,Net Banking
10271,1932,3991,2023-06-25,Credit Card
10272,6456,592,2023-05-27,UPI
10273,1057,1436,2023-06-06,UPI
10274,9289,4579,2023-05-04,Debit Card
10275,118,3180,2023-06-26,Debit Card
10276,7686,4774,2023-06-17,Debit Card
10277,5354,521,2023-04-27,Net Banking
10278,3231,2597,2023-06-24,UPI
10279,1702,2709,2023-04-20,Net Banking
10280,5100,4169,2023-06-08,Debit Card
10281,9656,1732,2023-06-18,Credit Card
10282,531,2060,2023-06-29,Debit Card
10283,2613,3539,2023-06-25,Credit Card
10284,2012,373,2023-06-17,Debit Card
10285,2188,2864,2023-05-16,Debit Card
10286,4552,1700,2023-02-21,UPI
10287,1592,2684,2023-06-27,Credit Card
10288,8881,835,2023-03-30,Net Banking
10289,3973,2799,2023-04-04,Debit Card
10290,7917,981,2023-06-02,Debit Card
10291,9263,3627,2023-06-17,Debit Card
10292,6222,364,2023-06-22,Credit Card
10293,4463,2981,2023-04-19,UPI
10294,1445,3588,2023-06-21,UPI
10295,1820,4220,2023-05-02,Net Banking
10296,5276,468,2023-06-11,Net Banking
10297,7840,1159,2023-06-29,Credit Card
10298,5497,2226,2023-06-24,UPI
10299,4762,944,2023-04-11,Net Banking
10300,4293,4356,2023-06-05,Debit Card
10301,1649,504,2023-06-24,Credit Card
10302,4405,3001,2023-06-25,UPI
10303,696,3666,2023-06-26,UPI
10304,6427,4503,2023-06-29,Credit Card
10305,6997,971,2023-05-18,Net Banking
10306,9677,1816,2023-05-20,Debit Card
10307,4342,3984,2023-06-21,Debit Card
10308,1310,1979,2023-05-21,Debit Card
10309,6450,4435,2023-04-10,Debit Card
10310,4969,280,2023-06-22,UPI
10311,9721,1664,2023-06-22,Credit Card
10312,9802,2108,2023-06-21,Credit Card
10313,2285,380,2023-03-09,Credit Card
10314,2994,550,2023-04-25,Credit Card
10315,4944,3671,2023-01-29,Debit Card
10316,149,1422,2023-05-07,Net Banking
10317,4546,1148,2023-06-15,UPI
10318,4541,1455,2023-05-13,Net Banking
10319,1599,3899,2023-06-11,UPI
10320,4173,3893,2023-05-25,Credit Card
10321,7630,2199,2023-06-13,Credit Card
10322,3009,1436,2023-06-24,Net Banking
10323,3112,3162,2023-04-24,Net Banking
10324,2010,3988,2023-06-08,Net Banking
10325,5872,3917,2023-05-12,Debit Card
10326,8056,4519,2023-06-06,Credit Card
10327,9548,3812,2023-03-22,Credit Card
10328,9703,4018,2023-06-07,UPI
10329,7962,1560,2023-02-22,Net Banking
10330,1228,2328,2023-05-21,Debit Card
10331,1659,4410,2023-05-14,Credit Card
10332,5013,638,2023-02-03,Net Banking
10333,4549,2363,2023-06-26,Debit Card
10334,4261,318,2023-04-24,Debit Card
10335,2998,4127,2023-05-28,UPI
10336,7704,1419,2023-02-12,UPI
10337,1768,165,2023-06-01,Debit Card
10338,6006,4249,2023-03-06,Net Banking
10339,4228,1208,2023-06-15,Net Banking
10340,514,960,2023-06-03,Net Banking
10341,7556,2569,2023-04-17,UPI
10342,4351,3009,2023-05-15,Credit Card
10343,9502,4946,2023-06-24,UPI
10344,3231,2618,2023-06-22,Net Banking
10345,8859,1971,2023-06-12,UPI
10346,4876,1622,2023-05-16,UPI
10347,3615,1567,2023-05-15,Credit Card
10348,9840,846,2023-03-03,Net Banking
10349,2327,2242,2023-06-22,Debit Card
10350,4367,132,2023-01-16,UPI
10351,2727,2147,2023-06-28,Net Banking
10352,4545,704,2023-06-21,Net Banking
10353,8521,2822,2023-06-28,Debit Card
10354,7899,4745,2023-04-01,UPI
10355,2040,2793,2023-06-07,Credit Card
10356,8859,4540,2023-02-15,UPI
10357,2113,4101,2023-03-22,Credit Card
10358,9861,3574,2023-06-10,UPI
10359,5412,4508,2023-06-19,Debit Card
10360,7173,2655,2023-05-30,Credit Card
10361,3953,3188,2023-06-15,UPI
10362,1111,2851,2023-06-26,UPI
10363,724,2283,2023-06-10,Credit Card
10364,9721,193,2023-06-29,UPI
10365,1742,4639,2023-03-26,UPI
10366,4198,2637,2023-06-12,UPI
10367,9232,3450,2023-04-23,Net Banking
10368,1440,1602,2023-05-30,Credit Card
10369,6664,1251,2023-06-10,Credit Card
10370,2753,3474,2023-05-02,UPI
10371,9484,138,2023-06-23,Net Banking
10372,1521,4934,2023-03-19,Net Banking
10373,7729,2475,2023-06-08,Credit Card
10374,3039,2200,2023-05-27,Net Banking
10375,9777,3391,2023-06-27,Credit Card
10376,8503,3494,2023-05-18,Debit Card
10377,3534,2615,2023-04-01,Debit Card
10378,9357,3655,2023-06-04,Net Banking
10379,1438,2704,2023-05-13,UPI
10380,1113,4973,2023-06-09,Credit Card
10381,5038,830,2023-03-15,Credit Card
10382,2604,1074,2023-06-26,Credit Card
10383,7583,300,2023-06-19,Credit Card
10384,1831,2646,2023-03-30,Credit Card
10385,530,839,2023-06-22,Debit Card
10386,6409,350,2023-04-07,Credit Card
10387,1436,3796,2023-05-06,Credit Card
10388,6129,1779,2023-06-25,UPI
10389,925,1956,2023-02-10,UPI
10390,5637,2513,2023-06-29,Debit Card
10391,1516,938,2023-04-24,Net Banking
10392,4601,4818,2023-05-17,Credit Card
10393,421,1327,2023-06-12,Credit Card
10394,3938,1395,2023-06-06,Credit Card
10395,1963,4690,2023-03-11,Net Banking
10396,7225,4930,2023-04-09,Net Banking
10397,6921,1679,2023-06-18,Net Banking
10398,4230,3432,2023-04-24,Credit Card
10399,9839,3326,2023-05-19,Debit Card
10400,9053,2312,2023-04-08,Credit Card
10401,412,1612,2023-06-23,Credit Card
10402,9570,1929,2023-06-26,Debit Card
10403,4415,873,2023-06-07,UPI
10404,7745,2051,2023-05-05,Net Banking
10405,4674,2836,2023-06-29,Debit Card
10406,7465,1301,2023-05-27,UPI
10407,9717,3897,2023-03-29,UPI
10408,1289,1221,2023-06-29,Debit Card
10409,8133,801,2023-06-28,Net Banking
10410,4620,1937,2023-06-10,Net Banking
10411,4500,4656,2023-06-10,Net Banking
10412,6372,3614,2023-06-28,Net Banking
10413,4415,3919,2023-06-25,Debit Card
10414,5707,4479,2023-05-06,Debit Card
10415,2558,545,2023-04-17,Debit Card
10416,3899,2057,2023-03-22,Debit Card
10417,4081,1148,2023-06-17,Credit Card
10418,1480,1383,2023-05-15,UPI
10419,6735,2166,2023-06-24,Credit Card
10420,3608,4061,2023-06-25,Credit Card
10421,342,3947,2023-06-21,Net Banking
10422,3967,4734,2023-01-28,Credit Card
10423,3344,1736,2023-05-08,Net Banking
10424,4353,371,2023-06-16,Credit Card
10425,9842,4003,2023-05-31,Debit Card
10426,7029,3369,2023-06-29,Credit Card
10427,1539,2949,2023-06-28,Credit Card
10428,8619,1924,2023-06-25,Net Banking
10429,6999,1199,2023-04-21,UPI
10430,5223,2645,2023-06-26,UPI
10431,8973,4429,2023-04-29,UPI
10432,4193,3899,2023-02-04,UPI
10433,6470,1150,2023-06-06,Net Banking
10434,9826,2535,2023-06-26,Debit Card
10435,6361,2900,2023-06-27,Net Banking
10436,5509,3251,2023-04-21,Net Banking
10437,7435,4974,2023-06-13,Credit Card
10438,5917,759,2023-06-04,Debit Card
10439,2347,2503,2023-06-28,UPI
10440,966,2572,2023-06-18,Net Banking
10441,9412,3920,2023-05-31,Credit Card
10442,579,2081,2023-06-23,UPI
10443,984,3278,2023-05-01,Debit Card
10444,1119,2358,2023-06-29,UPI
10445,7876,1393,2023-05-14,Credit Card
10446,1369,3506,2023-05-31,Credit Card
10447,9757,1947,2023-03-27,Net Banking
10448,5268,2669,2023-05-18,UPI
10449,880,3540,2023-05-24,Debit Card
10450,5626,951,2023-05-28,Net Banking
10451,1169,944,2023-06-26,Debit Card
10452,306,4262,2023-03-20,Credit Card
10453,8466,4524,2023-06-24,Debit Card
10454,8229,1014,2023-06-25,Net Banking
10455,8248,1856,2023-02-14,Credit Card
10456,2323,4309,2023-06-01,Net Banking
10457,7352,324,2023-03-19,UPI
10458,3494,4234,2023-04-18,Debit Card
10459,7117,962,2023-04-02,Net Banking
10460,3644,1381,2023-03-24,Net Banking
10461,5797,2255,2023-06-26,Credit Card
10462,4515,2304,2023-04-15,Credit Card
10463,5052,2606,2023-05-12,Credit Card
10464,106,4081,2023-05-11,Debit Card
10465,1285,4121,2023-04-01,UPI
10466,3346,2868,2023-06-28,Debit Card
10467,1259,1793,2023-06-12,Net Banking
10468,1278,4153,2023-06-02,Net Banking
10469,466,4878,2023-02-11,Credit Card
10470,2589,2394,2023-03-01,Credit Card
10471,6258,1674,2023-05-30,UPI
10472,4276,4096,2023-06-03,Net Banking
10473,2201,4312,2023-05-10,Credit Card
10474,1321,3080,2023-06-27,UPI
10475,8117,1616,2023-05-19,Debit Card
10476,3090,1354,2023-06-10,UPI
10477,4144,1712,2023-06-21,Debit Card
10478,5307,2177,2023-06-27,Net Banking
10479,4367,3673,2023-01-18,Net Banking
10480,3963,4936,2023-05-28,Debit Card
10481,7193,1144,2023-03-29,Credit Card
10482,9605,4522,2023-06-18,Credit Card
10483,7075,3962,2023-06-29,Debit Card
10484,2027,4435,2023-06-01,UPI
10485,1169,2430,2023-06-28,UPI
10486,8808,3939,2023-05-17,UPI
10487,2242,3703,2023-06-16,UPI
10488,3178,4775,2023-06-11,Net Banking
10489,5631,4660,2023-05-17,Debit Card
10490,9468,4318,2023-06-17,Net Banking
10491,9529,952,2023-06-19,Credit Card
10492,9602,3765,2023-05-25,Credit Card
10493,700,4416,2023-04-30,Debit Card
10494,6724,2439,2023-06-12,UPI
10495,6756,577,2023-04-17,UPI
10496,8229,2400,2023-06-11,Net Banking
10497,7669,3228,2023-04-16,Debit Card
10498,6428,3596,2023-02-08,Net Banking
10499,4591,1602,2023-06-24,Debit Card
10500,5171,4627,2023-02-26,Debit Card
10501,1742,2622,2023-03-25,Net Banking
10502,469,2450,2023-04-23,Debit Card
10503,4958,692,2023-06-17,Net Banking
10504,9246,4626,2023-05-22,Credit Card
10505,5511,2208,2023-06-11,Debit Card
10506,2168,937,2023-06-16,Debit Card
10507,8757,3445,2023-03-07,UPI
10508,9636,4819,2023-04-18,Debit Card
10509,2445,2864,2023-04-15,Net Banking
10510,785,1927,2023-06-26,Credit Card
10511,9977,4632,2023-05-03,Debit Card
10512,6266,4373,2023-06-12,Credit Card
10513,8633,2001,2023-05-05,UPI
10514,2434,4478,2023-06-21,UPI
10515,7687,4861,2023-06-17,Net Banking
10516,7707,1179,2023-05-14,Credit Card
10517,4411,2142,2023-06-29,UPI
10518,4011,4740,2023-04-21,Debit Card
10519,36,178,2023-05-05,Debit Card
10520,3199,1988,2023-04-19,Net Banking
10521,806,1627,2023-06-15,Debit Card
10522,698,1263,2023-06-11,Debit Card
10523,8195,2872,2023-06-22,UPI
10524,8936,4128,2023-06-27,Net Banking
10525,5668,4824,2023-06-22,Credit Card
10526,1615,4247,2023-06-29,Debit Card
10527,6259,3787,2023-06-04,UPI
10528,7675,2817,2023-05-22,Credit Card
10529,4708,3371,2023-04-30,UPI
10530,570,2101,2023-06-29,Debit Card
10531,2611,3048,2023-02-22,UPI
10532,8347,1738,2023-06-19,Net Banking
10533,1938,1140,2023-06-29,UPI
10534,2537,3195,2023-06-15,Net Banking
10535,4411,4469,2023-06-28,Net Banking
10536,8400,1646,2023-06-27,Net Banking
10537,1041,148,2023-06-13,UPI
10538,4506,1404,2023-02-26,Credit Card
10539,4915,4537,2023-06-17,UPI
10540,4235,4464,2023-05-30,UPI
10541,642,2305,2023-05-21,Net Banking
10542,4721,814,2023-06-06,UPI
10543,7729,980,2023-03-20,Net Banking
10544,3615,4748,2023-03-20,Debit Card
10545,9382,3910,2023-05-28,Debit Card
10546,1628,2628,2023-04-28,Credit Card
10547,5767,1795,2023-06-07,Credit Card
10548,2773,2171,2023-04-11,Debit Card
10549,3149,2771,2023-03-30,Credit Card
10550,4643,697,2023-06-05,Credit Card
10551,3228,1465,2023-01-24,Debit Card
10552,782,4600,2023-04-17,Net Banking
10553,1108,3719,2023-06-13,UPI
10554,6938,3718,2023-04-30,Debit Card
10555,5146,2046,2023-04-17,Debit Card
10556,3525,4666,2023-04-17,Debit Card
10557,4929,687,2023-06-25,Debit Card
10558,6007,1592,2023-02-23,UPI
10559,7521,484,2023-06-14,Net Banking
10560,8785,4909,2023-06-25,Credit Card
10561,9641,3742,2023-04-05,Net Banking
10562,3494,1435,2023-05-14,UPI
10563,3823,1600,2023-05-31,Debit Card
10564,6557,3719,2023-06-23,Credit Card
10565,601,3672,2023-06-17,Credit Card
10566,6322,1555,2023-06-15,Net Banking
10567,308,3478,2023-04-10,Net Banking
10568,8722,3836,2023-05-20,UPI
10569,53,1999,2023-04-27,UPI
10570,7602,2691,2023-04-07,Net Banking
10571,2295,4310,2023-04-27,UPI
10572,3207,1680,2023-05-29,Net Banking
10573,7941,1766,2023-04-28,UPI
10574,6817,2336,2023-01-10,UPI
10575,6119,3056,2023-05-03,Credit Card
10576,4699,2039,2023-04-13,Credit Card
10577,6113,2740,2023-06-24,Debit Card
10578,172,789,2023-04-08,Debit Card
10579,3013,3112,2023-06-25,Debit Card
10580,2299,2349,2023-05-21,Net Banking
10581,4956,3343,2023-02-16,Debit Card
10582,2864,4334,2023-06-21,Debit Card
10583,624,623,2023-05-21,Debit Card
10584,2684,2447,2023-05-19,UPI
10585,6100,2401,2023-04-20,Credit Card
10586,2514,3476,2023-02-19,Credit Card
10587,7986,3669,2023-06-29,UPI
10588,2232,4860,2023-03-28,UPI
10589,1171,1919,2023-06-29,Credit Card
10590,4104,400,2023-05-13,Debit Card
10591,5193,4627,2023-03-16,Net Banking
10592,7810,4576,2023-06-20,Credit Card
10593,7023,4655,2023-04-26,Credit Card
10594,1123,4614,2023-05-24,Net Banking
10595,8347,1698,2023-04-07,Debit Card
10596,919,1705,2023-05-13,Credit Card
10597,7846,156,2023-06-08,Debit Card
10598,180,4009,2023-06-11,Debit Card
10599,6467,3003,2023-05-26,Net Banking
10600,8589,2881,2023-05-23,Credit Card
10601,5294,1416,2023-05-25,UPI
10602,2139,394,2023-02-04,Credit Card
10603,4342,4475,2023-06-27,UPI
10604,3678,3428,2023-05-08,Debit Card
10605,4252,1228,2023-05-27,Debit Card
10606,1959,2419,2023-06-26,Credit Card
10607,1533,1156,2023-05-15,Credit Card
10608,411,3619,2023-03-27,Net Banking
10609,2572,1621,2023-06-07,UPI
10610,750,1391,2023-03-13,UPI
10611,4695,3205,2023-06-14,UPI
10612,8457,1643,2023-05-19,Credit Card
10613,1783,4535,2023-03-24,Net Banking
10614,60,259,2023-06-18,UPI
10615,9067,4790,2023-06-24,Debit Card
10616,9477,4265,2023-04-05,Debit Card
10617,5351,1435,2023-05-05,UPI
10618,9618,4721,2023-05-17,Net Banking
10619,4486,4884,2023-05-02,Debit Card
10620,5045,3389,2023-06-16,Debit Card
10621,8120,250,2023-06-22,Credit Card
10622,5437,1953,2023-05-08,Credit Card
10623,9382,4670,2023-06-09,UPI
10624,5872,1311,2023-06-26,UPI
10625,3716,4360,2023-06-02,UPI
10626,6672,4045,2023-06-20,UPI
10627,3848,4251,2023-06-26,UPI
10628,1277,670,2023-04-04,Debit Card
10629,4702,2709,2023-05-04,UPI
10630,9091,2833,2023-05-13,Debit Card
10631,9895,361,2023-03-31,Net Banking
10632,3053,751,2023-05-13,Credit Card
10633,7172,3272,2023-05-31,Net Banking
10634,1871,246,2023-05-11,Net Banking
10635,1752,1066,2023-05-05,Debit Card
10636,5522,3466,2023-06-08,Credit Card
10637,2415,674,2023-06-06,UPI
10638,9627,1333,2023-04-08,Debit Card
10639,8246,3528,2023-05-26,Credit Card
10640,3628,1410,2023-06-22,Net Banking
10641,1369,2571,2023-03-05,UPI
10642,3745,494,2023-06-28,UPI
10643,2503,1817,2023-06-04,Net Banking
10644,9523,225,2023-06-29,Net Banking
10645,3392,995,2023-04-15,Debit Card
10646,4404,3332,2023-06-28,Credit Card
10647,1690,2672,2023-06-07,UPI
10648,1499,3382,2023-06-25,Net Banking
10649,9722,3918,2023-05-22,Credit Card
10650,8787,2965,2023-06-25,UPI
10651,2171,204,2023-06-28,Net Banking
10652,1092,4346,2023-06-27,UPI
10653,3576,4843,2023-04-14,Net Banking
10654,9606,1593,2023-06-21,Credit Card
10655,9796,1735,2023-05-16,UPI
10656,5775,3560,2023-04-28,Net Banking
10657,4596,4785,2023-06-03,UPI
10658,198,1114,2023-06-22,Net Banking
10659,923,4364,2023-05-31,Credit Card
10660,4508,3748,2023-05-10,UPI
10661,9633,921,2023-05-28,UPI
10662,2160,286,2023-06-26,Net Banking
10663,5879,1560,2023-05-17,Net Banking
10664,9814,3318,2023-04-05,Debit Card
10665,8130,2081,2023-05-20,Net Banking
10666,6829,305,2023-04-23,Debit Card
10667,9610,1519,2023-05-21,Net Banking
10668,5422,2003,2023-01-20,Debit Card
10669,5081,159,2023-04-01,Credit Card
10670,2379,2303,2023-06-23,UPI
10671,8519,4280,2023-04-25,Debit Card
10672,3254,1577,2023-02-24,UPI
10673,7820,3617,2023-05-21,Net Banking
10674,2922,2414,2023-02-05,Debit Card
10675,7782,925,2023-05-17,Credit Card
10676,8189,4712,2023-03-01,Net Banking
10677,840,1530,2023-03-14,Credit Card
10678,629,3686,2023-06-16,Debit Card
10679,7429,2005,2023-06-27,Credit Card
10680,8818,3862,2023-05-02,Credit Card
10681,1515,968,2023-04-27,UPI
10682,1262,1625,2023-01-09,Net Banking
10683,4797,1959,2023-02-10,Debit Card
10684,8961,1881,2023-05-30,Credit Card
10685,8830,580,2023-06-09,Debit Card
10686,259,1664,2023-06-19,Credit Card
10687,3709,1143,2023-04-09,Net Banking
10688,4940,4075,2023-04-30,Debit Card
10689,3909,1875,2023-06-18,UPI
10690,9707,2909,2023-04-06,UPI
10691,5993,1127,2023-04-28,Debit Card
10692,6728,4016,2023-03-24,Net Banking
10693,4641,332,2023-06-05,Credit Card
10694,3488,1992,2023-05-24,Debit Card
10695,4316,1274,2023-06-09,UPI
10696,7270,4657,2023-02-19,Credit Card
10697,6374,1486,2023-06-04,Debit Card
10698,5000,3660,2023-02-09,Credit Card
10699,9665,3349,2023-06-06,Net Banking
10700,8567,3216,2023-05-06,Net Banking
10701,6288,648,2023-06-28,Net Banking
10702,2131,687,2023-05-26,Net Banking
10703,1413,4981,2023-02-11,Debit Card
10704,5074,4853,2023-04-18,Debit Card
10705,7883,1819,2023-06-27,Net Banking
10706,6356,3270,2023-06-27,UPI
10707,9163,2055,2023-06-26,Net Banking
10708,5992,2188,2023-06-14,Net Banking
10709,4197,2805,2023-06-16,UPI
10710,7111,1259,2023-05-09,Net Banking
10711,8994,3444,2023-02-04,UPI
10712,1285,785,2023-04-07,UPI
10713,9824,4070,2023-02-13,Debit Card
10714,895,2122,2023-06-04,Debit Card
10715,5147,2146,2023-03-24,UPI
10716,2063,1504,2023-05-25,Net Banking
10717,133,2357,2023-06-28,Debit Card
10718,1664,2584,2023-06-05,Credit Card
10719,7526,3100,2023-03-12,Credit Card
10720,1022,3387,2023-04-23,Net Banking
10721,5359,2135,2023-05-12,UPI
10722,2206,4688,2023-06-01,Debit Card
10723,3274,3004,2023-06-17,Net Banking
10724,184,1284,2023-06-28,UPI
10725,1381,4886,2023-06-25,UPI
10726,6610,2721,2023-04-24,UPI
10727,3130,1806,2023-05-06,Credit Card
10728,9870,1170,2023-04-06,Net Banking
10729,5467,3133,2023-03-12,Credit Card
10730,7979,445,2023-06-24,Net Banking
10731,6235,362,2023-06-29,Net Banking
10732,487,4407,2023-06-27,Credit Card
10733,8195,4055,2023-04-10,Net Banking
10734,1637,1885,2023-02-13,Credit Card
10735,9153,2662,2023-05-12,UPI
10736,4907,2013,2023-05-30,Credit Card
10737,5448,2709,2023-04-11,Credit Card
10738,8480,2239,2023-04-06,UPI
10739,5312,2255,2023-06-25,Net Banking
10740,5281,3210,2023-05-01,Net Banking
10741,9747,1089,2023-05-19,Credit Card
10742,1885,4448,2023-05-29,UPI
10743,3301,1781,2023-06-28,Credit Card
10744,1045,519,2023-06-29,Debit Card
10745,282,4706,2023-06-26,UPI
10746,7835,2829,2023-06-21,Credit Card
10747,2324,1435,2023-05-23,Credit Card
10748,4417,318,2023-06-12,UPI
10749,4408,1781,2023-05-03,UPI
10750,3582,4305,2023-05-20,Net Banking
10751,7113,4327,2023-04-11,Credit Card
10752,5100,1215,2023-06-13,Debit Card
10753,5949,3257,2023-06-15,Credit Card
10754,34,4994,2023-06-27,Debit Card
10755,1482,182,2023-05-13,Credit Card
10756,9173,287,2023-06-24,UPI
10757,5308,905,2023-04-13,Credit Card
10758,3308,4876,2023-06-26,UPI
10759,8321,3214,2023-06-28,Debit Card
10760,2704,187,2023-05-18,UPI
10761,3633,114,2023-06-23,UPI
10762,5514,1644,2023-06-07,UPI
10763,3974,802,2023-06-02,Debit Card
10764,429,2190,2023-03-10,Net Banking
10765,9824,2283,2023-04-06,Debit Card
10766,2353,3602,2023-05-05,Debit Card
10767,2884,4348,2023-05-17,Net Banking
10768,7192,1163,2023-06-10,Net Banking
10769,7254,412,2023-05-14,UPI
10770,6661,3817,2023-06-17,UPI
10771,554,2836,2023-06-10,Credit Card
10772,8195,591,2023-03-09,Net Banking
10773,849,762,2023-04-24,Debit Card
10774,8221,1515,2023-05-15,UPI
10775,5133,226,2023-03-01,Debit Card
10776,7922,4659,2023-04-20,Net Banking
10777,9305,2008,2023-05-25,Debit Card
10778,9076,1288,2023-06-09,UPI
10779,4868,615,2023-05-31,Debit Card
10780,6999,3410,2023-04-06,Debit Card
10781,7632,3751,2023-04-21,Debit Card
10782,3966,4338,2023-05-12,UPI
10783,691,929,2023-04-16,Credit Card
10784,3401,3241,2023-03-24,Net Banking
10785,306,1315,2023-05-11,Credit Card
10786,6893,2842,2023-06-27,UPI
10787,2387,140,2023-03-13,Debit Card
10788,2820,1745,2023-06-08,Credit Card
10789,7978,4017,2023-06-16,Debit Card
10790,8683,1476,2023-06-26,Debit Card
10791,6775,4658,2023-05-01,Credit Card
10792,607,1269,2023-05-31,Credit Card
10793,7345,1459,2023-05-17,Debit Card
10794,9925,2714,2023-05-30,UPI
10795,4175,3249,2023-06-29,Net Banking
10796,5798,4525,2023-06-07,Credit Card
10797,9228,3459,2023-04-01,Credit Card
10798,4643,704,2023-04-18,Net Banking
10799,194,2818,2023-05-15,Debit Card
10800,8956,2617,2023-06-17,Debit Card
10801,6597,3437,2023-05-22,Credit Card
10802,6232,1883,2023-04-06,Credit Card
10803,9087,2314,2023-05-25,Net Banking
10804,5557,2843,2023-03-27,Debit Card
10805,6314,2125,2023-06-03,Debit Card
10806,4841,1264,2023-06-25,Credit Card
10807,2511,482,2023-03-19,Debit Card
10808,6689,719,2023-03-31,Net Banking
10809,6534,4688,2023-05-22,Credit Card
10810,5711,2599,2023-06-21,UPI
10811,2809,1430,2023-05-06,Debit Card
10812,7685,4359,2023-06-29,Credit Card
10813,6041,4158,2023-06-27,Debit Card
10814,5734,2974,2023-05-28,UPI
10815,5995,1433,2023-06-04,UPI
10816,6413,1158,2023-04-19,Credit Card
10817,9539,1547,2023-04-06,Debit Card
10818,131,880,2023-06-28,Net Banking
10819,5633,2395,2023-03-11,Debit Card
10820,3483,1700,2023-04-13,Credit Card
10821,9727,4419,2023-05-29,Debit Card
10822,812,1264,2023-06-13,Credit Card
10823,5084,225,2023-06-29,Credit Card
10824,2893,1530,2023-05-11,Debit Card
10825,580,3185,2023-06-11,Debit Card
10826,1328,3672,2023-05-11,Net Banking
10827,4496,1714,2023-06-01,Net Banking
10828,1380,4113,2023-05-03,Net Banking
10829,183,3827,2023-05-23,UPI
10830,1676,3325,2023-02-27,UPI
10831,6393,789,2023-06-15,Credit Card
10832,9304,871,2023-05-23,Credit Card
10833,2914,3367,2023-05-11,UPI
10834,2336,144,2023-05-14,Credit Card
10835,3327,402,2023-02-19,Debit Card
10836,3915,4919,2023-06-01,UPI
10837,9956,936,2023-06-14,Credit Card
10838,7480,4560,2023-01-26,UPI
10839,7791,4290,2023-06-19,Debit Card
10840,6132,273,2023-05-08,Credit Card
10841,2028,2873,2023-04-14,UPI
10842,8284,967,2023-02-06,UPI
10843,1921,3368,2023-05-30,Credit Card
10844,2522,2952,2023-06-20,Net Banking
10845,7523,4952,2023-03-25,Debit Card
10846,98,2340,2023-06-04,Debit Card
10847,6612,4942,2023-04-08,UPI
10848,6771,2915,2023-02-23,Credit Card
10849,2584,3091,2023-06-04,Debit Card
10850,743,2102,2023-06-15,Net Banking
10851,677,1473,2023-06-18,Debit Card
10852,2457,3897,2023-05-01,Net Banking
10853,995,4002,2023-05-27,Credit Card
10854,9747,2551,2023-03-16,Debit Card
10855,4650,4434,2023-06-28,Net Banking
10856,4440,602,2023-03-12,Credit Card
10857,6517,3744,2023-06-29,Net Banking
10858,6184,2587,2023-06-08,Net Banking
10859,2463,2142,2023-05-29,UPI
10860,5412,3775,2023-06-22,UPI
10861,9474,3277,2023-02-27,Net Banking
10862,5770,3748,2023-06-18,Debit Card
10863,1890,148,2023-06-19,Credit Card
10864,8368,2721,2023-06-24,Credit Card
10865,1477,210,2023-02-22,Net Banking
10866,9983,2011,2023-06-16,Net Banking
10867,3045,2121,2023-06-13,Credit Card
10868,8300,3805,2023-06-21,Debit Card
10869,3110,282,2023-05-21,Net Banking
10870,1289,2373,2023-06-26,Net Banking
10871,3699,2683,2023-04-29,Net Banking
10872,5113,3262,2023-03-30,Net Banking
10873,2295,2760,2023-05-25,Credit Card
10874,3257,2779,2023-05-21,UPI
10875,1944,1884,2023-06-25,Net Banking
10876,469,1103,2023-04-21,Credit Card
10877,7583,4285,2023-06-25,Credit Card
10878,907,531,2023-06-20,Net Banking
10879,6426,1597,2023-06-25,Net Banking
10880,2361,4209,2023-06-26,Debit Card
10881,2692,4108,2023-06-23,Debit Card
10882,4810,1682,2023-06-10,Net Banking
10883,9158,1099,2023-06-26,Net Banking
10884,507,1574,2023-03-24,UPI
10885,7354,1139,2023-04-28,Net Banking
10886,8708,908,2023-04-14,UPI
10887,8175,584,2023-04-18,UPI
10888,4591,730,2023-06-07,Credit Card
10889,4676,3949,2023-06-18,UPI
10890,6786,2684,2023-06-18,Debit Card
10891,5183,3468,2023-04-21,Debit Card
10892,9610,3550,2023-05-24,Credit Card
10893,1603,1512,2023-06-18,Net Banking
10894,8116,4621,2023-02-07,Debit Card
10895,994,4903,2023-06-29,Net Banking
10896,6065,1956,2023-06-11,Credit Card
10897,4630,3817,2023-05-29,Debit Card
10898,4122,3738,2023-06-20,Debit Card
10899,3321,1718,2023-06-21,Debit Card
10900,3483,2095,2023-04-20,Credit Card
10901,3869,3760,2023-02-01,UPI
10902,5092,3914,2023-06-26,UPI
10903,5426,4842,2023-06-16,UPI
10904,8865,4263,2023-05-30,Debit Card
10905,3545,1584,2023-06-29,UPI
10906,8786,2385,2023-06-27,UPI
10907,9240,1273,2023-06-15,UPI
10908,3935,3915,2023-04-20,UPI
10909,9465,422,2023-06-10,Net Banking
10910,271,3214,2023-06-04,UPI
10911,5248,1274,2023-06-28,Net Banking
10912,3176,1679,2023-03-27,Debit Card
10913,8572,4916,2023-05-12,UPI
10914,2367,3405,2023-05-12,Debit Card
10915,8988,4321,2023-04-11,Net Banking
10916,5900,1091,2023-05-29,Net Banking
10917,1417,559,2023-05-14,Debit Card
10918,5580,3860,2023-06-23,Credit Card
10919,163,599,2023-06-28,Net Banking
10920,3277,646,2023-06-03,Net Banking
10921,9611,1446,2023-06-22,Credit Card
10922,462,1845,2023-06-26,Net Banking
10923,452,3542,2023-06-10,Debit Card
10924,144,3899,2023-05-15,Net Banking
10925,5867,4287,2023-05-25,Debit Card
10926,831,1382,2023-03-10,UPI
10927,6724,3628,2023-06-25,Net Banking
10928,7993,786,2023-02-17,Credit Card
10929,9809,2271,2023-06-09,Debit Card
10930,8443,4150,2023-04-09,UPI
10931,5788,2042,2023-05-12,Credit Card
10932,8526,2197,2023-05-29,Credit Card
10933,3789,1477,2023-06-21,Credit Card
10934,3457,1370,2023-06-24,Net Banking
10935,36,616,2023-06-16,UPI
10936,7393,3220,2023-04-19,Net Banking
10937,2730,4711,2023-06-13,Net Banking
10938,7147,4145,2023-01-13,UPI
10939,6403,382,2023-06-18,Debit Card
10940,8533,1114,2023-05-29,UPI
10941,2775,4090,2023-05-01,UPI
10942,4905,2984,2023-01-31,UPI
10943,4108,1667,2023-05-30,Net Banking
10944,660,4327,2023-06-14,UPI
10945,8904,2650,2023-02-13,Net Banking
10946,758,2981,2023-06-09,Credit Card
10947,5545,3655,2023-05-13,Net Banking
10948,8112,1829,2023-05-28,Debit Card
10949,8092,523,2023-05-18,Debit Card
10950,1074,949,2023-06-08,Credit Card
10951,8959,2414,2023-04-30,Debit Card
10952,3955,2481,2023-06-28,Credit Card
10953,3298,1869,2023-06-26,Debit Card
10954,1733,3998,2023-04-10,UPI
10955,7189,1530,2023-04-25,Debit Card
10956,2354,2022,2023-05-24,Credit Card
10957,8066,4111,2023-06-20,Net Banking
10958,7443,4663,2023-04-30,UPI
10959,7721,2544,2023-05-08,Credit Card
10960,9535,871,2023-04-29,Credit Card
10961,6571,3011,2023-06-17,Credit Card
10962,1524,1822,2023-04-01,UPI
10963,6001,3532,2023-05-13,Credit Card
10964,7916,837,2023-05-23,Net Banking
10965,5215,4365,2023-06-14,Net Banking
10966,6559,363,2023-06-28,Debit Card
10967,2210,4820,2023-04-15,Debit Card
10968,1060,318,2023-06-13,Credit Card
10969,6714,3768,2023-06-12,UPI
10970,6385,797,2023-05-01,Debit Card
10971,7530,4097,2023-05-15,UPI
10972,7027,545,2023-03-30,Credit Card
10973,2953,3043,2023-06-28,Credit Card
10974,4907,204,2023-05-20,Debit Card
10975,7205,2788,2023-05-01,Debit Card
10976,6863,217,2023-06-25,Credit Card
10977,3216,2588,2023-06-12,Debit Card
10978,4813,4795,2023-06-20,Credit Card
10979,2707,4346,2023-05-04,Credit Card
10980,2727,3764,2023-06-29,UPI
10981,7049,3247,2023-04-28,Credit Card
10982,8324,3363,2023-06-01,Credit Card
10983,2327,475,2023-06-15,UPI
10984,8611,1278,2023-05-31,Credit Card
10985,6949,3577,2023-06-25,Credit Card
10986,1314,677,2023-05-29,UPI
10987,3796,3062,2023-04-25,Debit Card
10988,9608,2099,2023-06-18,Credit Card
10989,323,1144,2023-06-29,UPI
10990,2764,3583,2023-05-09,Credit Card
10991,448,1649,2023-03-08,UPI
10992,7271,337,2023-04-11,Debit Card
10993,2387,3161,2023-05-01,UPI
10994,2196,4596,2023-05-04,Net Banking
10995,4119,2422,2023-06-22,Credit Card
10996,7526,2570,2023-05-27,UPI
10997,7019,4852,2023-06-09,Net Banking
10998,6699,312,2023-03-22,Credit Card
10999,9746,3148,2023-06-18,UPI
11000,9531,1395,2023-05-24,UPI
11001,5857,2841,2023-06-05,Net Banking
11002,2188,1340,2023-06-17,Net Banking
11003,9977,341,2023-05-20,Net Banking
11004,2763,1221,2023-05-16,Credit Card
11005,2704,3933,2023-04-09,Net Banking
11006,4351,3246,2023-05-21,Debit Card
11007,608,1749,2023-06-16,UPI
11008,5707,309,2023-03-30,Credit Card
11009,351,1035,2023-06-13,Credit Card
11010,7331,4174,2023-05-26,Debit Card
11011,5868,3775,2023-05-05,Net Banking
11012,2920,4463,2023-05-20,Debit Card
11013,5700,140,2023-06-19,Net Banking
11014,1030,3451,2023-03-09,UPI
11015,1737,2991,2023-06-28,UPI
11016,6315,4640,2023-05-14,Credit Card
11017,704,1532,2023-05-08,Net Banking
11018,5782,1154,2023-06-07,Debit Card
11019,8405,4842,2023-05-25,Net Banking
11020,6477,4876,2023-05-15,Debit Card
11021,6583,1839,2023-06-17,Debit Card
11022,7509,205,2023-06-27,Debit Card
11023,9101,1622,2023-06-24,UPI
11024,3795,704,2023-03-26,Net Banking
11025,9721,1057,2023-06-27,Net Banking
11026,1175,745,2023-05-11,Net Banking
11027,2434,3866,2023-06-27,Credit Card
11028,1080,3065,2023-06-20,Debit Card
11029,2975,1937,2023-05-25,Credit Card
11030,4254,2471,2023-04-16,Net Banking
11031,655,4956,2023-06-04,Debit Card
11032,6976,991,2023-06-28,Credit Card
11033,5133,980,2023-06-27,UPI
11034,8242,2113,2023-03-17,Debit Card
11035,8337,2028,2023-06-28,Credit Card
11036,8438,584,2023-06-20,UPI
11037,1512,4244,2023-04-11,Net Banking
11038,2248,3933,2023-01-23,Debit Card
11039,3442,4965,2023-06-25,Net Banking
11040,9246,1078,2023-05-03,Net Banking
11041,3525,290,2023-05-30,UPI
11042,6179,834,2023-05-08,Credit Card
11043,3244,4107,2023-06-12,UPI
11044,3720,4828,2023-06-15,UPI
11045,897,3568,2023-06-23,UPI
11046,2951,3737,2023-05-29,Credit Card
11047,6393,2179,2023-06-27,Debit Card
11048,8443,2528,2023-06-11,UPI
11049,1310,1513,2023-06-26,Net Banking
11050,2776,1047,2023-05-24,Net Banking
11051,5666,2871,2023-06-29,Net Banking
11052,8329,4179,2023-06-16,Credit Card
11053,8253,1188,2023-06-07,Debit Card
11054,2720,2533,2023-05-12,Net Banking
11055,4998,3975,2023-06-11,Debit Card
11056,8048,4276,2023-03-20,UPI
11057,2210,2632,2023-03-06,Debit Card
11058,751,1345,2023-06-01,Credit Card
11059,1343,1558,2023-06-23,Debit Card
11060,2938,4062,2023-05-05,Net Banking
11061,2508,1721,2023-06-23,Debit Card
11062,8324,865,2023-05-16,Net Banking
11063,1241,1662,2023-03-26,Debit Card
11064,301,4861,2023-06-13,UPI
11065,7637,2703,2023-06-09,Debit Card
11066,3053,3703,2023-03-20,Credit Card
11067,274,4365,2023-06-26,UPI
11068,9087,4053,2023-05-27,Net Banking
11069,1059,4849,2023-06-16,Net Banking
11070,6500,1190,2023-05-28,Debit Card
11071,2070,3178,2023-05-11,UPI
11072,1062,896,2023-05-30,UPI
11073,6333,2403,2023-06-07,UPI
11074,230,1817,2023-06-17,Net Banking
11075,7461,4074,2023-05-01,UPI
11076,5348,3859,2023-06-16,Debit Card
11077,8944,387,2023-06-15,Debit Card
11078,4028,211,2023-06-17,Net Banking
11079,9307,3379,2023-06-21,Debit Card
11080,7281,4832,2023-05-23,Credit Card
11081,70,2090,2023-02-25,Debit Card
11082,1835,2707,2023-01-13,Credit Card
11083,5674,4912,2023-05-15,Debit Card
11084,435,4791,2023-03-05,Credit Card
11085,7977,3063,2023-06-28,Net Banking
11086,3032,2455,2023-06-15,Net Banking
11087,6189,4155,2023-06-15,Net Banking
11088,4984,3655,2023-03-04,UPI
11089,7711,3821,2023-05-05,Debit Card
11090,1398,535,2023-02-24,UPI
11091,1949,196,2023-05-26,Debit Card
11092,7787,4144,2023-03-20,Net Banking
11093,7671,1819,2023-05-24,UPI
11094,3725,1071,2023-06-22,Credit Card
11095,2059,3007,2023-05-03,Debit Card
11096,4958,4017,2023-04-26,Credit Card
11097,8318,377,2023-06-04,UPI
11098,179,3934,2023-06-28,Credit Card
11099,6240,2369,2023-06-13,Debit Card
11100,6166,4831,2023-05-13,UPI
11101,2853,784,2023-06-03,Debit Card
11102,2152,3999,2023-06-25,Debit Card
11103,9404,568,2023-05-30,Debit Card
11104,9912,2494,2023-06-12,Net Banking
11105,9383,1637,2023-04-14,Debit Card
11106,8605,167,2023-01-31,Net Banking
11107,5513,3166,2023-06-27,UPI
11108,3297,2581,2023-06-22,Debit Card
11109,4449,2804,2023-04-25,Debit Card
11110,8936,475,2023-06-28,Credit Card
11111,3333,1774,2023-03-14,Debit Card
11112,1815,373,2023-05-17,Net Banking
11113,878,4664,2023-04-27,UPI
11114,8696,3622,2023-06-24,Debit Card
11115,3244,2970,2023-05-26,UPI
11116,1590,753,2023-04-03,Debit Card
11117,2058,2873,2023-06-18,UPI
11118,9648,1303,2023-06-06,UPI
11119,2167,3752,2023-06-08,Debit Card
11120,9518,2518,2023-05-11,Net Banking
11121,8519,4867,2023-06-04,UPI
11122,8403,3846,2023-06-16,Credit Card
11123,8904,4537,2023-04-12,UPI
11124,4760,1222,2023-06-21,Debit Card
11125,8248,2588,2023-02-13,Credit Card
11126,2178,3629,2023-05-25,Credit Card
11127,5074,3060,2023-05-28,UPI
11128,2921,3035,2023-03-06,Credit Card
11129,2985,2058,2023-06-14,Debit Card
11130,2028,4652,2023-04-06,Credit Card
11131,2608,3266,2023-05-17,UPI
11132,5695,3991,2023-06-11,Net Banking
11133,1929,4680,2023-04-30,UPI
11134,5762,3611,2023-01-31,Net Banking
11135,2177,2039,2023-06-25,UPI
11136,6206,225,2023-05-12,Debit Card
11137,6001,4365,2023-04-18,UPI
11138,1278,778,2023-05-29,UPI
11139,5710,3331,2023-06-08,Credit Card
11140,5147,3969,2023-05-23,Credit Card
11141,7043,139,2023-04-15,Credit Card
11142,8681,3928,2023-06-18,Net Banking
11143,8079,989,2023-05-05,Debit Card
11144,2894,3987,2023-03-26,Debit Card
11145,6315,3007,2023-06-22,Debit Card
11146,8033,368,2023-01-16,Credit Card
11147,860,2358,2023-05-28,Debit Card
11148,7726,1893,2023-03-31,UPI
11149,3257,3418,2023-04-17,Credit Card
11150,815,142,2023-05-06,Net Banking
11151,8905,2907,2023-04-13,UPI
11152,7583,1429,2023-06-28,Debit Card
11153,1592,3588,2023-05-31,UPI
11154,96,2378,2023-06-29,Credit Card
11155,4240,325,2023-06-26,UPI
11156,4188,1203,2023-05-04,Credit Card
11157,4771,4421,2023-04-16,Debit Card
11158,533,1693,2023-06-15,UPI
11159,9853,4452,2023-03-22,Credit Card
11160,1694,4680,2023-02-20,Net Banking
11161,3356,3065,2023-06-14,Net Banking
11162,2141,4322,2023-04-24,Credit Card
11163,2237,3075,2023-02-15,Credit Card
11164,3130,1860,2023-03-26,UPI
11165,2298,4455,2023-06-03,Net Banking
11166,7106,160,2023-06-05,Credit Card
11167,3710,1175,2023-05-11,Net Banking
11168,964,1101,2023-05-28,Credit Card
11169,836,3604,2023-03-30,UPI
11170,2884,3288,2023-03-28,Net Banking
11171,5354,3473,2023-03-25,Debit Card
11172,5335,158,2023-04-20,UPI
11173,5179,3397,2023-04-16,Net Banking
11174,1977,3340,2023-05-07,Credit Card
11175,5721,4820,2023-05-03,Credit Card
11176,2811,1455,2023-06-10,UPI
11177,2087,1279,2023-06-17,Credit Card
11178,299,2003,2023-04-19,Credit Card
11179,8398,149,2023-06-22,Net Banking
11180,6740,3471,2023-05-06,Debit Card
11181,379,2277,2023-06-25,Credit Card
11182,3933,1298,2023-02-21,UPI
11183,1215,4020,2023-06-21,Credit Card
11184,2990,3674,2023-05-14,Debit Card
11185,7819,3171,2023-06-19,Debit Card
11186,3058,4190,2023-03-03,Credit Card
11187,5046,3535,2023-04-26,UPI
11188,5430,2330,2023-05-27,Net Banking
11189,624,3355,2023-06-15,Debit Card
11190,8190,1443,2023-06-12,Credit Card
11191,7079,557,2023-04-30,Net Banking
11192,4442,3694,2023-04-24,UPI
11193,7274,664,2023-04-08,Credit Card
11194,237,3603,2023-06-27,Debit Card
11195,9118,4316,2023-06-20,Credit Card
11196,7171,1103,2023-04-27,UPI
11197,5097,4893,2023-06-14,Net Banking
11198,812,4070,2023-06-15,Net Banking
11199,3686,1691,2023-05-25,Debit Card
11200,2295,3648,2023-04-29,UPI
11201,1810,1142,2023-06-01,UPI
11202,456,2871,2023-06-05,Credit Card
11203,3081,2679,2023-04-04,UPI
11204,9501,422,2023-06-28,Net Banking
11205,3215,838,2023-03-31,Debit Card
11206,6067,361,2023-04-19,Debit Card
11207,873,4985,2023-05-11,UPI
11208,9246,4938,2023-04-17,UPI
11209,184,1446,2023-05-17,Debit Card
11210,2230,876,2023-06-21,Debit Card
11211,2825,2979,2023-05-27,Credit Card
11212,8450,3875,2023-06-21,Net Banking
11213,602,132,2023-06-15,Credit Card
11214,530,3040,2023-06-16,Net Banking
11215,3961,376,2023-05-14,Debit Card
11216,8198,789,2023-04-01,Credit Card
11217,3565,3694,2023-03-28,Credit Card
11218,545,4399,2023-05-20,Credit Card
11219,5929,254,2023-06-27,Net Banking
11220,7440,653,2023-02-25,UPI
11221,2811,239,2023-03-09,Debit Card
11222,1123,3494,2023-05-07,UPI
11223,80,4656,2023-05-09,Credit Card
11224,7802,2270,2023-06-22,UPI
11225,7833,3145,2023-05-17,UPI
11226,5463,928,2023-06-12,Credit Card
11227,7720,482,2023-05-20,Credit Card
11228,6549,3481,2023-06-29,Debit Card
11229,1498,3041,2023-06-18,UPI
11230,9178,2397,2023-05-09,UPI
11231,3035,4533,2023-06-07,Net Banking
11232,6699,2877,2023-03-27,Net Banking
11233,7373,4130,2023-05-09,UPI
11234,7595,2707,2023-04-06,UPI
11235,4399,2837,2023-05-23,Debit Card
11236,6571,4338,2023-06-23,Credit Card
11237,8209,1205,2023-05-15,UPI
11238,6566,3752,2023-06-01,Credit Card
11239,343,1020,2023-06-28,Credit Card
11240,6427,1978,2023-06-17,UPI
11241,4936,1198,2023-04-29,Credit Card
11242,8065,462,2023-05-23,Credit Card
11243,5710,2141,2023-06-18,Debit Card
11244,5599,963,2023-05-07,Debit Card
11245,4882,123,2023-06-29,UPI
11246,9521,4061,2023-06-25,Net Banking
11247,1839,2094,2023-06-06,Debit Card
11248,6169,4235,2023-04-24,Debit Card
11249,3687,2636,2023-06-25,UPI
11250,8646,596,2023-05-31,Debit Card
11251,8729,4422,2023-03-30,Debit Card
11252,429,2739,2023-03-24,Credit Card
11253,9243,845,2023-06-21,Credit Card
11254,300,2260,2023-06-11,Debit Card
11255,5463,4620,2023-06-01,UPI
11256,1418,2769,2023-06-25,Credit Card
11257,9797,3496,2023-02-10,Credit Card
11258,9627,1248,2023-03-18,UPI
11259,6753,2318,2023-06-21,Credit Card
11260,888,4388,2023-06-25,Credit Card
11261,6731,4580,2023-03-25,Credit Card
11262,4606,2959,2023-05-17,Net Banking
11263,4349,588,2023-06-12,Credit Card
11264,2753,3986,2023-05-07,Credit Card
11265,7819,4374,2023-05-05,Debit Card
11266,8371,3579,2023-04-04,UPI
11267,1323,2468,2023-04-25,Credit Card
11268,6353,3321,2023-06-19,Debit Card
11269,9636,4449,2023-06-27,Net Banking
11270,4340,1193,2023-04-08,UPI
11271,343,3707,2023-06-23,Debit Card
11272,840,4726,2023-03-16,Net Banking
11273,1192,401,2023-04-02,Credit Card
11274,2434,3023,2023-05-29,Debit Card
11275,8521,3649,2023-06-27,Net Banking
11276,7669,3392,2023-04-12,Credit Card
11277,5340,3612,2023-05-12,Debit Card
11278,4958,221,2023-05-30,UPI
11279,1873,2248,2023-06-28,Credit Card
11280,6619,2138,2023-06-04,Credit Card
11281,2545,1527,2023-06-07,UPI
11282,8472,4811,2023-06-11,Net Banking
11283,2363,4251,2023-06-03,Net Banking
11284,6737,2549,2023-01-19,Net Banking
11285,7721,3898,2023-03-19,Debit Card
11286,4355,1053,2023-03-06,UPI
11287,2485,185,2023-03-16,Net Banking
11288,4748,710,2023-06-07,Credit Card
11289,3210,3353,2023-02-03,Debit Card
11290,9514,3774,2023-05-31,UPI
11291,3591,4988,2023-06-28,Net Banking
11292,5515,2801,2023-05-25,UPI
11293,4235,489,2023-03-25,Credit Card
11294,2519,1795,2023-05-17,Net Banking
11295,7022,4867,2023-06-12,Net Banking
11296,8593,2764,2023-02-14,Debit Card
11297,7985,4087,2023-02-13,Debit Card
11298,3180,500,2023-06-28,UPI
11299,7868,2553,2023-05-19,Debit Card
11300,6189,1511,2023-04-13,Debit Card
11301,3896,1937,2023-02-28,Net Banking
11302,3297,425,2023-05-14,UPI
11303,4490,514,2023-06-20,UPI
11304,2138,282,2023-06-04,Debit Card
11305,4504,4649,2023-03-11,Debit Card
11306,8187,4314,2023-06-20,UPI
11307,4490,1967,2023-06-26,UPI
11308,8517,4277,2023-06-23,Net Banking
11309,630,246,2023-04-23,Debit Card
11310,2839,2154,2023-06-27,Debit Card
11311,3277,1960,2023-06-08,UPI
11312,5665,1495,2023-02-25,Net Banking
11313,9487,4651,2023-06-06,Credit Card
11314,691,1635,2023-04-02,UPI
11315,3275,4264,2023-06-20,Credit Card
11316,5221,2724,2023-05-22,Credit Card
11317,8777,4283,2023-06-27,Credit Card
11318,9006,1572,2023-06-06,Credit Card
11319,783,2679,2023-06-09,Net Banking
11320,8289,4793,2023-06-06,Debit Card
11321,8263,4021,2023-04-11,Debit Card
11322,5429,1078,2023-05-04,Debit Card
11323,1653,1155,2023-05-30,Credit Card
11324,713,4435,2023-04-17,UPI
11325,704,3288,2023-06-18,Credit Card
11326,6470,189,2023-06-20,Credit Card
11327,7506,3589,2023-05-16,UPI
11328,2794,779,2023-04-02,Credit Card
11329,5588,3355,2023-05-11,UPI
11330,2063,3284,2023-04-09,Credit Card
11331,3524,1241,2023-05-13,Net Banking
11332,9222,2425,2023-06-05,Credit Card
11333,3282,2614,2023-02-23,UPI
11334,9757,1930,2023-04-05,Credit Card
11335,3467,1555,2023-06-14,UPI
11336,3018,367,2023-06-11,UPI
11337,5036,146,2023-06-10,Net Banking
11338,4340,1604,2023-06-09,Debit Card
11339,5094,4034,2023-04-14,UPI
11340,7800,744,2023-06-11,UPI
11341,2424,3655,2023-06-11,Net Banking
11342,902,1207,2023-04-02,Net Banking
11343,1515,1093,2023-06-06,UPI
11344,8888,3744,2023-06-14,Net Banking
11345,4925,885,2023-01-09,Net Banking
11346,7182,334,2023-06-20,UPI
11347,9091,4411,2023-03-07,Debit Card
11348,2352,4803,2023-02-25,Credit Card
11349,7235,3344,2023-06-29,Credit Card
11350,3312,4877,2023-06-02,Credit Card
11351,2855,3137,2023-06-02,Debit Card
11352,7658,808,2023-05-08,Net Banking
11353,685,630,2023-06-22,Credit Card
11354,8817,3335,2023-06-22,Net Banking
11355,1549,1809,2023-05-09,Debit Card
11356,6985,4734,2023-05-14,Debit Card
11357,5797,1005,2023-06-20,Credit Card
11358,7645,2346,2023-06-22,UPI
11359,4976,1875,2023-06-26,Debit Card
11360,8333,3130,2023-06-25,Debit Card
11361,8973,4739,2023-05-31,Debit Card
11362,1132,2914,2023-05-31,Debit Card
11363,8173,1126,2023-05-01,UPI
11364,7846,4371,2023-06-17,UPI
11365,3480,1633,2023-05-11,Credit Card
11366,3838,3587,2023-06-12,Net Banking
11367,6740,3594,2023-06-12,Net Banking
11368,8610,4237,2023-05-26,Debit Card
11369,8918,4365,2023-04-23,UPI
11370,2962,3334,2023-06-08,Debit Card
11371,2384,2771,2023-06-11,Debit Card
11372,9754,3687,2023-06-29,Credit Card
11373,4617,1245,2023-04-28,Net Banking
11374,514,665,2023-06-19,Credit Card
11375,3289,4627,2023-05-02,Debit Card
11376,3405,4836,2023-06-27,UPI
11377,4316,3927,2023-06-06,UPI
11378,1390,4418,2023-06-29,Debit Card
11379,5840,1757,2023-06-20,Net Banking
11380,1504,1374,2023-06-07,Credit Card
11381,7945,1332,2023-06-25,Debit Card
11382,9263,2796,2023-06-03,Credit Card
11383,6566,496,2023-05-19,Credit Card
11384,4746,4752,2023-02-13,Net Banking
11385,7049,3265,2023-03-21,Credit Card
11386,1232,1662,2023-04-18,Debit Card
11387,7022,4665,2023-06-13,UPI
11388,630,2251,2023-05-05,UPI
11389,6607,2579,2023-04-25,Credit Card
11390,7003,3543,2023-06-11,Debit Card
11391,2365,2397,2023-06-29,Debit Card
11392,1109,3566,2023-05-21,Net Banking
11393,9545,1357,2023-05-08,Debit Card
11394,4015,1723,2023-02-16,Credit Card
11395,8619,1974,2023-06-25,UPI
11396,794,3732,2023-04-28,Net Banking
11397,2409,3517,2023-05-23,Debit Card
11398,345,4105,2023-06-18,Credit Card
11399,3045,3474,2023-06-25,Credit Card
11400,7252,4312,2023-03-11,Debit Card
11401,4182,1482,2023-05-15,Net Banking
11402,6957,660,2023-06-07,Debit Card
11403,1112,2343,2023-06-24,Debit Card
11404,2401,1613,2023-06-26,Net Banking
11405,5191,3700,2023-06-29,Debit Card
11406,6048,1790,2023-06-24,Debit Card
11407,1941,4884,2023-03-27,Credit Card
11408,2975,1822,2023-05-26,Net Banking
11409,3694,4860,2023-06-13,Net Banking
11410,1295,972,2023-06-29,Net Banking
11411,4078,3294,2023-04-27,Credit Card
11412,4875,2350,2023-06-13,Credit Card
11413,6315,2198,2023-05-31,Debit Card
11414,7756,3699,2023-04-26,UPI
11415,3199,3920,2023-05-24,Credit Card
11416,5667,4388,2023-06-29,UPI
11417,4402,2594,2023-03-30,Credit Card
11418,784,4567,2023-04-07,Credit Card
11419,847,798,2023-06-13,Credit Card
11420,8723,4234,2023-04-15,Debit Card
11421,2728,1159,2023-06-08,Debit Card
11422,3693,1179,2023-06-18,Credit Card
11423,7731,779,2023-03-14,Debit Card
11424,8007,747,2023-06-25,UPI
11425,8244,1509,2023-03-08,UPI
11426,8652,3323,2023-05-24,Debit Card
11427,9602,4065,2023-05-10,Credit Card
11428,1820,4688,2023-03-24,Credit Card
11429,7861,1753,2023-06-09,UPI
11430,5185,951,2023-05-10,Debit Card
11431,6726,1134,2023-04-26,Net Banking
11432,7264,2484,2023-02-09,Debit Card
11433,8280,336,2023-05-14,UPI
11434,1492,790,2023-05-23,Debit Card
11435,1977,4011,2023-06-10,Debit Card
11436,4430,2451,2023-05-19,UPI
11437,4545,3622,2023-04-20,Debit Card
11438,8066,420,2023-06-10,Net Banking
11439,301,196,2023-05-25,Credit Card
11440,5194,1793,2023-06-21,UPI
11441,8666,4830,2023-06-28,Credit Card
11442,4548,1194,2023-04-25,Net Banking
11443,5421,3447,2023-04-12,Credit Card
11444,1085,4773,2023-03-25,UPI
11445,7549,1615,2023-05-09,Net Banking
11446,3356,1732,2023-06-24,Credit Card
11447,3494,1207,2023-06-07,Debit Card
11448,8442,3363,2023-05-21,Credit Card
11449,3804,2066,2023-05-27,UPI
11450,6891,4791,2023-03-18,Credit Card
11451,2657,451,2023-06-29,Net Banking
11452,7288,3177,2023-06-11,Net Banking
11453,8027,2087,2023-05-21,Net Banking
11454,690,3620,2023-05-24,Debit Card
11455,903,714,2023-06-29,Net Banking
11456,6204,127,2023-02-12,Credit Card
11457,5162,817,2023-05-02,Debit Card
11458,1119,279,2023-06-28,Net Banking
11459,4087,1145,2023-06-10,Net Banking
11460,4620,3064,2023-06-22,Credit Card
11461,9665,3893,2023-05-31,Credit Card
11462,267,3922,2023-04-24,Net Banking
11463,9467,3151,2023-05-28,Credit Card
11464,9085,3504,2023-05-28,Credit Card
11465,8900,1367,2023-03-01,Credit Card
11466,7313,2068,2023-01-30,Net Banking
11467,9221,3406,2023-05-29,Credit Card
11468,5649,2227,2023-06-17,Net Banking
11469,5601,2470,2023-03-21,Net Banking
11470,9763,814,2023-02-27,Credit Card
11471,7999,4544,2023-04-21,UPI
11472,9321,3480,2023-06-03,Net Banking
11473,7849,2699,2023-04-25,Net Banking
11474,7383,4733,2023-06-27,UPI
11475,3428,4262,2023-04-18,UPI
11476,8940,3513,2023-03-06,Net Banking
11477,6142,2464,2023-05-18,Net Banking
11478,4354,977,2023-03-25,Credit Card
11479,3567,4837,2023-04-13,Credit Card
11480,5431,1596,2023-05-31,Net Banking
11481,7660,1334,2023-03-11,Credit Card
11482,1927,116,2023-06-19,UPI
11483,1874,453,2023-06-16,Net Banking
11484,6986,1716,2023-06-27,UPI
11485,3892,308,2023-06-12,Debit Card
11486,933,1011,2023-05-24,Debit Card
11487,8508,4848,2023-04-23,Credit Card
11488,317,624,2023-04-23,Debit Card
11489,7261,268,2023-06-25,Debit Card
11490,3994,1277,2023-05-19,UPI
11491,5103,4041,2023-05-30,Debit Card
11492,4091,1457,2023-05-21,UPI
11493,998,3038,2023-05-18,Net Banking
11494,9573,4973,2023-05-14,Net Banking
11495,282,224,2023-06-24,Credit Card
11496,8007,4082,2023-06-27,Net Banking
11497,6176,3418,2023-06-17,Net Banking
11498,7587,4667,2023-01-29,UPI
11499,3038,779,2023-06-19,UPI
11500,4955,1135,2023-05-23,Debit Card
11501,5928,471,2023-05-21,Net Banking
11502,6540,2588,2023-06-01,Debit Card
11503,6861,610,2023-03-12,Net Banking
11504,779,809,2023-04-04,Debit Card
11505,8041,1314,2023-02-21,UPI
11506,7800,1086,2023-05-16,UPI
11507,6107,4772,2023-02-05,Debit Card
11508,2884,1572,2023-02-28,Debit Card
11509,281,3688,2023-06-26,Credit Card
11510,9703,4947,2023-06-29,Credit Card
11511,8189,1660,2023-05-21,Net Banking
11512,1439,4907,2023-06-17,Net Banking
11513,6771,1806,2023-03-30,Debit Card
11514,1000,2012,2023-06-27,Credit Card
11515,8906,962,2023-06-05,UPI
11516,7025,105,2023-05-26,Debit Card
11517,7803,4115,2023-06-20,Debit Card
11518,9735,984,2023-06-29,UPI
11519,6044,3606,2023-06-25,UPI
11520,5158,3348,2023-06-22,Debit Card
11521,5993,1411,2023-05-12,UPI
11522,1817,654,2023-05-22,UPI
11523,5090,1306,2023-03-19,Debit Card
11524,3125,3115,2023-06-29,Net Banking
11525,6786,523,2023-06-14,Net Banking
11526,2949,1362,2023-06-29,Credit Card
11527,5370,2537,2023-06-21,Debit Card
11528,2704,4544,2023-06-10,Credit Card
11529,3656,366,2023-05-16,Net Banking
11530,9465,1042,2023-06-28,Debit Card
11531,1198,3699,2023-06-29,UPI
11532,7771,966,2023-05-26,Credit Card
11533,6022,1492,2023-05-11,Credit Card
11534,6922,3214,2023-05-07,Credit Card
11535,3770,2108,2023-04-16,UPI
11536,387,469,2023-05-29,Debit Card
11537,9823,4535,2023-05-03,Debit Card
11538,3982,3196,2023-06-09,UPI
11539,2923,1877,2023-06-12,UPI
11540,7467,3963,2023-02-23,Credit Card
11541,7009,3684,2023-02-08,Credit Card
11542,4687,1078,2023-05-06,UPI
11543,9151,1220,2023-04-29,UPI
11544,7416,2196,2023-06-25,Net Banking
11545,9818,1112,2023-06-09,Credit Card
11546,3276,2395,2023-02-23,Debit Card
11547,2870,2634,2023-06-16,UPI
11548,1302,4565,2023-02-12,Credit Card
11549,6900,4481,2023-06-29,Net Banking
11550,7096,4353,2023-02-23,Credit Card
11551,5569,3837,2023-06-28,Debit Card
11552,3038,598,2023-06-07,Credit Card
11553,1174,2490,2023-06-29,Debit Card
11554,4526,3222,2023-06-21,UPI
11555,2410,4196,2023-04-24,Net Banking
11556,1334,3969,2023-02-08,Net Banking
11557,8988,1052,2023-04-27,Debit Card
11558,1486,4468,2023-05-28,Net Banking
11559,4032,2703,2023-05-12,Debit Card
11560,2431,2516,2023-03-25,Credit Card
11561,1266,587,2023-06-02,Net Banking
11562,7437,2518,2023-05-15,UPI
11563,594,4822,2023-06-21,Debit Card
11564,3299,4161,2023-06-05,Credit Card
11565,1579,3226,2023-06-17,UPI
11566,6874,307,2023-06-23,Debit Card
11567,7364,1531,2023-04-10,Credit Card
11568,4456,1993,2023-02-19,Credit Card
11569,8384,2283,2023-06-23,Debit Card
11570,7435,4944,2023-06-23,Credit Card
11571,5520,1185,2023-05-02,UPI
11572,2605,2566,2023-06-02,Debit Card
11573,7254,246,2023-06-14,Credit Card
11574,6776,2833,2023-06-12,Debit Card
11575,1842,4491,2023-05-18,Net Banking
11576,7854,4874,2023-06-08,Net Banking
11577,9626,4781,2023-06-29,Debit Card
11578,4193,2463,2023-04-02,Net Banking
11579,1353,1099,2023-04-07,Credit Card
11580,4565,3310,2023-06-15,Credit Card
11581,3226,1503,2023-06-18,Net Banking
11582,7072,3396,2023-04-24,Credit Card
11583,1821,445,2023-05-27,Debit Card
11584,8729,4725,2023-04-03,Credit Card
11585,1515,956,2023-05-22,Debit Card
11586,3066,2130,2023-03-06,Debit Card
11587,377,4650,2023-05-19,Credit Card
11588,4216,1278,2023-05-18,Debit Card
11589,7784,4743,2023-05-18,Debit Card
11590,8849,3510,2023-04-20,Credit Card
11591,9870,2109,2023-06-07,Net Banking
11592,9576,3513,2023-04-18,Net Banking
11593,4007,1363,2023-06-28,UPI
11594,7269,841,2023-06-23,Credit Card
11595,7870,1935,2023-06-07,Net Banking
11596,3641,4321,2023-05-20,Net Banking
11597,2849,1308,2023-06-11,Credit Card
11598,3356,2262,2023-06-12,Credit Card
11599,7680,4928,2023-06-04,Credit Card
11600,5269,3671,2023-06-25,Credit Card
11601,9837,2205,2023-05-18,Debit Card
11602,4104,4892,2023-06-11,Debit Card
11603,4965,2989,2023-06-01,Net Banking
11604,5995,1937,2023-03-20,Net Banking
11605,7536,4646,2023-06-28,Net Banking
11606,1206,2254,2023-06-10,Credit Card
11607,6232,604,2023-04-16,Debit Card
11608,1676,717,2023-05-30,Credit Card
11609,8686,2552,2023-05-27,Debit Card
11610,710,1578,2023-04-12,UPI
11611,7856,1958,2023-03-23,Net Banking
11612,3299,4772,2023-06-07,Net Banking
11613,6160,4107,2023-05-16,Debit Card
11614,8356,2213,2023-06-18,UPI
11615,700,4078,2023-06-05,UPI
11616,40,531,2023-06-05,Debit Card
11617,7484,2838,2023-06-12,Net Banking
11618,7226,2895,2023-03-17,Credit Card
11619,9233,515,2023-02-10,UPI
11620,1382,412,2023-06-12,Net Banking
11621,5433,795,2023-05-12,UPI
11622,9070,884,2023-03-08,Debit Card
11623,6241,1817,2023-03-14,UPI
11624,5828,4548,2023-06-27,Net Banking
11625,7833,4159,2023-04-14,Net Banking
11626,4713,645,2023-04-05,Net Banking
11627,9762,4082,2023-05-23,UPI
11628,1273,2141,2023-05-24,Net Banking
11629,9347,724,2023-06-28,Debit Card
11630,7886,2023,2023-05-22,Debit Card
11631,2501,3831,2023-06-19,Credit Card
11632,3681,4052,2023-06-19,Credit Card
11633,1905,878,2023-06-23,UPI
11634,4671,4359,2023-06-29,Debit Card
11635,7573,2363,2023-05-04,Net Banking
11636,1121,3292,2023-03-23,Net Banking
11637,8314,4346,2023-06-11,Credit Card
11638,8214,3825,2023-02-04,Debit Card
11639,8546,3427,2023-05-09,UPI
11640,8163,1750,2023-02-19,Credit Card
11641,7583,3477,2023-06-17,Net Banking
11642,2195,955,2023-05-03,Credit Card
11643,8767,337,2023-06-27,Net Banking
11644,399,4252,2023-05-02,Net Banking
11645,9598,3013,2023-05-18,UPI
11646,8875,2893,2023-01-13,Debit Card
11647,1962,611,2023-01-24,Net Banking
11648,2463,2866,2023-06-20,Credit Card
11649,6229,589,2023-06-20,Net Banking
11650,6241,4969,2023-05-13,UPI
11651,241,2083,2023-05-04,Net Banking
11652,8979,271,2023-05-30,UPI
11653,4463,2522,2023-06-24,Credit Card
11654,5128,1350,2023-05-08,UPI
11655,5269,1003,2023-06-29,UPI
11656,4699,4444,2023-05-10,UPI
11657,9486,2935,2023-05-17,Net Banking
11658,3159,2618,2023-06-18,Debit Card
11659,6985,1519,2023-05-04,UPI
11660,3920,4848,2023-04-24,UPI
11661,27,422,2023-06-02,Net Banking
11662,3017,4475,2023-06-01,UPI
11663,5721,318,2023-06-03,Debit Card
11664,4403,3004,2023-03-11,Net Banking
11665,982,518,2023-06-23,Credit Card
11666,9618,2106,2023-05-21,Debit Card
11667,2796,2456,2023-06-16,Credit Card
11668,1052,3043,2023-06-28,Net Banking
11669,3256,2247,2023-06-27,Debit Card
11670,9781,2108,2023-05-27,UPI
11671,1041,3032,2023-06-07,Debit Card
11672,3253,3806,2023-05-23,Net Banking
11673,1215,463,2023-06-28,Credit Card
11674,7780,1128,2023-06-21,UPI
11675,3035,3247,2023-05-29,Net Banking
11676,6668,4149,2023-05-30,UPI
11677,5631,4731,2023-06-18,Credit Card
11678,4115,3131,2023-06-29,Credit Card
11679,9978,3862,2023-03-25,Credit Card
11680,5383,1861,2023-05-13,Credit Card
11681,4947,1346,2023-06-24,UPI
11682,4755,3888,2023-04-16,Net Banking
11683,1768,1367,2023-06-29,Net Banking
11684,9644,1343,2023-06-22,Debit Card
11685,2564,3329,2023-06-05,Debit Card
11686,3358,3375,2023-04-22,UPI
11687,6187,2847,2023-06-25,Net Banking
11688,2194,2513,2023-04-05,Net Banking
11689,623,194,2023-06-28,Debit Card
11690,5441,2603,2023-06-01,Debit Card
11691,3551,4542,2023-06-21,Net Banking
11692,5788,468,2023-04-04,Credit Card
11693,6146,4901,2023-04-27,Net Banking
11694,4695,2049,2023-05-01,UPI
11695,2509,3973,2023-02-04,UPI
11696,2597,2633,2023-05-20,UPI
11697,320,465,2023-06-14,Debit Card
11698,1477,517,2023-06-24,Debit Card
11699,1833,790,2023-06-14,Credit Card
11700,5217,3836,2023-06-28,Debit Card
11701,9208,4414,2023-04-23,UPI
11702,8172,4937,2023-06-15,Net Banking
11703,4481,1716,2023-05-16,Debit Card
11704,3972,2134,2023-05-25,Net Banking
11705,7031,3420,2023-06-10,Credit Card
11706,1429,2174,2023-06-15,Debit Card
11707,3857,1664,2023-06-16,Debit Card
11708,3274,3936,2023-04-22,Debit Card
11709,7574,2188,2023-06-22,Credit Card
11710,5009,3545,2023-05-19,UPI
11711,4169,1965,2023-05-26,UPI
11712,5617,2373,2023-02-07,Debit Card
11713,7552,316,2023-06-26,Credit Card
11714,5287,2610,2023-06-24,Net Banking
11715,267,732,2023-06-10,Net Banking
11716,5626,606,2023-05-31,Debit Card
11717,412,1082,2023-06-26,Net Banking
11718,6304,2023,2023-06-26,Credit Card
11719,5411,1741,2023-05-09,Net Banking
11720,8292,1823,2023-04-21,UPI
11721,169,436,2023-06-23,Net Banking
11722,7345,4637,2023-06-15,Debit Card
11723,3437,3507,2023-06-13,Net Banking
11724,3447,2091,2023-06-20,Credit Card
11725,5094,1696,2023-04-05,Debit Card
11726,3843,210,2023-06-14,Net Banking
11727,952,3548,2023-05-06,Credit Card
11728,9725,871,2023-04-12,Net Banking
11729,8052,3686,2023-03-06,Credit Card
11730,7796,489,2023-05-25,Credit Card
11731,7979,3376,2023-06-27,UPI
11732,4606,1253,2023-06-12,Net Banking
11733,8730,4167,2023-05-23,Debit Card
11734,8290,3211,2023-04-13,UPI
11735,9053,2576,2023-03-30,UPI
11736,1533,1598,2023-05-01,Net Banking
11737,7840,2212,2023-06-29,Net Banking
11738,6964,3190,2023-05-08,UPI
11739,1752,4795,2023-06-13,Debit Card
11740,5740,766,2023-03-20,UPI
11741,3866,4528,2023-05-01,Credit Card
11742,8801,992,2023-05-15,UPI
11743,8476,2867,2023-04-07,Net Banking
11744,1285,1938,2023-02-28,Debit Card
11745,7671,3445,2023-06-19,Debit Card
11746,1384,692,2023-05-02,Debit Card
11747,2576,3758,2023-06-15,UPI
11748,5308,439,2023-04-27,UPI
11749,8225,1830,2023-03-01,Debit Card
11750,3566,1051,2023-03-19,Debit Card
11751,3284,421,2023-06-18,Debit Card
11752,5494,2237,2023-06-16,UPI
11753,6751,1467,2023-06-16,Credit Card
11754,9110,2235,2023-06-15,UPI
11755,7466,2659,2023-06-21,Net Banking
11756,1328,3629,2023-04-07,UPI
11757,9642,3905,2023-05-17,UPI
11758,9586,886,2023-06-16,Credit Card
11759,5484,1716,2023-04-10,Net Banking
11760,7982,2394,2023-06-12,Net Banking
11761,1717,1825,2023-06-28,Credit Card
11762,1507,4949,2023-06-20,Credit Card
11763,6394,585,2023-06-04,Debit Card
11764,9461,122,2023-03-30,Credit Card
11765,5446,909,2023-05-20,Debit Card
11766,4689,2456,2023-01-31,Debit Card
11767,6749,2751,2023-05-27,UPI
11768,1384,3266,2023-06-12,Debit Card
11769,3203,1720,2023-06-20,Net Banking
11770,6265,1916,2023-06-13,Credit Card
11771,3946,3100,2023-04-30,UPI
11772,6460,3316,2023-03-15,Credit Card
11773,6218,259,2023-06-25,Debit Card
11774,7343,4859,2023-05-18,UPI
11775,106,3903,2023-04-14,UPI
11776,6268,623,2023-05-26,UPI
11777,3920,4644,2023-03-01,Credit Card
11778,6271,450,2023-06-12,UPI
11779,8923,4609,2023-06-17,Net Banking
11780,8461,2668,2023-06-16,Credit Card
11781,8181,3735,2023-06-08,Debit Card
11782,5315,1642,2023-05-24,Credit Card
11783,1419,2380,2023-05-26,Credit Card
11784,8947,810,2023-05-26,UPI
11785,4121,4477,2023-04-10,Debit Card
11786,8450,1751,2023-06-25,UPI
11787,4723,388,2023-06-01,Net Banking
11788,8614,1267,2023-06-02,Credit Card
11789,8747,3243,2023-05-23,Credit Card
11790,9311,2389,2023-06-07,UPI
11791,9079,3428,2023-06-25,Debit Card
11792,8345,4483,2023-06-07,Net Banking
11793,8662,667,2023-06-20,Credit Card
11794,5210,1399,2023-05-31,Debit Card
11795,8894,3377,2023-03-15,Debit Card
11796,4807,2895,2023-06-11,Debit Card
11797,399,3164,2023-05-07,UPI
11798,6390,3004,2023-06-29,Net Banking
11799,7988,4278,2023-06-23,Credit Card
11800,1203,432,2023-03-09,Net Banking
11801,4036,1715,2023-06-21,Net Banking
11802,5167,4438,2023-04-24,Credit Card
11803,6416,2161,2023-04-22,UPI
11804,2805,2800,2023-05-08,UPI
11805,4339,3163,2023-06-21,Net Banking
11806,3234,434,2023-04-22,Credit Card
11807,7720,3447,2023-05-28,Net Banking
11808,4842,1854,2023-03-09,Net Banking
11809,5268,271,2023-06-16,Credit Card
11810,1429,3395,2023-03-24,Credit Card
11811,9555,2898,2023-06-25,Net Banking
11812,2734,414,2023-06-23,Debit Card
11813,5940,1186,2023-04-03,UPI
11814,6448,1560,2023-06-19,Debit Card
11815,9436,3019,2023-06-17,Credit Card
11816,7521,2861,2023-06-21,UPI
11817,5170,4970,2023-06-23,Credit Card
11818,3938,956,2023-06-21,UPI
11819,2010,520,2023-05-16,Net Banking
11820,3006,4406,2023-04-20,Credit Card
11821,594,1181,2023-06-21,Credit Card
11822,7226,4494,2023-02-27,UPI
11823,8453,676,2023-03-03,Debit Card
11824,1320,4656,2023-05-12,Credit Card
11825,3762,1874,2023-04-16,Debit Card
11826,7253,1981,2023-03-05,Credit Card
11827,1185,4757,2023-06-25,Net Banking
11828,7418,4048,2023-05-10,Credit Card
11829,7177,3491,2023-04-21,Credit Card
11830,631,4288,2023-06-21,UPI
11831,1310,832,2023-05-15,Debit Card
11832,5924,4199,2023-06-27,Debit Card
11833,5045,1302,2023-06-26,UPI
11834,6129,3520,2023-06-28,Debit Card
11835,4263,1676,2023-04-16,Debit Card
11836,7824,3290,2023-05-05,Net Banking
11837,8396,4799,2023-06-04,Net Banking
11838,2728,2508,2023-06-10,Debit Card
11839,3061,4210,2023-06-28,Debit Card
11840,3223,3585,2023-06-24,Debit Card
11841,960,1395,2023-05-11,UPI
11842,9640,3951,2023-05-25,Credit Card
11843,8448,2440,2023-06-19,Net Banking
11844,247,2352,2023-06-18,Credit Card
11845,7872,2351,2023-05-16,Credit Card
11846,636,811,2023-06-07,UPI
11847,862,2005,2023-06-19,Debit Card
11848,4505,4846,2023-05-18,Net Banking
11849,4262,1458,2023-04-05,Net Banking
11850,6200,2148,2023-04-17,Net Banking
11851,6183,3479,2023-05-15,UPI
11852,8400,991,2023-06-26,UPI
11853,8208,682,2023-06-19,Debit Card
11854,89,669,2023-06-04,Net Banking
11855,7480,2252,2023-06-13,Debit Card
11856,7573,4925,2023-06-20,Debit Card
11857,5886,2323,2023-05-02,Debit Card
11858,6775,477,2023-03-29,UPI
11859,9538,1581,2023-06-17,Credit Card
11860,2347,1097,2023-06-25,Net Banking
11861,3179,2134,2023-06-25,Credit Card
11862,4005,1640,2023-05-27,Net Banking
11863,4158,2335,2023-02-16,Credit Card
11864,7909,2792,2023-05-12,Credit Card
11865,5417,2753,2023-05-13,Net Banking
11866,827,3341,2023-05-23,Debit Card
11867,2454,2480,2023-06-15,Credit Card
11868,8930,2796,2023-05-08,Credit Card
11869,8985,2999,2023-06-07,Debit Card
11870,7390,250,2023-06-29,Net Banking
11871,1343,1059,2023-06-25,Net Banking
11872,8714,676,2023-05-07,UPI
11873,8200,4415,2023-06-01,Credit Card
11874,5665,3565,2023-02-03,Credit Card
11875,1374,1460,2023-04-29,Debit Card
11876,431,194,2023-06-25,Debit Card
11877,7145,602,2023-03-16,Credit Card
11878,2445,1855,2023-06-02,UPI
11879,1234,4061,2023-05-30,Debit Card
11880,7486,1574,2023-06-17,Credit Card
11881,8670,2706,2023-05-15,Debit Card
11882,4374,1154,2023-06-12,Debit Card
11883,479,1740,2023-04-20,Net Banking
11884,8635,1470,2023-04-03,Debit Card
11885,2367,3779,2023-05-31,Credit Card
11886,4535,180,2023-05-08,Credit Card
11887,7288,1137,2023-06-10,Credit Card
11888,5496,2421,2023-06-07,Net Banking
11889,1329,2622,2023-05-27,UPI
11890,4664,1413,2023-03-14,UPI
11891,724,1012,2023-04-07,UPI
11892,9512,3398,2023-05-06,Debit Card
11893,320,1473,2023-06-27,Debit Card
11894,1360,3831,2023-06-18,Net Banking
11895,5421,3285,2023-04-15,Net Banking
11896,4284,4848,2023-06-15,Net Banking
11897,1848,2938,2023-03-26,Credit Card
11898,4284,3420,2023-06-13,Credit Card
11899,8546,1730,2023-04-26,Debit Card
11900,2956,1852,2023-05-02,UPI
11901,9782,1931,2023-06-05,Credit Card
11902,9823,1606,2023-05-26,Credit Card
11903,6668,3921,2023-05-14,Debit Card
11904,7896,1641,2023-05-22,Debit Card
11905,3130,3173,2023-05-20,Credit Card
11906,3065,3404,2023-06-17,Net Banking
11907,4550,4075,2023-06-22,Credit Card
11908,3,804,2023-06-18,Debit Card
11909,8806,4731,2023-06-24,Net Banking
11910,2537,869,2023-06-16,Net Banking
11911,5867,1429,2023-06-06,Net Banking
11912,8368,726,2023-03-04,UPI
11913,9703,3910,2023-06-10,Credit Card
11914,7286,578,2023-06-13,Net Banking
11915,7916,3671,2023-05-16,Credit Card
11916,1242,2122,2023-04-08,Net Banking
11917,9410,4975,2023-05-31,UPI
11918,3686,534,2023-03-16,UPI
11919,8300,2595,2023-06-19,Net Banking
11920,485,1408,2023-06-07,Net Banking
11921,6510,2873,2023-06-27,Debit Card
11922,981,1593,2023-05-15,Net Banking
11923,3436,941,2023-06-24,UPI
11924,1125,2827,2023-02-01,Credit Card
11925,2271,3874,2023-05-07,UPI
11926,6699,3721,2023-02-12,UPI
11927,4191,4717,2023-06-29,Debit Card
11928,7721,1077,2023-04-30,Credit Card
11929,4367,2317,2023-01-02,UPI
11930,7629,4058,2023-06-26,UPI
11931,5508,514,2023-03-21,UPI
11932,8314,3866,2023-05-25,Credit Card
11933,6122,4052,2023-06-21,Credit Card
11934,7208,3007,2023-06-24,Credit Card
11935,5307,4386,2023-06-28,UPI
11936,5814,3776,2023-03-31,Net Banking
11937,2203,1555,2023-05-29,UPI
11938,9307,712,2023-06-18,Credit Card
11939,8511,605,2023-05-15,UPI
11940,2803,4378,2023-05-13,Net Banking
11941,7426,1774,2023-04-03,Credit Card
11942,9037,4595,2023-06-20,Debit Card
11943,2383,325,2023-03-18,Net Banking
11944,8195,355,2023-04-04,Debit Card
11945,7064,2149,2023-06-15,Credit Card
11946,2835,1653,2023-05-13,Credit Card
11947,3730,4726,2023-05-29,Debit Card
11948,9173,2160,2023-05-02,UPI
11949,2760,1878,2023-04-06,Net Banking
11950,5786,2062,2023-05-18,Credit Card
11951,8631,253,2023-06-13,UPI
11952,1632,341,2023-06-06,Credit Card
11953,4440,2228,2023-03-04,UPI
11954,2577,1257,2023-06-10,Debit Card
11955,7723,452,2023-06-28,Credit Card
11956,6330,4262,2023-06-09,Net Banking
11957,8602,4850,2023-04-20,Credit Card
11958,4228,3658,2023-06-27,Credit Card
11959,7900,2548,2023-05-07,Net Banking
11960,9728,4479,2023-05-27,Debit Card
11961,7812,3268,2023-03-04,UPI
11962,9683,4953,2023-06-25,Debit Card
11963,6071,4358,2023-05-11,Net Banking
11964,411,3164,2023-04-21,Debit Card
11965,6352,4884,2023-06-09,Credit Card
11966,1055,907,2023-05-28,Credit Card
11967,87,3345,2023-01-22,Net Banking
11968,7083,2723,2023-05-19,Net Banking
11969,8686,3474,2023-03-07,Net Banking
11970,1155,461,2023-06-20,Net Banking
11971,546,987,2023-06-07,Credit Card
11972,7031,3017,2023-06-11,Net Banking
11973,9487,1351,2023-05-27,Credit Card
11974,5686,1955,2023-05-08,Debit Card
11975,9289,2950,2023-02-20,Debit Card
11976,4065,4500,2023-06-03,Debit Card
11977,1459,103,2023-06-23,Credit Card
11978,7232,2898,2023-05-24,Debit Card
11979,2321,3455,2023-06-23,UPI
11980,5350,2062,2023-04-15,Debit Card
11981,1234,3935,2023-03-29,Net Banking
11982,4947,1824,2023-06-07,Debit Card
11983,563,339,2023-06-25,Debit Card
11984,2113,3295,2023-05-10,Net Banking
11985,6847,184,2023-03-29,Debit Card
11986,7343,4784,2023-05-21,Debit Card
11987,441,2509,2023-05-27,Credit Card
11988,7630,3967,2023-03-28,Debit Card
11989,2522,423,2023-06-19,Credit Card
11990,9232,3255,2023-04-17,Credit Card
11991,5223,4759,2023-06-17,Debit Card
11992,3424,3690,2023-06-09,UPI
11993,9238,821,2023-06-14,UPI
11994,1859,3270,2023-06-03,Net Banking
11995,3494,248,2023-06-22,Debit Card
11996,5845,4824,2023-05-05,Debit Card
11997,6507,3147,2023-02-07,UPI
11998,1194,3034,2023-06-27,Debit Card
11999,5787,3544,2023-06-26,Credit Card
12000,4461,3282,2023-03-31,UPI
12001,3002,3940,2023-06-20,Net Banking
12002,3199,3255,2023-05-06,Net Banking
12003,1708,878,2023-06-01,Net Banking
12004,6187,3576,2023-05-15,Credit Card
12005,6751,1224,2023-05-17,UPI
12006,4305,3039,2023-05-21,UPI
12007,3779,1312,2023-05-16,UPI
12008,1927,4411,2023-06-16,Credit Card
12009,2306,1005,2023-06-17,Debit Card
12010,3869,1927,2023-06-29,Credit Card
12011,1051,935,2023-06-26,Net Banking
12012,782,2425,2023-06-29,UPI
12013,4293,3632,2023-06-18,UPI
12014,1059,2477,2023-06-14,Credit Card
12015,33,4661,2023-06-29,Debit Card
12016,6257,4797,2023-05-01,UPI
12017,8940,3321,2023-05-31,Debit Card
12018,5864,1405,2023-06-19,Debit Card
12019,1425,4795,2023-05-07,UPI
12020,5774,4980,2023-06-12,Net Banking
12021,624,1572,2023-06-27,UPI
12022,4119,4491,2023-06-22,Credit Card
12023,269,358,2023-06-19,Net Banking
12024,591,462,2023-06-23,Credit Card
12025,1491,2568,2023-06-22,Credit Card
12026,4235,2721,2023-03-26,Net Banking
12027,9694,2129,2023-06-29,Credit Card
12028,8102,2627,2023-05-15,Credit Card
12029,6837,4280,2023-05-22,Debit Card
12030,4149,4985,2023-06-16,Debit Card
12031,4379,4923,2023-06-24,Debit Card
12032,187,4765,2023-05-14,UPI
12033,8100,3517,2023-06-22,Net Banking
12034,7996,3934,2023-03-27,Debit Card
12035,1793,1816,2023-06-29,Net Banking
12036,7171,380,2023-06-25,Credit Card
12037,9525,3915,2023-05-03,Credit Card
12038,6106,3481,2023-06-13,UPI
12039,7692,1528,2023-06-29,Credit Card
12040,8485,627,2023-05-24,UPI
12041,312,4564,2023-05-07,Debit Card
12042,7655,1698,2023-06-11,UPI
12043,5752,1160,2023-06-03,Net Banking
12044,242,3701,2023-06-09,Credit Card
12045,211,4766,2023-05-21,Net Banking
12046,2410,1345,2023-04-13,UPI
12047,8053,4523,2023-05-20,Credit Card
12048,9726,410,2023-04-28,Debit Card
12049,9188,605,2023-05-27,UPI
12050,7870,1300,2023-05-03,UPI
12051,8959,2013,2023-06-19,Net Banking
12052,9546,553,2023-06-12,Credit Card
12053,9499,1584,2023-05-26,Net Banking
12054,9492,4846,2023-06-25,Net Banking
12055,6761,1542,2023-06-27,Credit Card
12056,4107,1219,2023-06-09,UPI
12057,880,4260,2023-06-19,Debit Card
12058,7665,609,2023-06-09,Debit Card
12059,7863,3688,2023-04-19,Credit Card
12060,4107,313,2023-06-20,Net Banking
12061,2506,4203,2023-03-09,Credit Card
12062,4121,3093,2023-06-17,Credit Card
12063,7962,3180,2023-02-26,Net Banking
12064,4349,2982,2023-06-21,Net Banking
12065,4311,1305,2023-04-24,Net Banking
12066,1583,4294,2023-04-16,Net Banking
12067,6453,1335,2023-06-22,UPI
12068,409,344,2023-06-18,Debit Card
12069,5631,2462,2023-06-19,Debit Card
12070,3773,2614,2023-06-16,UPI
12071,2409,3142,2023-06-22,Credit Card
12072,2880,3203,2023-06-22,Net Banking
12073,7650,1073,2023-06-14,Net Banking
12074,3944,601,2023-03-13,Net Banking
12075,7973,1286,2023-04-08,Credit Card
12076,7936,781,2023-03-12,UPI
12077,2271,2799,2023-05-29,Credit Card
12078,2909,1359,2023-06-10,Debit Card
12079,4202,3886,2023-05-08,UPI
12080,1106,2581,2023-05-01,Credit Card
12081,6129,3577,2023-06-28,UPI
12082,5038,2249,2023-06-27,UPI
12083,98,2610,2023-04-20,Credit Card
12084,2486,4871,2023-06-17,Debit Card
12085,1839,1129,2023-03-26,Credit Card
12086,6183,875,2023-01-08,UPI
12087,3938,1177,2023-05-01,Credit Card
12088,5616,2745,2023-05-27,Net Banking
12089,4530,328,2023-02-07,UPI
12090,6694,2149,2023-04-02,Credit Card
12091,760,2528,2023-06-09,UPI
12092,8364,450,2023-06-23,Net Banking
12093,3822,2963,2023-04-12,Credit Card
12094,2537,362,2023-06-20,UPI
12095,5231,4363,2023-05-03,Net Banking
12096,8865,1128,2023-05-14,Credit Card
12097,1375,941,2023-06-19,Net Banking
12098,6032,3479,2023-04-24,Net Banking
12099,4510,4037,2023-03-22,UPI
12100,7929,4224,2023-06-29,Debit Card
12101,2533,3250,2023-06-06,Debit Card
12102,919,4487,2023-05-09,Credit Card
12103,8939,4269,2023-06-19,Credit Card
12104,9467,178,2023-06-03,Credit Card
12105,6738,4562,2023-06-28,UPI
12106,9471,1179,2023-03-01,Debit Card
12107,2746,3693,2023-05-05,Net Banking
12108,6300,3684,2023-03-02,Credit Card
12109,1574,3481,2023-04-26,Debit Card
12110,4461,4947,2023-04-04,Debit Card
12111,3166,2498,2023-06-01,Net Banking
12112,8841,4763,2023-06-16,Debit Card
12113,8785,3061,2023-05-15,UPI
12114,9180,1216,2023-05-28,UPI
12115,4442,899,2023-05-23,Net Banking
12116,2262,663,2023-06-24,Credit Card
12117,6340,801,2023-05-25,Net Banking
12118,8261,1845,2023-02-25,Credit Card
12119,903,1054,2023-06-29,Credit Card
12120,3134,122,2023-05-19,UPI
12121,2075,2358,2023-05-08,Credit Card
12122,8730,4656,2023-05-31,Debit Card
12123,4957,2592,2023-05-10,UPI
12124,7735,4893,2023-01-18,Net Banking
12125,4423,4014,2023-06-08,UPI
12126,6149,190,2023-06-09,Net Banking
12127,6180,3831,2023-06-19,Debit Card
12128,4399,3131,2023-03-30,Net Banking
12129,9585,4935,2023-06-03,Credit Card
12130,4506,2584,2023-05-30,Debit Card
12131,7423,1187,2023-06-19,UPI
12132,7872,3686,2023-05-19,Net Banking
12133,6453,3910,2023-01-27,Net Banking
12134,8835,2692,2023-05-01,UPI
12135,3533,4794,2023-06-22,UPI
12136,3261,1140,2023-05-16,Debit Card
12137,7742,2587,2023-06-29,Net Banking
12138,6361,560,2023-05-11,UPI
12139,7645,643,2023-06-22,Debit Card
12140,6281,716,2023-06-20,Net Banking
12141,5360,4238,2023-02-13,Net Banking
12142,2285,4584,2023-05-01,UPI
12143,943,3681,2023-06-24,Credit Card
12144,9006,3909,2023-06-24,Debit Card
12145,5813,3306,2023-06-27,Credit Card
12146,1103,2607,2023-06-04,Debit Card
12147,8688,2004,2023-06-18,Net Banking
12148,6227,3519,2023-06-02,UPI
12149,6806,968,2023-06-24,Debit Card
12150,2511,1960,2023-05-31,Net Banking
12151,1185,3190,2023-05-24,Net Banking
12152,9273,431,2023-06-15,Credit Card
12153,4760,3074,2023-06-23,UPI
12154,3710,1147,2023-02-02,Credit Card
12155,2775,698,2023-06-05,Debit Card
12156,8048,4572,2023-06-12,Net Banking
12157,3802,2182,2023-05-01,Debit Card
12158,4920,3933,2023-05-31,Net Banking
12159,4130,4105,2023-06-23,Debit Card
12160,2492,1456,2023-06-20,Debit Card
12161,5944,3778,2023-04-16,UPI
12162,6388,4227,2023-06-16,Net Banking
12163,7677,3273,2023-04-27,Net Banking
12164,3517,1205,2023-02-03,Net Banking
12165,5687,3776,2023-06-15,Net Banking
12166,9085,4337,2023-06-11,UPI
12167,1126,124,2023-06-02,Net Banking
12168,2898,4675,2023-02-28,Net Banking
12169,7675,1486,2023-05-12,Credit Card
12170,4860,1471,2023-06-12,Debit Card
12171,9460,2423,2023-06-18,UPI
12172,7392,4444,2023-06-26,Credit Card
12173,786,3700,2023-06-20,UPI
12174,262,479,2023-06-13,Credit Card
12175,5460,1807,2023-06-16,UPI
12176,3898,2186,2023-05-02,Net Banking
12177,648,2671,2023-04-30,Net Banking
12178,7226,2917,2023-06-29,Credit Card
12179,7936,4221,2023-03-29,UPI
12180,8307,3895,2023-05-18,UPI
12181,8214,525,2023-04-14,Net Banking
12182,3035,2560,2023-06-29,Credit Card
12183,4541,4866,2023-03-12,Debit Card
12184,880,1277,2023-05-23,Debit Card
12185,6428,1913,2023-02-10,Debit Card
12186,7721,4047,2023-06-07,UPI
12187,9714,2168,2023-04-10,Debit Card
12188,3749,408,2023-05-24,Debit Card
12189,6610,2247,2023-06-19,Debit Card
12190,1359,695,2023-06-27,Debit Card
12191,7359,575,2023-06-18,Debit Card
12192,1894,4148,2023-05-07,Net Banking
12193,9044,4960,2023-05-22,Net Banking
12194,8012,1062,2023-04-13,Net Banking
12195,6071,1721,2023-03-23,UPI
12196,7707,1482,2023-04-02,Credit Card
12197,1924,1868,2023-05-04,Net Banking
12198,421,1944,2023-05-30,Debit Card
12199,9945,2985,2023-06-07,Credit Card
12200,407,1301,2023-05-29,UPI
12201,2195,2158,2023-06-03,UPI
12202,6838,4961,2023-05-09,Credit Card
12203,860,409,2023-06-03,Credit Card
12204,7083,4662,2023-04-03,UPI
12205,3974,670,2023-06-02,Debit Card
12206,8862,3302,2023-05-25,Net Banking
12207,1998,3862,2023-03-08,Credit Card
12208,6129,4158,2023-06-17,Debit Card
12209,47,1715,2023-05-19,Debit Card
12210,2727,178,2023-06-27,Credit Card
12211,559,4182,2023-04-01,Net Banking
12212,1175,4625,2023-06-26,Credit Card
12213,2945,4409,2023-05-25,Debit Card
12214,1156,4372,2023-06-27,UPI
12215,2117,2516,2023-06-28,Debit Card
12216,7488,513,2023-05-04,Debit Card
12217,8839,3059,2023-06-11,Net Banking
12218,7123,4634,2023-06-23,Debit Card
12219,7425,3830,2023-04-17,Credit Card
12220,478,3714,2023-06-29,Credit Card
12221,6500,4962,2023-06-09,UPI
12222,8154,3826,2023-06-19,UPI
12223,8044,3460,2023-02-23,Credit Card
12224,2776,3556,2023-06-14,Debit Card
12225,7509,146,2023-06-28,UPI
12226,627,3394,2023-06-18,Credit Card
12227,847,941,2023-04-10,Credit Card
12228,1937,2898,2023-06-21,Debit Card
12229,6561,4326,2023-06-04,Debit Card
12230,2353,3909,2023-02-19,Credit Card
12231,9052,3021,2023-03-27,Credit Card
12232,3477,4575,2023-06-10,Debit Card
12233,4486,1484,2023-02-19,Debit Card
12234,7287,3681,2023-06-29,Net Banking
12235,5449,4090,2023-05-09,Credit Card
12236,4585,3350,2023-06-22,UPI
12237,6103,4370,2023-05-13,UPI
12238,3221,2356,2023-04-19,UPI
12239,4699,3857,2023-05-30,Debit Card
12240,3666,4751,2023-04-05,Debit Card
12241,7111,933,2023-06-19,Net Banking
12242,1599,2707,2023-06-05,UPI
12243,1991,4550,2023-04-07,Debit Card
12244,7922,885,2023-02-11,Net Banking
12245,21,2739,2023-06-25,UPI
12246,9720,4423,2023-06-12,Credit Card
12247,6330,2412,2023-05-26,Debit Card
12248,4353,1811,2023-06-28,Credit Card
12249,6007,4149,2023-02-05,Credit Card
12250,6603,4106,2023-03-12,UPI
12251,1768,1030,2023-05-04,Net Banking
12252,3499,4905,2023-05-10,Credit Card
12253,5532,3681,2023-04-18,UPI
12254,3736,921,2023-04-02,Credit Card
12255,9707,2521,2023-06-11,Net Banking
12256,2539,2573,2023-03-06,Net Banking
12257,113,4042,2023-06-18,Credit Card
12258,7117,4829,2023-01-11,Net Banking
12259,7549,4567,2023-04-26,Credit Card
12260,9252,1776,2023-04-22,Debit Card
12261,6208,4487,2023-03-02,Debit Card
12262,940,2860,2023-05-24,Debit Card
12263,8678,436,2023-06-22,Net Banking
12264,1471,1024,2023-06-02,Debit Card
12265,3152,3190,2023-05-19,UPI
12266,5463,2173,2023-06-21,Debit Card
12267,7510,3963,2023-03-05,Credit Card
12268,8730,3383,2023-03-07,Net Banking
12269,9465,1294,2023-05-10,Debit Card
12270,1946,4793,2023-02-25,Net Banking
12271,974,3055,2023-06-10,UPI
12272,3220,2840,2023-01-27,UPI
12273,5848,4814,2023-05-13,Debit Card
12274,9666,2571,2023-06-24,Debit Card
12275,1550,882,2023-06-26,Debit Card
12276,7423,3405,2023-06-19,Debit Card
12277,9991,2597,2023-01-08,UPI
12278,8292,2540,2023-04-04,Net Banking
12279,1341,3058,2023-06-26,UPI
12280,3693,3840,2023-06-23,Credit Card
12281,8337,937,2023-05-17,Net Banking
12282,8373,2652,2023-03-25,UPI
12283,6547,1498,2023-06-07,Debit Card
12284,7061,4801,2023-04-10,UPI
12285,3452,1911,2023-06-25,UPI
12286,6853,4211,2023-04-15,Credit Card
12287,9380,4632,2023-05-21,Debit Card
12288,7364,4852,2023-04-23,Debit Card
12289,4160,3999,2023-05-09,Credit Card
12290,4141,4913,2023-05-28,Credit Card
12291,4019,1932,2023-06-04,Debit Card
12292,7576,4975,2023-05-25,Net Banking
12293,7684,397,2023-06-25,Debit Card
12294,6705,1947,2023-04-30,Credit Card
12295,1857,3696,2023-04-24,Debit Card
12296,5187,2432,2023-06-25,Debit Card
12297,1842,1873,2023-05-26,Credit Card
12298,8578,143,2023-06-24,UPI
12299,2647,686,2023-05-31,UPI
12300,6481,3477,2023-04-24,UPI
12301,1064,3707,2023-04-07,Credit Card
12302,4500,698,2023-06-24,Net Banking
12303,2960,4795,2023-05-26,Credit Card
12304,111,3400,2023-02-20,Debit Card
12305,479,3194,2023-03-19,Debit Card
12306,4927,1479,2023-05-23,Net Banking
12307,8578,173,2023-06-27,Debit Card
12308,3967,2453,2023-04-07,Net Banking
12309,2201,4111,2023-04-08,Net Banking
12310,1859,214,2023-06-17,UPI
12311,8164,1067,2023-06-14,Debit Card
12312,8314,2650,2023-06-02,Debit Card
12313,4725,3343,2023-04-12,Debit Card
12314,533,3670,2023-02-10,Debit Card
12315,1567,3743,2023-06-29,UPI
12316,3419,788,2023-05-22,UPI
12317,8329,2208,2023-06-08,Net Banking
12318,1523,2953,2023-06-20,UPI
12319,1915,4784,2023-05-29,Debit Card
12320,4743,1365,2023-05-16,Debit Card
12321,4860,2824,2023-05-15,Credit Card
12322,5465,4516,2023-06-16,Credit Card
12323,9985,2151,2023-06-27,Net Banking
12324,9003,4909,2023-03-25,Net Banking
12325,7079,2537,2023-05-31,Debit Card
12326,6621,716,2023-06-16,Debit Card
12327,6084,4679,2023-05-11,Net Banking
12328,7359,3686,2023-05-04,Net Banking
12329,2089,3300,2023-05-17,Debit Card
12330,2804,4045,2023-05-23,UPI
12331,4015,1554,2023-05-03,UPI
12332,8359,4727,2023-06-01,Debit Card
12333,5901,1724,2023-05-30,Debit Card
12334,1262,4837,2023-02-22,UPI
12335,2377,1755,2023-02-19,Net Banking
12336,737,901,2023-05-13,Net Banking
12337,8477,1862,2023-06-22,Debit Card
12338,9600,3192,2023-06-24,Debit Card
12339,7298,560,2023-06-29,UPI
12340,547,3819,2023-04-25,Credit Card
12341,93,2082,2023-06-19,Net Banking
12342,8269,532,2023-06-14,Debit Card
12343,3962,557,2023-06-07,Debit Card
12344,2213,4917,2023-06-17,Credit Card
12345,7336,3081,2023-05-16,Debit Card
12346,7500,4112,2023-06-27,Debit Card
12347,9267,146,2023-03-17,Net Banking
12348,8130,1966,2023-05-26,Net Banking
12349,9458,1376,2023-06-21,UPI
12350,6228,759,2023-03-13,Debit Card
12351,3967,265,2023-03-26,Debit Card
12352,8443,4360,2023-03-01,Credit Card
12353,4494,278,2023-06-21,Net Banking
12354,9310,4476,2023-06-05,UPI
12355,1930,4797,2023-06-11,Net Banking
12356,4970,4177,2023-06-11,Net Banking
12357,7358,131,2023-06-24,Net Banking
12358,5513,2350,2023-06-22,Debit Card
12359,8888,1935,2023-06-13,Debit Card
12360,5331,3549,2023-06-06,UPI
12361,6364,4326,2023-06-19,Credit Card
12362,650,915,2023-05-16,UPI
12363,5377,2980,2023-05-16,Net Banking
12364,8364,4946,2023-06-12,UPI
12365,2005,1476,2023-06-26,Net Banking
12366,1245,3928,2023-04-28,Debit Card
12367,3471,3284,2023-06-05,UPI
12368,3061,4635,2023-06-12,Credit Card
12369,5544,1388,2023-03-16,Debit Card
12370,3524,3616,2023-04-14,UPI
12371,6353,3642,2023-05-16,Credit Card
12372,6896,4359,2023-06-22,Debit Card
12373,1497,2083,2023-02-16,Net Banking
12374,1955,2291,2023-05-11,Credit Card
12375,1831,2679,2023-05-30,Credit Card
12376,7554,4443,2023-04-05,Debit Card
12377,4958,3681,2023-06-23,UPI
12378,131,2276,2023-06-14,Credit Card
12379,3408,4912,2023-05-27,Debit Card
12380,3974,4974,2023-06-19,UPI
12381,3700,1174,2023-06-29,UPI
12382,9401,2683,2023-06-03,Net Banking
12383,3152,732,2023-06-05,Debit Card
12384,253,2874,2023-06-13,UPI
12385,5098,430,2023-03-05,Debit Card
12386,5553,2045,2023-03-31,Credit Card
12387,229,4400,2023-06-18,UPI
12388,9763,484,2023-01-27,Credit Card
12389,4455,568,2023-05-27,Debit Card
12390,5739,4872,2023-06-02,Net Banking
12391,4511,3468,2023-02-23,UPI
12392,5009,2868,2023-06-20,Debit Card
12393,6893,3998,2023-06-20,Debit Card
12394,4855,2618,2023-01-29,Credit Card
12395,9851,763,2023-05-14,UPI
12396,5789,505,2023-04-26,UPI
12397,3987,832,2023-05-07,UPI
12398,525,3460,2023-06-28,UPI
12399,3227,180,2023-03-06,Net Banking
12400,3426,4580,2023-05-27,Net Banking
12401,3353,1682,2023-06-16,Debit Card
12402,3962,1662,2023-05-11,UPI
12403,9861,981,2023-06-20,UPI
12404,1407,4135,2023-02-10,Credit Card
12405,7305,3792,2023-06-12,Net Banking
12406,1655,2176,2023-06-09,UPI
12407,4490,4386,2023-06-26,UPI
12408,2173,2895,2023-03-21,Credit Card
12409,5997,4123,2023-02-05,UPI
12410,5147,1245,2023-06-12,UPI
12411,8354,2305,2023-06-05,Credit Card
12412,9798,4518,2023-05-23,Credit Card
12413,7584,2650,2023-03-18,Credit Card
12414,50,2166,2023-05-28,Credit Card
12415,6562,1288,2023-03-03,Debit Card
12416,1057,1668,2023-05-09,Debit Card
12417,9844,2807,2023-06-10,Net Banking
12418,2589,491,2023-03-19,Net Banking
12419,7692,266,2023-06-27,UPI
12420,6130,4137,2023-05-04,Net Banking
12421,3131,3625,2023-06-22,UPI
12422,8372,718,2023-03-16,UPI
12423,2545,3593,2023-05-15,Debit Card
12424,7509,3671,2023-06-26,Net Banking
12425,2692,978,2023-05-22,Net Banking
12426,2758,2955,2023-04-07,Debit Card
12427,8667,2615,2023-05-19,Credit Card
12428,8053,2750,2023-06-19,UPI
12429,2986,3426,2023-06-17,Credit Card
12430,9524,627,2023-02-16,Net Banking
12431,5431,3300,2023-06-09,UPI
12432,20,1191,2023-04-19,Net Banking
12433,7065,4467,2023-05-11,UPI
12434,241,3128,2023-05-11,UPI
12435,7003,2456,2023-06-21,Credit Card
12436,1641,4893,2023-05-06,UPI
12437,776,3280,2023-06-13,Credit Card
12438,1977,3334,2023-05-21,UPI
12439,1723,783,2023-03-05,Net Banking
12440,8059,4102,2023-06-29,Net Banking
12441,4359,2907,2023-05-22,Credit Card
12442,7038,3511,2023-03-16,Debit Card
12443,1764,752,2023-02-18,Debit Card
12444,6387,1851,2023-06-24,UPI
12445,6760,716,2023-05-31,Net Banking
12446,480,2681,2023-05-11,Credit Card
12447,3792,1160,2023-06-29,Debit Card
12448,6666,3336,2023-03-20,Credit Card
12449,4155,426,2023-05-24,Credit Card
12450,126,3519,2023-05-03,Debit Card
12451,3706,4514,2023-02-08,Debit Card
12452,7928,4651,2023-03-19,UPI
12453,3112,2209,2023-05-30,UPI
12454,6897,215,2023-04-17,Debit Card
12455,5951,3191,2023-02-18,Credit Card
12456,9514,3580,2023-06-18,Credit Card
12457,7493,4957,2023-06-18,Debit Card
12458,9964,958,2023-06-09,Net Banking
12459,1511,1797,2023-03-27,UPI
12460,882,2086,2023-06-24,Credit Card
12461,1492,1990,2023-05-24,Credit Card
12462,7477,2854,2023-05-17,UPI
12463,923,1109,2023-05-27,Credit Card
12464,8686,1657,2023-04-16,UPI
12465,814,1130,2023-03-19,UPI
12466,2170,459,2023-04-15,UPI
12467,8347,478,2023-02-23,Credit Card
12468,1615,3604,2023-06-28,Net Banking
12469,7463,4528,2023-05-28,Debit Card
12470,1792,1199,2023-06-21,Credit Card
12471,6775,861,2023-03-08,Debit Card
12472,1607,998,2023-06-03,Debit Card
12473,5888,708,2023-06-24,Net Banking
12474,247,4064,2023-05-16,Net Banking
12475,2016,4088,2023-06-17,Credit Card
12476,6733,1716,2023-06-25,Net Banking
12477,8797,2953,2023-05-24,Debit Card
12478,1658,2576,2023-06-09,Debit Card
12479,2989,2583,2023-06-13,UPI
12480,484,4826,2023-03-30,Debit Card
12481,6372,3070,2023-06-28,Debit Card
12482,6929,2793,2023-06-11,UPI
12483,9387,1269,2023-05-21,Net Banking
12484,2870,3892,2023-05-21,Debit Card
12485,6183,4126,2023-06-17,Net Banking
12486,4179,733,2023-06-12,UPI
12487,3298,449,2023-06-23,UPI
12488,5273,4185,2023-06-25,UPI
12489,7784,3924,2023-03-20,Net Banking
12490,2260,1661,2023-06-17,Net Banking
12491,6874,2803,2023-05-19,Credit Card
12492,4587,3225,2023-05-24,UPI
12493,2438,3571,2023-02-06,Net Banking
12494,616,4089,2023-06-15,Credit Card
12495,1405,1858,2023-05-01,Credit Card
12496,3837,3991,2023-05-23,UPI
12497,3961,2100,2023-05-28,UPI
12498,1333,2616,2023-04-16,Net Banking
12499,7830,4453,2023-04-10,UPI
12500,169,1960,2023-04-15,Debit Card
12501,4135,3956,2023-03-19,Credit Card
12502,9143,2329,2023-05-04,Credit Card
12503,5477,2521,2023-05-30,Credit Card
12504,9404,370,2023-03-21,Debit Card
12505,322,1973,2023-04-30,Net Banking
12506,7593,4788,2023-06-09,UPI
12507,5845,2121,2023-04-29,UPI
12508,3490,127,2023-05-25,Credit Card
12509,9265,3060,2023-05-08,Credit Card
12510,9265,3377,2023-06-29,UPI
12511,267,3004,2023-06-24,Net Banking
12512,6381,2132,2023-03-01,Net Banking
12513,7016,2284,2023-05-30,Debit Card
12514,1968,1975,2023-05-15,Net Banking
12515,2914,1434,2023-04-21,Debit Card
12516,6666,4031,2023-03-13,Debit Card
12517,4504,4792,2023-04-28,Credit Card
12518,6233,2097,2023-05-25,UPI
12519,6930,211,2023-06-04,Debit Card
12520,1294,2227,2023-04-10,Net Banking
12521,5734,4964,2023-05-12,UPI
12522,4177,4550,2023-06-28,Credit Card
12523,9975,612,2023-04-09,Debit Card
12524,3238,4105,2023-06-01,Debit Card
12525,1439,2102,2023-06-23,Debit Card
12526,4920,2211,2023-06-29,Net Banking
12527,7305,2559,2023-06-22,Credit Card
12528,7374,495,2023-05-10,Debit Card
12529,2845,1740,2023-06-23,Credit Card
12530,4264,4062,2023-05-25,UPI
12531,4779,4166,2023-06-07,UPI
12532,7388,192,2023-06-29,Debit Card
12533,6323,253,2023-05-12,UPI
12534,15,1994,2023-06-01,UPI
12535,2346,4235,2023-06-10,Debit Card
12536,6325,3877,2023-05-02,Credit Card
12537,2755,1671,2023-06-26,Credit Card
12538,2576,2583,2023-06-28,Credit Card
12539,2619,1353,2023-06-22,UPI
12540,2519,1534,2023-05-16,UPI
12541,1343,2266,2023-06-24,UPI
12542,325,1940,2023-06-05,Net Banking
12543,1410,3580,2023-06-05,Credit Card
12544,580,175,2023-06-25,Credit Card
12545,8290,3014,2023-03-27,Net Banking
12546,4689,1501,2023-03-12,UPI
12547,5218,2491,2023-05-29,Debit Card
12548,4502,1725,2023-06-05,Net Banking
12549,1659,3244,2023-05-13,UPI
12550,4158,3288,2023-03-21,Debit Card
12551,7034,1164,2023-06-09,Debit Card
12552,7553,2651,2023-05-13,Net Banking
12553,6361,1498,2023-06-21,UPI
12554,1461,2047,2023-06-20,UPI
12555,2597,1751,2023-06-24,Debit Card
12556,1045,3799,2023-05-30,Debit Card
12557,2450,874,2023-05-05,UPI
12558,1051,2207,2023-06-16,UPI
12559,2117,2957,2023-06-25,Net Banking
12560,9037,2689,2023-05-13,Credit Card
12561,7500,2445,2023-06-22,Credit Card
12562,9464,2815,2023-03-22,UPI
12563,677,3705,2023-06-16,Debit Card
12564,4720,614,2023-06-23,UPI
12565,4263,3787,2023-04-22,Debit Card
12566,7996,2749,2023-03-08,Debit Card
12567,1305,2720,2023-06-05,Net Banking
12568,5958,2122,2023-05-11,Debit Card
12569,5175,735,2023-02-04,Net Banking
12570,7827,4553,2023-06-25,Credit Card
12571,2944,4232,2023-06-12,Debit Card
12572,2584,258,2023-06-04,UPI
12573,4021,4209,2023-06-21,Credit Card
12574,6353,2164,2023-06-04,Credit Card
12575,2647,3251,2023-04-24,UPI
12576,8268,313,2023-05-19,Credit Card
12577,8264,636,2023-06-12,Credit Card
12578,9726,3205,2023-03-06,UPI
12579,978,2673,2023-03-27,Credit Card
12580,1751,281,2023-05-31,Credit Card
12581,7,246,2023-05-29,Net Banking
12582,2614,284,2023-06-04,UPI
12583,9548,4276,2023-04-19,Credit Card
12584,3416,4763,2023-05-06,UPI
12585,1793,4164,2023-06-21,Debit Card
12586,8238,2428,2023-06-23,Net Banking
12587,9347,4698,2023-06-26,Debit Card
12588,2872,1976,2023-06-11,UPI
12589,1612,371,2023-06-13,UPI
12590,2705,2881,2023-05-03,Debit Card
12591,2634,4740,2023-02-28,Debit Card
12592,3319,3153,2023-06-26,UPI
12593,9945,3210,2023-05-10,Net Banking
12594,1614,152,2023-06-06,UPI
12595,3234,2650,2023-04-28,Debit Card
12596,8790,3468,2023-04-20,UPI
12597,2816,828,2023-06-19,UPI
12598,1832,3732,2023-03-04,UPI
12599,8252,3164,2023-04-13,Credit Card
12600,8345,3459,2023-06-02,Debit Card
12601,3396,1359,2023-06-16,Debit Card
12602,2150,3762,2023-06-15,Credit Card
12603,6423,3398,2023-06-02,Credit Card
12604,2258,4433,2023-05-31,UPI
12605,287,4486,2023-04-08,Credit Card
12606,1400,3535,2023-05-06,Debit Card
12607,6852,4442,2023-05-31,Debit Card
12608,2828,659,2023-06-24,Net Banking
12609,868,3810,2023-04-22,UPI
12610,4508,1721,2023-05-02,Net Banking
12611,9479,2764,2023-06-21,Debit Card
12612,7727,3705,2023-03-08,Net Banking
12613,1697,1677,2023-05-20,Credit Card
12614,1408,2787,2023-06-05,UPI
12615,3734,3597,2023-06-26,Credit Card
12616,882,2354,2023-02-07,Net Banking
12617,531,234,2023-06-29,Debit Card
12618,7928,680,2023-04-27,Debit Card
12619,3216,1205,2023-06-06,UPI
12620,9893,578,2023-04-23,UPI
12621,7781,1983,2023-05-31,UPI
12622,5572,4980,2023-06-12,Credit Card
12623,3136,4661,2023-06-29,UPI
12624,5724,447,2023-06-18,Credit Card
12625,3287,792,2023-06-14,Debit Card
12626,2083,670,2023-05-27,Net Banking
12627,3432,1475,2023-06-29,Net Banking
12628,9586,3705,2023-06-11,Credit Card
12629,5148,1056,2023-06-04,Net Banking
12630,2168,3377,2023-06-24,Credit Card
12631,5815,2715,2023-04-19,Credit Card
12632,978,1886,2023-06-05,Debit Card
12633,4666,4552,2023-05-20,Credit Card
12634,8696,3821,2023-06-10,Debit Card
12635,7674,4098,2023-05-24,Debit Card
12636,4089,923,2023-06-14,Credit Card
12637,9336,1790,2023-06-11,Credit Card
12638,1919,3823,2023-05-26,Credit Card
12639,4038,3836,2023-05-06,Debit Card
12640,5680,2286,2023-05-05,Credit Card
12641,7375,1431,2023-06-26,Debit Card
12642,2836,3835,2023-05-17,Net Banking
12643,6282,4935,2023-04-18,Credit Card
12644,2734,1465,2023-06-06,UPI
12645,8681,2205,2023-06-28,Debit Card
12646,9162,1796,2023-05-20,Debit Card
12647,8254,2367,2023-04-14,UPI
12648,2225,2992,2023-05-20,Debit Card
12649,7222,3256,2023-02-27,Credit Card
12650,1041,1900,2023-06-23,UPI
12651,6710,432,2023-03-04,Debit Card
12652,9708,462,2023-06-28,UPI
12653,9415,3992,2023-03-30,UPI
12654,4086,4964,2023-04-09,Debit Card
12655,8007,3347,2023-06-28,Credit Card
12656,5243,4595,2023-06-21,Debit Card
12657,8676,4590,2023-02-09,Net Banking
12658,4611,1737,2023-05-14,Debit Card
12659,6804,4229,2023-03-08,Credit Card
12660,4363,3190,2023-04-19,Net Banking
12661,5276,1662,2023-06-08,Debit Card
12662,2003,2248,2023-06-06,UPI
12663,8318,2909,2023-04-04,Net Banking
12664,9036,320,2023-06-11,Credit Card
12665,1522,4074,2023-06-14,Net Banking
12666,8588,3417,2023-06-07,UPI
12667,5891,953,2023-04-27,UPI
12668,3333,4746,2023-03-16,Credit Card
12669,7717,3540,2023-04-12,Credit Card
12670,1314,1447,2023-04-17,Credit Card
12671,7152,3409,2023-05-28,Credit Card
12672,7252,336,2023-04-09,Credit Card
12673,9938,2218,2023-06-09,Net Banking
12674,7565,2525,2023-02-15,UPI
12675,2230,661,2023-06-25,Debit Card
12676,4963,3890,2023-04-02,UPI
12677,8714,997,2023-05-22,Credit Card
12678,3591,2554,2023-06-02,Net Banking
12679,3037,3737,2023-06-09,Debit Card
12680,9837,3581,2023-05-22,Debit Card
12681,9491,1347,2023-02-16,Credit Card
12682,6881,2056,2023-06-29,Credit Card
12683,3884,4506,2023-06-01,Net Banking
12684,2885,1832,2023-05-05,Debit Card
12685,1921,2240,2023-04-04,Credit Card
12686,4963,4010,2023-01-21,UPI
12687,8200,3107,2023-05-30,Net Banking
12688,860,761,2023-05-16,Credit Card
12689,1654,4238,2023-04-03,Credit Card
12690,3005,2536,2023-05-09,Net Banking
12691,8324,1959,2023-04-27,Credit Card
12692,2078,3688,2023-06-29,UPI
12693,5829,3226,2023-05-27,Debit Card
12694,851,777,2023-06-21,Credit Card
12695,3706,3612,2023-04-08,Net Banking
12696,6113,1367,2023-06-18,Credit Card
12697,6570,648,2023-05-26,Credit Card
12698,819,4755,2023-03-08,Net Banking
12699,192,1960,2023-03-24,Debit Card
12700,4486,4395,2023-03-07,Net Banking
12701,153,4728,2023-06-20,Net Banking
12702,6642,3259,2023-05-24,UPI
12703,3180,1765,2023-06-11,UPI
12704,9694,3537,2023-06-29,Debit Card
12705,3755,2319,2023-06-25,Net Banking
12706,963,2317,2023-05-29,Net Banking
12707,3289,1512,2023-06-06,Debit Card
12708,2764,3039,2023-05-06,Credit Card
12709,1550,1985,2023-06-23,Credit Card
12710,3686,1448,2023-06-05,Credit Card
12711,1595,4595,2023-03-22,Debit Card
12712,2564,121,2023-06-05,Credit Card
12713,597,2705,2023-03-02,Credit Card
12714,7999,1188,2023-03-11,Debit Card
12715,2584,3213,2023-06-07,UPI
12716,4893,2811,2023-05-20,Debit Card
12717,1277,1205,2023-04-21,UPI
12718,211,840,2023-05-30,Debit Card
12719,2239,1412,2023-05-30,Net Banking
12720,6787,2207,2023-05-06,Debit Card
12721,1659,3366,2023-06-07,Debit Card
12722,3661,4348,2023-06-26,Debit Card
12723,952,3571,2023-06-15,Net Banking
12724,4913,1393,2023-02-18,Debit Card
12725,2076,2288,2023-06-12,UPI
12726,5963,3939,2023-06-09,Net Banking
12727,9917,2034,2023-06-27,Credit Card
12728,5673,2740,2023-05-27,Net Banking
12729,9479,3738,2023-06-01,UPI
12730,6624,4801,2023-06-02,Credit Card
12731,8904,2730,2023-03-08,UPI
12732,494,4672,2023-04-17,Net Banking
12733,8116,2599,2023-04-25,Credit Card
12734,2956,3585,2023-03-04,Net Banking
12735,9431,3254,2023-03-12,Credit Card
12736,3448,3105,2023-05-07,Net Banking
12737,5412,4919,2023-06-22,Net Banking
12738,7638,1523,2023-03-26,Credit Card
12739,322,3371,2023-06-21,Credit Card
12740,9501,4833,2023-06-21,UPI
12741,684,559,2023-05-02,Net Banking
12742,7191,804,2023-06-10,Debit Card
12743,6403,4831,2023-04-04,Net Banking
12744,2619,3794,2023-06-02,Net Banking
12745,1950,3966,2023-05-21,UPI
12746,4510,2968,2023-03-02,Debit Card
12747,1651,3637,2023-06-24,Debit Card
12748,1260,3477,2023-06-13,UPI
12749,3972,1240,2023-05-14,UPI
12750,9718,4711,2023-06-29,UPI
12751,9043,1011,2023-06-23,Net Banking
12752,3184,3725,2023-03-23,Net Banking
12753,4200,355,2023-06-25,Credit Card
12754,752,1687,2023-05-28,Debit Card
12755,4207,372,2023-04-23,Net Banking
12756,1977,3484,2023-05-04,Debit Card
12757,7050,856,2023-06-28,UPI
12758,6811,2134,2023-05-31,Credit Card
12759,863,970,2023-02-18,Credit Card
12760,6964,378,2023-05-09,UPI
12761,6562,1341,2023-04-29,UPI
12762,2025,1960,2023-04-29,Credit Card
12763,8079,674,2023-05-16,UPI
12764,5438,2786,2023-06-15,Debit Card
12765,6520,4682,2023-05-25,UPI
12766,1363,2684,2023-04-09,UPI
12767,9222,2618,2023-06-17,Credit Card
12768,7321,605,2023-04-15,UPI
12769,6086,3826,2023-04-24,Credit Card
12770,1833,4149,2023-05-14,Debit Card
12771,1101,1607,2023-04-21,Net Banking
12772,2276,2475,2023-05-29,Debit Card
12773,1803,835,2023-06-10,UPI
12774,6481,1980,2023-05-20,Net Banking
12775,6973,4428,2023-03-22,Debit Card
12776,1241,4327,2023-06-02,Credit Card
12777,9774,157,2023-05-10,Net Banking
12778,118,4115,2023-05-01,Net Banking
12779,5519,4256,2023-05-12,Debit Card
12780,9930,2098,2023-06-23,Credit Card
12781,2022,1963,2023-06-08,Debit Card
12782,1478,4089,2023-02-26,Credit Card
12783,5717,4419,2023-03-23,UPI
12784,2414,4274,2023-06-22,UPI
12785,6124,770,2023-05-04,Credit Card
12786,7510,3535,2023-04-17,UPI
12787,892,2752,2023-05-11,Debit Card
12788,487,716,2023-06-27,Credit Card
12789,1316,1529,2023-05-16,Net Banking
12790,2131,1087,2023-06-03,Net Banking
12791,866,4456,2023-04-05,Debit Card
12792,8382,2670,2023-04-20,Debit Card
12793,4044,3508,2023-06-25,Debit Card
12794,3667,4881,2023-02-14,Debit Card
12795,8154,3459,2023-05-30,Net Banking
12796,1499,3613,2023-06-25,UPI
12797,3867,1853,2023-06-21,UPI
12798,9884,908,2023-05-05,Debit Card
12799,5158,2281,2023-06-01,Credit Card
12800,4363,2898,2023-05-11,Credit Card
12801,6868,2098,2023-06-16,Credit Card
12802,7518,928,2023-05-01,UPI
12803,3982,486,2023-06-11,UPI
12804,9982,2945,2023-03-25,UPI
12805,2517,103,2023-06-28,Net Banking
12806,7835,1769,2023-05-27,Credit Card
12807,6189,1341,2023-05-15,Debit Card
12808,7401,3695,2023-04-04,UPI
12809,3750,1330,2023-06-12,Credit Card
12810,6206,841,2023-06-26,Credit Card
12811,3133,3374,2023-06-05,Debit Card
12812,3346,1852,2023-04-30,UPI
12813,5511,1778,2023-05-26,UPI
12814,91,1462,2023-03-28,UPI
12815,4827,2070,2023-06-27,Debit Card
12816,981,2812,2023-05-27,UPI
12817,505,2015,2023-04-07,Debit Card
12818,7037,4891,2023-06-25,Credit Card
12819,5420,2073,2023-05-28,Credit Card
12820,4867,632,2023-06-28,UPI
12821,1803,3694,2023-06-14,Debit Card
12822,8841,1510,2023-05-06,Debit Card
12823,443,2511,2023-05-01,Debit Card
12824,8422,2693,2023-06-22,Debit Card
12825,4405,1645,2023-06-28,UPI
12826,942,3954,2023-06-29,Debit Card
12827,4410,2767,2023-04-20,Net Banking
12828,8150,1342,2023-04-07,Credit Card
12829,7014,1462,2023-06-17,Debit Card
12830,5553,4032,2023-04-17,Debit Card
12831,9820,4239,2023-06-18,UPI
12832,7396,2211,2023-04-06,Credit Card
12833,8145,1609,2023-04-22,Net Banking
12834,4953,633,2023-06-29,Debit Card
12835,4307,1742,2023-06-10,Debit Card
12836,4454,1879,2023-06-24,Credit Card
12837,1927,3225,2023-06-19,Net Banking
12838,8597,1441,2023-06-01,Net Banking
12839,6916,2578,2023-06-10,Net Banking
12840,6888,1578,2023-06-15,Net Banking
12841,7751,4124,2023-06-05,Net Banking
12842,3012,2669,2023-04-26,UPI
12843,4390,368,2023-03-29,Debit Card
12844,5838,2578,2023-05-21,Credit Card
12845,2265,1942,2023-02-12,UPI
12846,4121,967,2023-05-31,UPI
12847,2577,212,2023-06-12,UPI
12848,3358,2557,2023-04-29,Credit Card
12849,2889,2401,2023-06-26,Debit Card
12850,2156,3881,2023-06-26,UPI
12851,5014,1342,2023-06-21,Credit Card
12852,685,3446,2023-06-12,Debit Card
12853,7058,4458,2023-05-17,UPI
12854,713,1484,2023-05-26,Debit Card
12855,5389,2667,2023-06-06,Net Banking
12856,1954,1431,2023-06-17,Debit Card
12857,8624,1681,2023-06-29,Debit Card
12858,9431,3339,2023-03-20,Credit Card
12859,7697,2768,2023-04-16,Debit Card
12860,9795,3276,2023-05-15,Net Banking
12861,5928,1524,2023-04-10,UPI
12862,846,2583,2023-04-03,Credit Card
12863,4829,362,2023-06-13,UPI
12864,4216,230,2023-05-30,Net Banking
12865,8946,632,2023-06-26,UPI
12866,1363,1066,2023-04-30,Net Banking
12867,1277,4988,2023-06-25,Net Banking
12868,5204,3783,2023-04-29,Credit Card
12869,6304,136,2023-06-14,Credit Card
12870,6747,1628,2023-05-21,Debit Card
12871,8066,879,2023-06-20,Debit Card
12872,5542,2373,2023-05-31,Debit Card
12873,6309,4164,2023-06-29,Credit Card
12874,8529,1427,2023-06-06,Credit Card
12875,9087,1552,2023-05-30,Credit Card
12876,989,478,2023-06-11,Net Banking
12877,9768,444,2023-05-28,Debit Card
12878,4155,2460,2023-05-17,Debit Card
12879,7440,3439,2023-06-04,Debit Card
12880,242,2769,2023-01-26,Debit Card
12881,2893,1277,2023-03-30,Credit Card
12882,8249,3889,2023-05-26,Credit Card
12883,9967,3539,2023-06-04,Net Banking
12884,9325,1356,2023-06-14,UPI
12885,301,2504,2023-04-21,UPI
12886,1817,3499,2023-05-08,UPI
12887,3015,3799,2023-04-17,Net Banking
12888,9502,4125,2023-05-24,UPI
12889,5859,2691,2023-05-27,Net Banking
12890,2398,1134,2023-05-02,Debit Card
12891,6642,4524,2023-05-19,Debit Card
12892,6256,4293,2023-06-01,UPI
12893,7534,2499,2023-06-28,UPI
12894,5787,3623,2023-06-29,Debit Card
12895,129,619,2023-04-22,UPI
12896,7515,1914,2023-06-03,Net Banking
12897,3619,317,2023-06-02,Debit Card
12898,3794,1367,2023-03-14,Credit Card
12899,777,1375,2023-06-27,Net Banking
12900,8112,2586,2023-06-14,Debit Card
12901,3534,1652,2023-06-22,Debit Card
12902,8439,3695,2023-05-29,Credit Card
12903,3555,598,2023-05-31,UPI
12904,9858,4648,2023-06-24,Credit Card
12905,3395,496,2023-03-20,Net Banking
12906,777,260,2023-06-16,Net Banking
12907,2256,1765,2023-06-19,Credit Card
12908,254,1148,2023-05-08,Net Banking
12909,7300,872,2023-05-01,Debit Card
12910,3289,3643,2023-04-25,UPI
12911,9458,2799,2023-02-07,UPI
12912,1228,2801,2023-02-20,Credit Card
12913,2625,4252,2023-06-07,Credit Card
12914,7009,3764,2023-05-22,Net Banking
12915,9213,1653,2023-04-20,Credit Card
12916,9483,3805,2023-06-16,Debit Card
12917,7807,3148,2023-05-02,UPI
12918,5765,2928,2023-05-26,Debit Card
12919,5389,4707,2023-06-20,Debit Card
12920,8009,3699,2023-06-17,Credit Card
12921,8216,3904,2023-06-09,UPI
12922,6694,3207,2023-02-19,Credit Card
12923,9516,4595,2023-06-26,Net Banking
12924,1924,1210,2023-05-05,Credit Card
12925,1831,416,2023-04-23,Credit Card
12926,4928,3429,2023-06-04,Debit Card
12927,6217,1314,2023-06-07,UPI
12928,4438,3165,2023-06-29,Credit Card
12929,1989,742,2023-03-20,Credit Card
12930,8511,3732,2023-02-07,Credit Card
12931,9658,175,2023-04-19,Credit Card
12932,5215,3053,2023-05-12,Debit Card
12933,2129,684,2023-06-16,UPI
12934,3304,3762,2023-04-27,Net Banking
12935,7094,4761,2023-06-16,Credit Card
12936,7441,4384,2023-06-14,Debit Card
12937,6433,2245,2023-04-19,Net Banking
12938,5924,1810,2023-06-28,Credit Card
12939,9336,1010,2023-05-04,Debit Card
12940,7943,2175,2023-06-25,Net Banking
12941,9925,2027,2023-04-02,Debit Card
12942,9632,769,2023-05-20,Debit Card
12943,1805,4724,2023-06-17,UPI
12944,3222,3813,2023-04-08,Debit Card
12945,382,4812,2023-04-10,UPI
12946,2764,1146,2023-06-06,Credit Card
12947,7793,3592,2023-03-07,UPI
12948,3307,4162,2023-03-16,Debit Card
12949,1875,4623,2023-06-26,Credit Card
12950,648,3695,2023-04-04,UPI
12951,7569,915,2023-06-10,UPI
12952,9399,1787,2023-05-30,Net Banking
12953,1234,2078,2023-06-10,Debit Card
12954,1522,2029,2023-06-26,Net Banking
12955,5383,1031,2023-04-26,Debit Card
12956,3260,2588,2023-05-05,Net Banking
12957,4351,3729,2023-06-13,UPI
12958,1655,2696,2023-03-30,Credit Card
12959,8253,1818,2023-06-20,Credit Card
12960,769,4743,2023-06-09,Debit Card
12961,9053,4014,2023-06-09,UPI
12962,7876,1729,2023-04-27,Debit Card
12963,1421,4478,2023-01-10,UPI
12964,1203,4869,2023-04-03,Net Banking
12965,6897,3199,2023-06-28,Credit Card
12966,9027,4389,2023-05-29,Debit Card
12967,9422,1008,2023-05-12,UPI
12968,1527,3225,2023-05-20,Debit Card
12969,6170,4519,2023-06-06,Credit Card
12970,1659,1617,2023-06-25,Credit Card
12971,5906,2647,2023-06-09,Credit Card
12972,4173,3493,2023-04-13,Net Banking
12973,2876,3240,2023-03-13,Credit Card
12974,3830,3489,2023-05-21,Debit Card
12975,9616,907,2023-05-09,Net Banking
12976,6976,4405,2023-06-29,Credit Card
12977,7464,376,2023-06-17,Credit Card
12978,7782,2432,2023-03-25,Credit Card
12979,9143,4650,2023-04-06,UPI
12980,2675,3220,2023-06-21,Credit Card
12981,8651,743,2023-06-12,UPI
12982,1308,101,2023-06-19,Net Banking
12983,9282,3964,2023-03-04,Debit Card
12984,6896,1306,2023-03-15,Credit Card
12985,148,1905,2023-04-18,Debit Card
12986,5076,963,2023-06-25,Credit Card
12987,8646,3308,2023-06-24,Debit Card
12988,3116,940,2023-02-05,Debit Card
12989,7485,2772,2023-06-14,Net Banking
12990,2672,317,2023-05-25,Credit Card
12991,9326,2957,2023-04-20,UPI
12992,9081,2720,2023-05-11,Net Banking
12993,862,572,2023-06-13,Credit Card
12994,6931,2937,2023-06-01,Debit Card
12995,8816,4676,2023-06-22,Credit Card
12996,4712,2276,2023-06-11,UPI
12997,7797,2621,2023-05-13,Credit Card
12998,3966,2040,2023-02-28,UPI
12999,7036,4032,2023-06-12,UPI
13000,8688,2043,2023-06-24,Debit Card
13001,6559,1105,2023-06-28,Credit Card
13002,1486,2695,2023-04-12,Net Banking
13003,6657,4877,2023-06-03,Net Banking
13004,8577,1493,2023-03-27,Debit Card
13005,1165,323,2023-06-24,Credit Card
13006,9585,1965,2023-06-29,UPI
13007,1861,2862,2023-06-23,Credit Card
13008,7812,186,2023-05-05,Net Banking
13009,4250,993,2023-05-26,Credit Card
13010,1956,3814,2023-06-05,Net Banking
13011,8142,2602,2023-05-15,Net Banking
13012,388,2782,2023-06-03,Credit Card
13013,8676,4652,2023-02-11,Net Banking
13014,677,1322,2023-06-20,Debit Card
13015,2348,408,2023-06-29,Net Banking
13016,5829,3893,2023-05-20,Credit Card
13017,9266,3576,2023-06-15,Debit Card
13018,8659,356,2023-06-21,Debit Card
13019,1812,823,2023-05-30,UPI
13020,2445,2587,2023-05-20,Debit Card
13021,4383,2614,2023-04-17,Credit Card
13022,8827,2321,2023-06-22,Debit Card
13023,5340,529,2023-03-12,Credit Card
13024,3427,2063,2023-04-26,Debit Card
13025,2271,853,2023-06-15,Debit Card
13026,9238,4631,2023-06-23,UPI
13027,5729,2758,2023-06-07,Credit Card
13028,374,1717,2023-01-19,UPI
13029,687,573,2023-06-14,UPI
13030,3533,2578,2023-06-04,Net Banking
13031,2083,3131,2023-04-30,Debit Card
13032,1254,868,2023-06-13,Net Banking
13033,5441,2024,2023-06-03,Net Banking
13034,293,1471,2023-06-16,UPI
13035,8902,3352,2023-06-08,UPI
13036,9180,1156,2023-05-18,Credit Card
13037,2985,3490,2023-06-23,Credit Card
13038,8090,2717,2023-05-09,Net Banking
13039,5277,4427,2023-05-21,UPI
13040,6006,4217,2023-05-22,UPI
13041,3448,2079,2023-04-15,Net Banking
13042,9868,4702,2023-02-08,Credit Card
13043,5191,1045,2023-06-29,UPI
13044,9050,1378,2023-05-17,Net Banking
13045,4186,1621,2023-05-12,UPI
13046,4341,4512,2023-06-29,UPI
13047,1057,3527,2023-05-26,UPI
13048,644,4839,2023-06-24,Debit Card
13049,4108,4102,2023-04-19,Net Banking
13050,3525,3343,2023-04-28,Debit Card
13051,6570,113,2023-06-10,UPI
13052,9466,2775,2023-05-15,Debit Card
13053,3424,4932,2023-06-19,Credit Card
13054,750,4429,2023-06-22,Credit Card
13055,1504,3614,2023-06-04,UPI
13056,5088,4413,2023-05-30,Debit Card
13057,7267,1324,2023-02-07,Debit Card
13058,4269,1675,2023-03-27,Credit Card
13059,6689,1409,2023-03-05,Debit Card
13060,5571,492,2023-05-08,Credit Card
13061,144,607,2023-06-01,Net Banking
13062,4757,1528,2023-05-26,UPI
13063,3136,1863,2023-06-27,Credit Card
13064,9982,1950,2023-03-07,UPI
13065,8975,4172,2023-05-10,Debit Card
13066,2005,552,2023-06-21,Net Banking
13067,2737,4346,2023-03-17,Net Banking
13068,254,1938,2023-02-20,Credit Card
13069,4741,4286,2023-04-29,Net Banking
13070,5206,1329,2023-04-30,UPI
13071,5875,2907,2023-05-28,Debit Card
13072,2730,3064,2023-06-25,UPI
13073,4487,3420,2023-04-07,UPI
13074,1826,1650,2023-03-18,UPI
13075,8037,3994,2023-03-12,Debit Card
13076,1783,2041,2023-06-19,Net Banking
13077,1920,140,2023-06-24,Debit Card
13078,851,3607,2023-05-22,UPI
13079,5798,363,2023-06-06,Net Banking
13080,7343,3808,2023-05-18,Debit Card
13081,8878,852,2023-06-02,UPI
13082,7451,569,2023-03-11,UPI
13083,8268,4363,2023-06-13,UPI
13084,696,3183,2023-06-19,Net Banking
13085,5775,2533,2023-05-20,Debit Card
13086,4587,2710,2023-01-24,UPI
13087,7056,4259,2023-05-26,UPI
13088,1271,293,2023-06-18,Debit Card
13089,2249,2639,2023-05-19,Credit Card
13090,1836,3719,2023-06-21,UPI
13091,6506,4924,2023-06-14,Debit Card
13092,9458,675,2023-05-06,Net Banking
13093,5412,567,2023-06-25,UPI
13094,7881,4234,2023-06-12,Net Banking
13095,4767,2403,2023-06-13,Net Banking
13096,9195,2732,2023-05-20,Debit Card
13097,3838,4950,2023-06-26,UPI
13098,5218,2055,2023-06-08,UPI
13099,4499,4536,2023-03-14,Debit Card
13100,4685,401,2023-06-28,Net Banking
13101,4403,4063,2023-05-03,Credit Card
13102,9893,4395,2023-06-17,UPI
13103,7331,4841,2023-05-11,Credit Card
13104,5312,1389,2023-06-27,UPI
13105,20,2847,2023-05-15,Net Banking
13106,6118,451,2023-04-18,Net Banking
13107,6556,3476,2023-04-29,UPI
13108,8730,2324,2023-05-06,Debit Card
13109,8619,1795,2023-06-28,UPI
13110,3148,3773,2023-06-29,Debit Card
13111,365,1972,2023-06-29,Credit Card
13112,1836,1846,2023-05-14,UPI
13113,9135,337,2023-06-29,UPI
13114,2242,2000,2023-06-06,Credit Card
13115,704,4590,2023-05-09,Net Banking
13116,2002,768,2023-04-27,UPI
13117,4324,4392,2023-06-26,UPI
13118,4578,4478,2023-06-29,Net Banking
13119,176,2961,2023-06-07,Credit Card
13120,922,108,2023-05-29,UPI
13121,9483,4572,2023-05-17,UPI
13122,315,1446,2023-06-09,Net Banking
13123,2587,2523,2023-05-27,Debit Card
13124,6966,4633,2023-04-16,UPI
13125,6315,970,2023-05-24,Credit Card
13126,2658,189,2023-06-23,Debit Card
13127,4205,1826,2023-01-06,Debit Card
13128,261,3863,2023-05-01,Credit Card
13129,5036,230,2023-06-22,Credit Card
13130,8068,1650,2023-06-29,UPI
13131,1654,437,2023-05-08,Credit Card
13132,6562,1922,2023-03-15,Debit Card
13133,1833,3991,2023-05-15,Credit Card
13134,3442,563,2023-06-24,UPI
13135,7451,3394,2023-05-22,Net Banking
13136,2248,4197,2023-01-21,UPI
13137,1075,1429,2023-06-20,Debit Card
13138,6600,1056,2023-04-29,UPI
13139,6808,379,2023-05-14,Debit Card
13140,5557,1657,2023-05-11,Debit Card
13141,4104,137,2023-06-24,Net Banking
13142,8213,3103,2023-06-25,UPI
13143,4757,1514,2023-05-20,UPI
13144,7038,1959,2023-06-20,Net Banking
13145,1642,2725,2023-05-17,Net Banking
13146,5717,1018,2023-06-17,Debit Card
13147,9416,2044,2023-05-25,Debit Card
13148,2171,4720,2023-06-20,Credit Card
13149,7317,113,2023-06-25,Debit Card
13150,6860,946,2023-04-19,Debit Card
13151,7123,1513,2023-06-19,Debit Card
13152,7193,1166,2023-06-01,Debit Card
13153,4119,826,2023-05-24,Credit Card
13154,2352,1802,2023-04-25,UPI
13155,5009,4102,2023-05-16,Debit Card
13156,3780,986,2023-06-09,Credit Card
13157,8406,2474,2023-04-23,Debit Card
13158,3963,1490,2023-05-29,Credit Card
13159,3139,4433,2023-06-18,Credit Card
13160,7345,3768,2023-06-09,Net Banking
13161,1171,484,2023-06-29,Credit Card
13162,7424,4223,2023-05-02,Debit Card
13163,305,3957,2023-06-17,Net Banking
13164,1715,1423,2023-06-23,Debit Card
13165,5773,4967,2023-04-03,Credit Card
13166,1047,715,2023-03-20,Credit Card
13167,3347,4401,2023-06-25,Debit Card
13168,2641,2312,2023-06-22,Credit Card
13169,894,2187,2023-05-20,Net Banking
13170,172,1676,2023-05-08,UPI
13171,79,2228,2023-04-06,Credit Card
13172,3726,4395,2023-06-22,Net Banking
13173,4066,3302,2023-04-21,Net Banking
13174,8092,4178,2023-06-05,Net Banking
13175,4626,1970,2023-06-05,Net Banking
13176,7575,1646,2023-06-11,Debit Card
13177,2896,4467,2023-04-06,Credit Card
13178,6738,3805,2023-06-25,Net Banking
13179,2032,3656,2023-06-23,Debit Card
13180,4176,3987,2023-06-03,UPI
13181,4508,2362,2023-04-25,UPI
13182,9216,1147,2023-06-25,Net Banking
13183,9740,2247,2023-05-02,Net Banking
13184,5906,1820,2023-06-21,Debit Card
13185,6175,1151,2023-06-29,Net Banking
13186,7406,4765,2023-06-24,Net Banking
13187,759,4802,2023-04-16,Debit Card
13188,9216,3837,2023-06-01,Debit Card
13189,7214,2321,2023-05-18,Debit Card
13190,9735,3243,2023-06-03,UPI
13191,9824,2019,2023-04-09,Net Banking
13192,6001,4901,2023-04-24,Credit Card
13193,7156,4151,2023-04-16,Credit Card
13194,3526,994,2023-06-24,UPI
13195,6399,4848,2023-06-23,UPI
13196,7986,3112,2023-06-28,Debit Card
13197,6030,4895,2023-03-26,Debit Card
13198,9884,4666,2023-06-11,Net Banking
13199,8839,1977,2023-06-03,Credit Card
13200,6322,3982,2023-06-14,UPI
13201,6387,124,2023-02-17,Net Banking
13202,5419,2638,2023-06-20,UPI
13203,42,979,2023-05-15,Net Banking
13204,8649,4368,2023-06-26,Net Banking
13205,9762,725,2023-02-09,Net Banking
13206,9195,3172,2023-06-25,Debit Card
13207,506,2698,2023-05-22,Debit Card
13208,2705,3152,2023-05-19,Credit Card
13209,9832,4608,2023-05-16,UPI
13210,1584,4367,2023-05-05,Debit Card
13211,4814,3253,2023-06-23,Debit Card
13212,5315,1524,2023-04-04,Credit Card
13213,8051,1619,2023-05-11,UPI
13214,9614,2741,2023-04-25,Net Banking
13215,6871,4768,2023-05-17,Net Banking
13216,9898,817,2023-06-15,UPI
13217,8687,2236,2023-04-10,Net Banking
13218,1375,4741,2023-06-23,Credit Card
13219,3227,3938,2023-03-31,UPI
13220,2577,3605,2023-05-21,Credit Card
13221,7015,1256,2023-05-29,UPI
13222,6235,1953,2023-06-29,Net Banking
13223,2616,4985,2023-06-10,Credit Card
13224,1298,123,2023-06-19,Net Banking
13225,4684,411,2023-05-31,UPI
13226,8729,698,2023-03-04,Debit Card
13227,2382,3650,2023-05-06,Net Banking
13228,1755,920,2023-06-29,Debit Card
13229,2217,693,2023-06-29,Credit Card
13230,8900,3512,2023-06-07,UPI
13231,6805,737,2023-06-03,UPI
13232,6716,2049,2023-04-27,UPI
13233,5276,2034,2023-06-11,Net Banking
13234,9839,660,2023-05-02,UPI
13235,8849,1200,2023-05-30,UPI
13236,7018,2386,2023-04-03,Credit Card
13237,8751,3549,2023-06-16,Credit Card
13238,9561,3132,2023-05-30,Debit Card
13239,5184,4289,2023-06-23,Net Banking
13240,3216,2204,2023-05-29,Debit Card
13241,3825,1988,2023-06-23,UPI
13242,2342,2682,2023-06-11,UPI
13243,9143,2700,2023-03-30,UPI
13244,1828,822,2023-06-29,Net Banking
13245,8205,3288,2023-05-18,Credit Card
13246,4785,1302,2023-06-19,Debit Card
13247,7587,1775,2023-02-13,Debit Card
13248,1717,4835,2023-06-22,Net Banking
13249,8809,180,2023-06-04,Credit Card
13250,6676,3616,2023-04-22,Net Banking
13251,4802,4740,2023-04-30,Net Banking
13252,9507,4446,2023-06-21,Credit Card
13253,1062,1206,2023-05-20,Net Banking
13254,8796,4717,2023-06-18,UPI
13255,6491,1899,2023-06-01,Credit Card
13256,5770,4942,2023-06-27,Net Banking
13257,8921,4534,2023-06-13,Net Banking
13258,4506,4856,2023-06-05,Credit Card
13259,8453,1523,2023-03-03,Credit Card
13260,1937,3388,2023-06-09,Credit Card
13261,1437,2470,2023-06-04,Debit Card
13262,8169,4004,2023-05-13,Debit Card
13263,9240,935,2023-05-23,Debit Card
13264,3035,1437,2023-06-10,Credit Card
13265,1442,4475,2023-04-20,Credit Card
13266,2730,1904,2023-06-19,Debit Card
13267,4557,3785,2023-06-02,Credit Card
13268,2127,2684,2023-06-14,UPI
13269,42,4267,2023-04-25,Credit Card
13270,2696,4878,2023-06-19,Net Banking
13271,9006,1304,2023-06-18,Debit Card
13272,8404,2676,2023-06-14,Net Banking
13273,5086,2266,2023-06-26,UPI
13274,1316,4769,2023-06-14,Net Banking
13275,9336,2704,2023-04-12,UPI
13276,5494,1129,2023-06-26,UPI
13277,1205,2031,2023-06-22,UPI
13278,233,997,2023-05-10,Credit Card
13279,780,1234,2023-05-03,UPI
13280,9799,4630,2023-05-09,UPI
13281,3239,2976,2023-06-02,UPI
13282,3946,4812,2023-05-26,UPI
13283,6676,4814,2023-05-18,Debit Card
13284,5496,1992,2023-05-28,Debit Card
13285,5513,4521,2023-06-27,UPI
13286,4465,1923,2023-06-26,Debit Card
13287,9233,1885,2023-04-23,Credit Card
13288,2237,2996,2023-03-01,UPI
13289,8562,3158,2023-06-01,Net Banking
13290,7441,336,2023-04-08,Credit Card
13291,2815,3405,2023-04-03,UPI
13292,2420,3408,2023-05-22,Credit Card
13293,6072,905,2023-06-21,Debit Card
13294,8450,330,2023-06-17,Net Banking
13295,5870,1835,2023-03-09,Debit Card
13296,551,1256,2023-06-13,Net Banking
13297,9644,724,2023-05-01,Debit Card
13298,79,3493,2023-03-31,Net Banking
13299,1526,4669,2023-05-24,UPI
13300,2468,3671,2023-04-20,Credit Card
13301,7690,4502,2023-05-07,UPI
13302,2266,1535,2023-03-17,Net Banking
13303,6739,2720,2023-06-04,Credit Card
13304,4375,2680,2023-05-05,Net Banking
13305,525,3252,2023-06-13,Debit Card
13306,548,3894,2023-03-31,Net Banking
13307,8468,3832,2023-06-27,Debit Card
13308,3251,2943,2023-06-03,Debit Card
13309,6534,3451,2023-06-10,Debit Card
13310,7947,2947,2023-04-01,Net Banking
13311,53,265,2023-05-08,Credit Card
13312,6731,2676,2023-03-05,Debit Card
13313,9743,1789,2023-05-27,Credit Card
13314,1600,1230,2023-06-04,Net Banking
13315,9761,3152,2023-06-22,UPI
13316,6054,325,2023-05-19,Debit Card
13317,1645,928,2023-06-05,Net Banking
13318,5269,4626,2023-06-28,Debit Card
13319,3256,2139,2023-06-29,Credit Card
13320,5214,2498,2023-03-14,UPI
13321,9013,3966,2023-06-15,Net Banking
13322,4998,1783,2023-06-13,Debit Card
13323,152,3307,2023-03-22,UPI
13324,9299,3529,2023-06-03,Debit Card
13325,6320,3868,2023-06-14,UPI
13326,2503,2176,2023-05-19,Net Banking
13327,1990,1173,2023-02-17,Debit Card
13328,5813,4017,2023-06-14,Net Banking
13329,49,4179,2023-03-28,Net Banking
13330,3279,3746,2023-06-16,Debit Card
13331,5606,3391,2023-05-30,Credit Card
13332,1166,164,2023-05-22,UPI
13333,2671,3059,2023-06-01,Net Banking
13334,7518,4274,2023-05-24,UPI
13335,3029,2720,2023-05-23,Net Banking
13336,1878,3565,2023-05-20,Net Banking
13337,7751,422,2023-06-23,UPI
13338,4207,1244,2023-04-28,Debit Card
13339,6887,1338,2023-06-10,UPI
13340,5706,1297,2023-05-23,Credit Card
13341,5962,2913,2023-06-16,Credit Card
13342,9787,3454,2023-05-12,Credit Card
13343,331,2652,2023-04-11,Debit Card
13344,4213,384,2023-05-24,Credit Card
13345,6933,3742,2023-05-19,Debit Card
13346,6273,2369,2023-06-27,Credit Card
13347,9693,4309,2023-03-05,UPI
13348,5209,765,2023-06-26,UPI
13349,9592,2813,2023-06-26,Debit Card
13350,4739,4455,2023-04-05,Net Banking
13351,681,2765,2023-06-28,Debit Card
13352,3028,166,2023-01-19,Net Banking
13353,2058,1479,2023-06-18,Net Banking
13354,596,3371,2023-06-27,Debit Card
13355,5510,234,2023-05-09,UPI
13356,9743,4057,2023-05-31,Net Banking
13357,5749,3070,2023-03-23,Debit Card
13358,113,4181,2023-06-18,Net Banking
13359,322,1982,2023-04-29,Debit Card
13360,5298,1268,2023-05-09,UPI
13361,1953,3871,2023-06-11,Debit Card
13362,7255,4126,2023-04-20,UPI
13363,3386,811,2023-05-26,Debit Card
13364,7226,3967,2023-05-25,Credit Card
13365,9910,1222,2023-05-04,Credit Card
13366,634,2669,2023-06-04,Debit Card
13367,7904,1998,2023-05-26,Debit Card
13368,7686,598,2023-05-22,UPI
13369,6895,300,2023-06-16,Debit Card
13370,6949,1146,2023-03-09,Credit Card
13371,759,1628,2023-03-27,Net Banking
13372,241,792,2023-04-21,Debit Card
13373,1233,113,2023-03-15,Net Banking
13374,2540,1868,2023-06-17,Credit Card
13375,3180,3818,2023-06-29,Credit Card
13376,1470,1480,2023-01-28,UPI
13377,9326,2340,2023-03-23,Net Banking
13378,1390,699,2023-06-28,UPI
13379,4330,1440,2023-06-02,Debit Card
13380,4052,923,2023-05-12,Credit Card
13381,4802,4420,2023-04-28,Net Banking
13382,9228,2032,2023-04-14,UPI
13383,2856,753,2023-06-19,UPI
13384,9798,4672,2023-03-17,Debit Card
13385,2080,1681,2023-04-09,Credit Card
13386,5052,1459,2023-06-28,Net Banking
13387,5951,2146,2023-06-10,Debit Card
13388,7164,1898,2023-04-25,UPI
13389,8657,2702,2023-06-10,Net Banking
13390,8988,1206,2023-04-23,Debit Card
13391,30,3057,2023-05-16,Debit Card
13392,2306,3712,2023-06-29,UPI
13393,4015,166,2023-06-02,Debit Card
13394,6695,4555,2023-06-20,Debit Card
13395,4088,1085,2023-06-21,UPI
13396,1173,4652,2023-05-08,Net Banking
13397,3240,2900,2023-06-29,Credit Card
13398,9014,2577,2023-04-07,Debit Card
13399,3285,4200,2023-04-21,UPI
13400,839,4464,2023-05-29,UPI
13401,9110,3704,2023-06-18,UPI
13402,7674,3789,2023-05-09,Credit Card
13403,608,3307,2023-06-16,Net Banking
13404,2896,3279,2023-01-06,Debit Card
13405,3515,2573,2023-06-23,Net Banking
13406,3347,3688,2023-06-24,Debit Card
13407,1670,789,2023-06-24,Credit Card
13408,124,630,2023-05-28,UPI
13409,3407,274,2023-06-27,Net Banking
13410,7712,893,2023-05-22,UPI
13411,3547,3618,2023-04-29,Debit Card
13412,978,3030,2023-05-22,Net Banking
13413,2575,4905,2023-06-02,Debit Card
13414,4871,1657,2023-04-12,Debit Card
13415,6371,1062,2023-05-23,Debit Card
13416,1015,3260,2023-04-17,Debit Card
13417,1362,462,2023-03-28,Net Banking
13418,63,4696,2023-05-28,Net Banking
13419,506,1887,2023-06-05,Credit Card
13420,907,419,2023-04-22,Net Banking
13421,1470,3002,2023-01-29,Net Banking
13422,1837,4377,2023-06-01,Credit Card
13423,80,3570,2023-06-05,Credit Card
13424,187,1701,2023-06-29,UPI
13425,8057,1166,2023-04-22,Net Banking
13426,6599,2925,2023-06-19,Net Banking
13427,6595,4330,2023-05-17,Net Banking
13428,3537,4897,2023-06-18,Net Banking
13429,8835,1378,2023-06-09,Credit Card
13430,7298,2267,2023-06-27,UPI
13431,5458,3562,2023-06-03,Debit Card
13432,9530,3112,2023-04-28,Debit Card
13433,5900,1434,2023-02-17,UPI
13434,2073,1172,2023-06-01,Debit Card
13435,6184,3365,2023-06-21,UPI
13436,8448,3715,2023-05-12,UPI
13437,4743,1140,2023-06-01,Net Banking
13438,5535,4292,2023-06-19,Credit Card
13439,935,3312,2023-05-03,UPI
13440,9693,1063,2023-04-30,Debit Card
13441,5823,2584,2023-06-01,Credit Card
13442,4859,1951,2023-06-12,Credit Card
13443,1511,2465,2023-03-11,UPI
13444,1405,4878,2023-04-05,Net Banking
13445,8213,217,2023-05-22,Net Banking
13446,6227,3428,2023-06-03,Net Banking
13447,7797,1865,2023-03-28,Credit Card
13448,9202,2310,2023-06-14,Net Banking
13449,3113,4825,2023-03-07,UPI
13450,5335,802,2023-03-23,Net Banking
13451,6492,2184,2023-04-09,Credit Card
13452,9180,1288,2023-06-18,UPI
13453,7835,3921,2023-05-16,Debit Card
13454,6540,1948,2023-06-25,Debit Card
13455,1348,1930,2023-03-28,Debit Card
13456,8009,2308,2023-06-18,UPI
13457,2794,529,2023-01-25,Net Banking
13458,3600,3077,2023-03-15,UPI
13459,653,1415,2023-06-24,Net Banking
13460,3909,2242,2023-03-12,UPI
13461,6338,648,2023-06-26,Net Banking
13462,4967,2020,2023-06-09,Credit Card
13463,3666,3601,2023-06-11,Debit Card
13464,4913,4564,2023-03-05,UPI
13465,4408,740,2023-04-25,Net Banking
13466,7322,2692,2023-06-20,Debit Card
13467,6217,539,2023-06-22,Net Banking
13468,4644,3938,2023-06-29,UPI
13469,2131,2642,2023-06-24,Net Banking
13470,2758,2938,2023-01-22,UPI
13471,6485,1654,2023-06-28,UPI
13472,8871,4264,2023-03-08,Credit Card
13473,1454,3722,2023-03-04,Net Banking
13474,3201,3109,2023-03-01,Debit Card
13475,3224,365,2023-01-27,Credit Card
13476,9487,2877,2023-05-24,UPI
13477,2645,4623,2023-05-27,Debit Card
13478,6124,202,2023-06-09,UPI
13479,2146,640,2023-06-28,Net Banking
13480,8460,1392,2023-05-24,Debit Card
13481,6933,583,2023-04-14,Credit Card
13482,1075,2425,2023-06-27,Net Banking
13483,7846,1550,2023-06-03,Debit Card
13484,2275,2077,2023-05-24,Net Banking
13485,9594,1584,2023-06-15,Net Banking
13486,9037,2493,2023-06-01,Debit Card
13487,3949,265,2023-04-10,Credit Card
13488,5088,3030,2023-05-30,Net Banking
13489,7113,2274,2023-03-30,Credit Card
13490,5729,2258,2023-06-08,Credit Card
13491,9573,3854,2023-06-25,Credit Card
13492,9143,1366,2023-02-12,UPI
13493,2465,3086,2023-05-11,Net Banking
13494,6548,3659,2023-03-28,UPI
13495,3018,782,2023-05-06,Credit Card
13496,2365,1184,2023-06-29,Net Banking
13497,9703,281,2023-06-24,UPI
13498,2845,1331,2023-06-12,Credit Card
13499,1307,4218,2023-03-17,Debit Card
13500,980,3243,2023-03-13,Net Banking
13501,3117,2613,2023-06-13,UPI
13502,5139,4787,2023-05-25,Net Banking
13503,2463,4191,2023-06-01,UPI
13504,9941,234,2023-06-02,Net Banking
13505,4456,3717,2023-05-11,Credit Card
13506,614,3164,2023-06-13,Net Banking
13507,9106,3956,2023-03-28,Credit Card
13508,1081,2391,2023-05-30,Net Banking
13509,9677,3097,2023-04-03,Net Banking
13510,6610,2335,2023-04-24,Net Banking
13511,7191,4298,2023-05-25,UPI
13512,4440,2933,2023-05-02,UPI
13513,5480,1184,2023-06-29,Debit Card
13514,8275,3844,2023-06-16,Net Banking
13515,6747,1146,2023-06-29,Net Banking
13516,7265,2872,2023-06-18,Debit Card
13517,1241,2784,2023-05-03,Net Banking
13518,1483,3060,2023-06-28,Debit Card
13519,7900,4861,2023-05-27,Net Banking
13520,9637,4853,2023-05-10,UPI
13521,4319,1379,2023-02-03,UPI
13522,7156,3952,2023-06-16,Debit Card
13523,2401,1349,2023-06-23,Net Banking
13524,5175,160,2023-03-16,Net Banking
13525,6004,3422,2023-02-24,UPI
13526,1262,4904,2023-02-10,Net Banking
13527,8720,4410,2023-06-14,Debit Card
13528,6430,142,2023-06-10,UPI
13529,5537,4634,2023-06-03,Net Banking
13530,5859,1777,2023-04-20,Credit Card
13531,3116,2489,2023-06-05,Credit Card
13532,4463,1984,2023-04-24,Credit Card
13533,3126,2137,2023-05-31,Debit Card
13534,7000,2001,2023-04-07,UPI
13535,2820,2955,2023-06-14,Credit Card
13536,5467,816,2023-03-22,Debit Card
13537,9792,2504,2023-06-27,Debit Card
13538,6597,2397,2023-06-07,Credit Card
13539,1848,1837,2023-02-28,Credit Card
13540,7807,2401,2023-05-02,Net Banking
13541,5655,2425,2023-06-02,UPI
13542,7986,1738,2023-06-29,Debit Card
13543,3720,1984,2023-05-27,Debit Card
13544,4438,4366,2023-06-29,Credit Card
13545,3674,2824,2023-03-05,Net Banking
13546,1369,911,2023-03-06,Debit Card
13547,1676,4042,2023-04-23,UPI
13548,154,2863,2023-06-27,UPI
13549,2972,2047,2023-03-12,UPI
13550,7584,744,2023-04-14,Credit Card
13551,2477,4389,2023-04-05,Credit Card
13552,8252,3440,2023-05-15,Debit Card
13553,6229,4400,2023-06-06,Credit Card
13554,7591,4036,2023-04-27,Debit Card
13555,8999,3459,2023-05-13,Debit Card
13556,6938,3752,2023-05-26,UPI
13557,5278,1036,2023-05-06,Net Banking
13558,3444,122,2023-05-26,Debit Card
13559,5171,3244,2023-04-27,Net Banking
13560,8343,3345,2023-06-27,UPI
13561,9813,733,2023-03-30,UPI
13562,5898,1978,2023-04-16,Credit Card
13563,5685,3925,2023-05-15,Net Banking
13564,331,3338,2023-05-07,Credit Card
13565,3940,4249,2023-05-24,Net Banking
13566,7844,1783,2023-05-28,Net Banking
13567,3511,4540,2023-06-17,Debit Card
13568,3847,1610,2023-04-16,Debit Card
13569,4534,464,2023-06-12,Debit Card
13570,9767,4197,2023-06-20,Debit Card
13571,8862,3437,2023-06-11,UPI
13572,894,4391,2023-04-27,Net Banking
13573,9432,3027,2023-05-14,Net Banking
13574,5279,3553,2023-06-28,Credit Card
13575,7253,4798,2023-02-09,UPI
13576,1409,857,2023-03-28,Credit Card
13577,6183,2713,2023-02-02,UPI
13578,5191,3672,2023-06-29,Net Banking
13579,8443,4099,2023-06-07,Net Banking
13580,8092,4417,2023-06-10,Net Banking
13581,2961,1042,2023-06-04,Credit Card
13582,5717,259,2023-04-10,UPI
13583,8909,1246,2023-06-21,Net Banking
13584,8059,3539,2023-06-28,Debit Card
13585,230,2579,2023-06-26,Credit Card
13586,6424,3465,2023-04-01,Credit Card
13587,5906,2641,2023-06-16,UPI
13588,7873,938,2023-06-15,Credit Card
13589,6606,2276,2023-05-31,Net Banking
13590,2794,3530,2023-06-06,Credit Card
13591,3893,4894,2023-03-17,Debit Card
13592,9231,3105,2023-06-02,Net Banking
13593,9003,935,2023-02-28,Debit Card
13594,3994,3352,2023-05-27,Debit Card
13595,6015,2798,2023-02-06,Debit Card
13596,2405,1916,2023-05-09,UPI
13597,4479,793,2023-02-23,Credit Card
13598,507,3855,2023-05-02,Debit Card
13599,6155,1081,2023-06-01,Net Banking
13600,4813,4761,2023-03-28,Debit Card
13601,6603,1093,2023-05-23,Credit Card
13602,2878,3745,2023-03-25,Net Banking
13603,1579,1624,2023-06-29,UPI
13604,3405,4618,2023-06-22,Credit Card
13605,8306,4823,2023-05-22,Credit Card
13606,179,4844,2023-06-15,Debit Card
13607,4644,3741,2023-04-24,Net Banking
13608,9450,496,2023-06-23,UPI
13609,7264,1052,2023-03-04,Net Banking
13610,481,3558,2023-05-30,Net Banking
13611,9496,1339,2023-04-30,UPI
13612,5797,4166,2023-06-26,Credit Card
13613,1359,3835,2023-06-14,Net Banking
13614,8133,4206,2023-06-29,UPI
13615,5268,503,2023-06-01,Net Banking
13616,3254,4385,2023-03-20,Credit Card
13617,7759,4297,2023-05-17,Credit Card
13618,3138,182,2023-05-31,UPI
13619,1130,3070,2023-04-23,Net Banking
13620,7952,4737,2023-02-01,Net Banking
13621,5433,989,2023-06-26,Credit Card
13622,3817,1802,2023-06-22,Credit Card
13623,2990,1297,2023-05-31,UPI
13624,4193,1793,2023-05-02,UPI
13625,4481,1689,2023-04-17,Credit Card
13626,4919,2124,2023-04-20,Credit Card
13627,4355,2653,2023-04-15,Credit Card
13628,1120,1910,2023-04-16,Debit Card
13629,2899,4847,2023-04-22,UPI
13630,1929,2398,2023-04-04,Credit Card
13631,4347,2156,2023-06-05,Debit Card
13632,2774,1950,2023-06-13,Debit Card
13633,3730,4961,2023-06-19,Credit Card
13634,4674,2010,2023-06-16,Credit Card
13635,9743,1489,2023-06-27,Debit Card
13636,6492,878,2023-06-18,Debit Card
13637,5685,1874,2023-06-17,Net Banking
13638,2203,459,2023-06-22,Credit Card
13639,2152,4558,2023-06-20,Credit Card
13640,943,2685,2023-06-29,Credit Card
13641,536,1704,2023-06-25,Net Banking
13642,2579,4919,2023-05-08,UPI
13643,5291,908,2023-06-12,UPI
13644,7674,2792,2023-04-22,UPI
13645,6693,645,2023-06-23,Debit Card
13646,657,4130,2023-04-03,Debit Card
13647,6558,3108,2023-06-06,Credit Card
13648,4199,4347,2023-06-03,Debit Card
13649,2351,613,2023-06-25,Debit Card
13650,1708,866,2023-03-04,Credit Card
13651,5645,3014,2023-02-26,Debit Card
13652,8773,3857,2023-03-01,Net Banking
13653,9812,970,2023-04-19,Credit Card
13654,6015,572,2023-04-15,Net Banking
13655,1165,4673,2023-06-19,Net Banking
13656,8638,1899,2023-03-28,Net Banking
13657,451,2849,2023-06-29,Debit Card
13658,9708,3319,2023-06-11,Debit Card
13659,8705,838,2023-05-11,Credit Card
13660,9724,4506,2023-06-11,Credit Card
13661,468,3404,2023-03-20,Debit Card
13662,2285,2046,2023-04-04,Net Banking
13663,3720,2341,2023-06-07,UPI
13664,3152,4019,2023-03-19,Debit Card
13665,9152,3802,2023-03-24,Net Banking
13666,8535,1853,2023-05-30,UPI
13667,2622,712,2023-05-20,Debit Card
13668,1000,3828,2023-05-19,Net Banking
13669,6157,1777,2023-06-23,Credit Card
13670,8373,3452,2023-05-01,Credit Card
13671,9357,182,2023-06-16,Net Banking
13672,8979,1259,2023-05-17,Debit Card
13673,4153,1213,2023-06-29,Debit Card
13674,5497,1291,2023-06-24,Debit Card
13675,6536,1954,2023-05-29,Credit Card
13676,7971,1157,2023-06-28,Debit Card
13677,9266,4521,2023-06-20,UPI
13678,1435,1686,2023-05-09,UPI
13679,2575,3707,2023-06-23,UPI
13680,1005,2572,2023-05-31,Net Banking
13681,5636,2076,2023-06-29,UPI
13682,6426,1318,2023-04-17,Net Banking
13683,553,2637,2023-06-29,Credit Card
13684,5013,4265,2023-03-29,Debit Card
13685,2755,2150,2023-02-17,Credit Card
13686,2392,4271,2023-05-15,Net Banking
13687,9861,3578,2023-06-23,UPI
13688,1062,4267,2023-05-26,Credit Card
13689,3892,158,2023-03-04,Credit Card
13690,1088,2025,2023-06-16,Net Banking
13691,7022,1663,2023-05-04,UPI
13692,5559,4276,2023-06-21,Credit Card
13693,7632,4137,2023-05-13,Debit Card
13694,299,3840,2023-04-11,Credit Card
13695,1233,144,2023-02-26,Credit Card
13696,7119,130,2023-06-08,Net Banking
13697,8051,4278,2023-05-15,Debit Card
13698,3106,4227,2023-06-11,Debit Card
13699,7037,109,2023-06-11,Net Banking
13700,7196,693,2023-05-23,Net Banking
13701,2811,787,2023-05-26,Net Banking
13702,2330,3641,2023-06-28,Debit Card
13703,6161,731,2023-06-07,Debit Card
13704,2080,146,2023-04-27,Debit Card
13705,6720,3853,2023-06-20,Debit Card
13706,1109,123,2023-06-27,Credit Card
13707,2371,1364,2023-04-17,Net Banking
13708,4435,685,2023-06-17,UPI
13709,2533,1987,2023-06-27,Debit Card
13710,2575,154,2023-05-29,Debit Card
13711,2350,3422,2023-03-28,Net Banking
13712,1978,1147,2023-05-18,Credit Card
13713,7876,3247,2023-05-09,Credit Card
13714,4135,1835,2023-02-01,UPI
13715,7030,1493,2023-05-10,UPI
13716,5437,4618,2023-04-24,Net Banking
13717,2160,187,2023-04-03,Credit Card
13718,4591,2798,2023-06-22,UPI
13719,7886,1671,2023-06-28,UPI
13720,8052,3926,2023-04-20,Debit Card
13721,6469,4559,2023-03-08,Debit Card
13722,2194,881,2023-03-14,Debit Card
13723,1837,1780,2023-06-26,Net Banking
13724,7936,3520,2023-05-24,UPI
13725,5704,586,2023-06-11,Credit Card
13726,9800,3375,2023-05-14,Debit Card
13727,2062,2890,2023-04-10,Credit Card
13728,8037,3380,2023-06-14,Debit Card
13729,3374,4251,2023-04-11,Debit Card
13730,5477,177,2023-05-27,Credit Card
13731,6146,4158,2023-03-28,Debit Card
13732,7827,1511,2023-06-26,Net Banking
13733,4250,4919,2023-05-11,UPI
13734,5652,1467,2023-06-06,Debit Card
13735,7495,2709,2023-04-22,Credit Card
13736,8678,2802,2023-06-10,Credit Card
13737,1384,3276,2023-06-17,UPI
13738,4594,1807,2023-06-19,Credit Card
13739,8534,421,2023-06-28,Debit Card
13740,1836,3054,2023-04-08,Debit Card
13741,7818,1005,2023-06-23,Net Banking
13742,3697,2189,2023-05-10,UPI
13743,6352,519,2023-04-15,Debit Card
13744,6986,3764,2023-06-27,Debit Card
13745,9535,1379,2023-06-12,Credit Card
13746,3192,3900,2023-06-26,Net Banking
13747,484,682,2023-05-04,Debit Card
13748,3228,2651,2023-06-16,Net Banking
13749,7914,454,2023-05-15,UPI
13750,3730,2673,2023-06-27,Debit Card
13751,5145,2158,2023-06-12,Credit Card
13752,8367,962,2023-05-11,UPI
13753,2534,121,2023-06-18,Debit Card
13754,1783,729,2023-04-26,UPI
13755,4994,3771,2023-03-01,Net Banking
13756,4884,4915,2023-03-05,Debit Card
13757,2170,2810,2023-06-23,Net Banking
13758,2645,3553,2023-05-20,Debit Card
13759,8967,1843,2023-03-03,UPI
13760,9484,4421,2023-06-20,UPI
13761,6885,4838,2023-05-23,UPI
13762,5419,4346,2023-06-13,Net Banking
13763,4092,775,2023-06-19,UPI
13764,5544,244,2023-06-02,Net Banking
13765,7654,1236,2023-06-11,Debit Card
13766,3779,229,2023-03-09,Net Banking
13767,8570,4668,2023-06-03,Credit Card
13768,6266,2862,2023-06-22,Credit Card
13769,4367,2411,2023-05-03,UPI
13770,9207,1439,2023-06-01,Credit Card
13771,8279,2495,2023-04-27,Debit Card
13772,4858,1037,2023-06-16,Net Banking
13773,9483,100,2023-06-21,UPI
13774,4191,4015,2023-06-27,Credit Card
13775,2188,3539,2023-06-10,Net Banking
13776,1908,1879,2023-04-04,Net Banking
13777,3590,1085,2023-05-08,Debit Card
13778,966,450,2023-06-21,Debit Card
13779,8519,1239,2023-05-27,Debit Card
13780,6148,4181,2023-05-18,Debit Card
13781,23,1457,2023-06-16,Debit Card
13782,4556,832,2023-06-06,Net Banking
13783,1614,4029,2023-06-16,Net Banking
13784,1861,4997,2023-04-29,Debit Card
13785,326,3010,2023-03-22,Debit Card
13786,2046,1121,2023-06-18,Debit Card
13787,1480,4570,2023-05-09,UPI
13788,9202,1715,2023-05-26,Net Banking
13789,5746,2565,2023-06-28,Debit Card
13790,4107,4687,2023-03-22,Debit Card
13791,9220,1822,2023-05-23,Credit Card
13792,1038,2596,2023-06-04,Net Banking
13793,3401,1950,2023-04-26,Credit Card
13794,1203,729,2023-01-29,Credit Card
13795,5953,4415,2023-05-14,Debit Card
13796,2936,2892,2023-06-18,Net Banking
13797,7296,2529,2023-06-23,Debit Card
13798,1810,2120,2023-06-17,Net Banking
13799,2552,1862,2023-01-31,Net Banking
13800,2346,3305,2023-06-17,Credit Card
13801,3922,4259,2023-02-25,UPI
13802,9538,4770,2023-03-21,UPI
13803,5623,1471,2023-05-18,Net Banking
13804,1555,4119,2023-05-10,Credit Card
13805,7311,2519,2023-04-02,Debit Card
13806,3379,3317,2023-03-29,Net Banking
13807,6442,4646,2023-06-23,Debit Card
13808,111,503,2023-02-21,Net Banking
13809,6208,2639,2023-06-03,Debit Card
13810,1375,394,2023-06-27,Credit Card
13811,9491,2228,2023-06-06,UPI
13812,5350,2412,2023-03-25,Net Banking
13813,3169,1930,2023-06-18,Net Banking
13814,8093,3156,2023-06-04,Credit Card
13815,407,3209,2023-06-21,Credit Card
13816,5121,3245,2023-05-30,Net Banking
13817,7358,4067,2023-06-28,Credit Card
13818,3978,4649,2023-06-11,UPI
13819,4441,1503,2023-05-03,UPI
13820,2613,2085,2023-06-28,UPI
13821,8980,4837,2023-05-31,Credit Card
13822,515,799,2023-04-06,UPI
13823,9468,2758,2023-05-10,Credit Card
13824,3061,517,2023-06-25,UPI
13825,2477,231,2023-04-20,Debit Card
13826,290,4608,2023-05-15,Credit Card
13827,6079,2895,2023-06-14,Net Banking
13828,3016,3143,2023-06-14,Credit Card
13829,4191,1853,2023-06-20,Debit Card
13830,2905,3729,2023-05-21,Credit Card
13831,9835,2232,2023-06-17,Credit Card
13832,7727,1661,2023-02-27,UPI
13833,4264,3019,2023-05-22,Net Banking
13834,30,1538,2023-05-24,Credit Card
13835,9923,3649,2023-05-11,Debit Card
13836,6683,138,2023-06-04,Debit Card
13837,1245,1209,2023-06-18,Net Banking
13838,9142,2288,2023-06-29,Debit Card
13839,5599,245,2023-05-01,Debit Card
13840,7989,4537,2023-05-10,UPI
13841,1424,3327,2023-06-01,Debit Card
13842,6390,297,2023-06-26,Credit Card
13843,691,4185,2023-04-14,Debit Card
13844,2070,3747,2023-04-20,Credit Card
13845,2856,610,2023-06-15,Net Banking
13846,153,2960,2023-06-01,Credit Card
13847,7591,2580,2023-06-15,Credit Card
13848,1843,4870,2023-04-09,Debit Card
13849,4169,3454,2023-05-22,Debit Card
13850,9541,4479,2023-06-05,Debit Card
13851,323,1776,2023-05-28,Net Banking
13852,8490,2430,2023-05-31,Credit Card
13853,5014,3070,2023-05-17,Debit Card
13854,4078,3244,2023-05-11,Debit Card
13855,4403,4613,2023-04-01,UPI
13856,1976,422,2023-05-24,Credit Card
13857,9632,4358,2023-05-09,Credit Card
13858,2253,1451,2023-06-24,Debit Card
13859,1059,3873,2023-06-29,Credit Card
13860,1207,2766,2023-06-21,Credit Card
13861,880,183,2023-05-22,UPI
13862,8950,2184,2023-04-03,Net Banking
13863,1421,2923,2023-04-14,Debit Card
13864,8823,3507,2023-05-31,Credit Card
13865,7385,1684,2023-05-21,Debit Card
13866,9798,3666,2023-04-13,UPI
13867,4620,4739,2023-06-22,Debit Card
13868,2015,2013,2023-04-30,UPI
13869,5852,4710,2023-06-10,Net Banking
13870,6695,2623,2023-06-28,UPI
13871,7157,2524,2023-05-31,Net Banking
13872,4439,3698,2023-03-26,Net Banking
13873,8648,172,2023-06-03,Debit Card
13874,8041,2057,2023-06-15,Debit Card
13875,5359,155,2023-04-28,Credit Card
13876,1378,2108,2023-01-24,Debit Card
13877,4104,2307,2023-05-16,UPI
13878,7993,2204,2023-04-18,UPI
13879,8767,4384,2023-06-16,Net Banking
13880,2379,4574,2023-04-01,Credit Card
13881,2634,1403,2023-03-26,UPI
13882,9382,1590,2023-06-06,Debit Card
13883,9735,3536,2023-05-20,Net Banking
13884,3072,1487,2023-06-12,Credit Card
13885,2398,2278,2023-05-27,UPI
13886,4433,4525,2023-06-18,UPI
13887,4383,1523,2023-05-16,Credit Card
13888,893,3668,2023-04-17,Credit Card
13889,5943,1719,2023-03-07,Credit Card
13890,5767,3551,2023-05-18,Debit Card
13891,6166,506,2023-06-24,Credit Card
13892,4430,1107,2023-04-06,Net Banking
13893,5160,925,2023-04-06,Net Banking
13894,6336,2318,2023-06-29,Net Banking
13895,2409,2751,2023-05-28,Net Banking
13896,1541,143,2023-04-23,Net Banking
13897,5279,4384,2023-06-10,Net Banking
13898,4921,443,2023-04-01,Net Banking
13899,4494,3947,2023-06-04,UPI
13900,3765,3634,2023-03-07,UPI
13901,1860,4915,2023-04-30,UPI
13902,6028,1402,2023-05-04,Credit Card
13903,3083,4869,2023-05-05,Net Banking
13904,4567,1971,2023-04-03,UPI
13905,5823,1307,2023-04-20,UPI
13906,4311,3088,2023-03-04,Net Banking
13907,6614,4810,2023-02-05,Credit Card
13908,7035,898,2023-06-06,Debit Card
13909,2196,2092,2023-06-25,Credit Card
13910,6125,3654,2023-05-31,UPI
13911,2022,4032,2023-05-28,UPI
13912,2728,560,2023-06-23,Debit Card
13913,8211,2035,2023-05-17,Net Banking
13914,7251,2567,2023-05-21,Debit Card
13915,8466,1784,2023-06-23,Credit Card
13916,4581,1189,2023-06-04,UPI
13917,5383,4067,2023-06-08,Debit Card
13918,3374,2952,2023-06-05,Debit Card
13919,9341,3220,2023-05-07,Debit Card
13920,6604,4076,2023-06-04,Debit Card
13921,7675,634,2023-06-02,Net Banking
13922,2882,4809,2023-06-22,Net Banking
13923,9762,4582,2023-04-12,Debit Card
13924,1918,2672,2023-05-20,Net Banking
13925,2735,4306,2023-06-15,Debit Card
13926,18,2996,2023-05-13,Net Banking
13927,2448,2557,2023-06-18,Debit Card
13928,7480,4673,2023-02-05,Net Banking
13929,9410,984,2023-01-13,Credit Card
13930,1486,4474,2023-04-28,Net Banking
13931,2171,3118,2023-06-23,UPI
13932,1043,1874,2023-04-30,UPI
13933,5183,4288,2023-06-15,UPI
13934,7493,1671,2023-06-11,Debit Card
13935,9388,1895,2023-03-04,Debit Card
13936,6661,759,2023-06-17,Credit Card
13937,1755,4294,2023-06-28,Credit Card
13938,7251,3497,2023-06-19,UPI
13939,9837,4601,2023-04-23,UPI
13940,7189,1821,2023-05-17,Net Banking
13941,5453,3595,2023-06-22,UPI
13942,7922,1186,2023-06-14,UPI
13943,5915,780,2023-06-24,Credit Card
13944,9716,676,2023-06-26,Debit Card
13945,8126,4330,2023-05-14,Debit Card
13946,2179,904,2023-06-28,Credit Card
13947,8548,101,2023-05-21,UPI
13948,4880,2549,2023-05-10,Debit Card
13949,7854,793,2023-01-22,Debit Card
13950,7574,4402,2023-06-18,Credit Card
13951,2940,521,2023-04-30,UPI
13952,3802,1033,2023-06-29,UPI
13953,57,3932,2023-02-17,Net Banking
13954,8130,4755,2023-05-26,Debit Card
13955,901,1355,2023-06-04,UPI
13956,3228,4901,2023-04-14,Net Banking
13957,4565,3863,2023-03-21,Credit Card
13958,814,1819,2023-03-22,Credit Card
13959,5377,1117,2023-04-22,Net Banking
13960,8889,141,2023-04-30,UPI
13961,5680,3104,2023-06-08,Debit Card
13962,4556,2354,2023-05-10,Credit Card
13963,306,306,2023-06-04,UPI
13964,8676,170,2023-06-16,UPI
13965,4841,4273,2023-06-28,Debit Card
13966,44,4559,2023-06-17,Net Banking
13967,7173,2221,2023-06-25,Debit Card
13968,6492,707,2023-05-04,UPI
13969,4099,2124,2023-06-25,UPI
13970,6868,3709,2023-06-29,Debit Card
13971,5167,3416,2023-06-24,Net Banking
13972,7464,2872,2023-04-28,UPI
13973,3476,1709,2023-05-24,UPI
13974,4149,4211,2023-04-26,UPI
13975,1570,1376,2023-06-25,Net Banking
13976,6928,3198,2023-06-04,Credit Card
13977,8383,2188,2023-06-23,Credit Card
13978,3686,3862,2023-04-01,Debit Card
13979,9290,3903,2023-06-16,UPI
13980,6282,3736,2023-06-01,Credit Card
13981,6616,4119,2023-06-01,UPI
13982,1795,3167,2023-05-26,Debit Card
13983,1427,4026,2023-05-27,Net Banking
13984,6384,793,2023-06-18,Debit Card
13985,1963,2405,2023-05-23,UPI
13986,4998,3721,2023-06-22,Debit Card
13987,1765,3716,2023-04-01,Net Banking
13988,4938,2179,2023-06-09,Debit Card
13989,2639,603,2023-06-06,Debit Card
13990,1053,2649,2023-03-19,Net Banking
13991,4383,1808,2023-06-23,Credit Card
13992,6131,1224,2023-05-22,Net Banking
13993,1745,3154,2023-06-11,Credit Card
13994,9544,1454,2023-06-02,Net Banking
13995,8172,4422,2023-06-12,Credit Card
13996,3848,2602,2023-06-28,Debit Card
13997,5310,2591,2023-06-20,Credit Card
13998,2013,3022,2023-05-23,Credit Card
13999,1808,2278,2023-06-27,UPI
14000,447,4145,2023-05-24,Debit Card
14001,1619,2843,2023-06-04,Net Banking
14002,6301,2753,2023-06-29,Credit Card
14003,817,231,2023-06-11,UPI
14004,6317,3852,2023-04-07,Credit Card
14005,1837,4043,2023-06-06,Debit Card
14006,66,4685,2023-05-14,Debit Card
14007,4932,2812,2023-06-02,Debit Card
14008,2105,4304,2023-03-29,Net Banking
14009,6642,3218,2023-06-26,Net Banking
14010,7632,1578,2023-04-01,Debit Card
14011,5883,4490,2023-06-27,Credit Card
14012,4947,250,2023-06-23,UPI
14013,3616,224,2023-02-15,Credit Card
14014,8893,2773,2023-01-18,Debit Card
14015,6280,3165,2023-06-17,Net Banking
14016,9502,3689,2023-05-05,Net Banking
14017,4088,3881,2023-04-30,UPI
14018,8809,2555,2023-06-26,Debit Card
14019,7103,4320,2023-06-19,Net Banking
14020,5583,4513,2023-05-18,Credit Card
14021,2727,4335,2023-06-25,Debit Card
14022,4471,3907,2023-05-12,UPI
14023,8341,4327,2023-06-21,UPI
14024,4656,1315,2023-02-06,Debit Card
14025,2463,4738,2023-04-25,Credit Card
14026,9027,1250,2023-02-19,UPI
14027,2328,2162,2023-02-01,Credit Card
14028,7165,2393,2023-02-12,UPI
14029,1232,525,2023-05-26,Credit Card
14030,8648,727,2023-05-19,Credit Card
14031,7450,3700,2023-06-09,Debit Card
14032,2017,1154,2023-06-28,Credit Card
14033,2541,324,2023-04-30,Net Banking
14034,3502,442,2023-04-12,Net Banking
14035,9821,1935,2023-05-31,Net Banking
14036,1126,1607,2023-06-12,Debit Card
14037,7283,1117,2023-04-02,UPI
14038,8905,401,2023-05-06,Debit Card
14039,8069,3682,2023-03-22,Net Banking
14040,9220,3899,2023-05-19,Net Banking
14041,7857,387,2023-06-04,Net Banking
14042,4504,2337,2023-05-17,Credit Card
14043,6383,4722,2023-05-11,Debit Card
14044,8537,3423,2023-03-12,Debit Card
14045,2510,2536,2023-04-06,Credit Card
14046,8467,1911,2023-06-18,Credit Card
14047,1776,2373,2023-06-20,UPI
14048,2149,4480,2023-06-20,Credit Card
14049,8871,4062,2023-04-02,Credit Card
14050,6371,4222,2023-05-30,Net Banking
14051,611,2474,2023-05-31,UPI
14052,4209,3911,2023-05-23,UPI
14053,5750,169,2023-06-26,UPI
14054,8638,1298,2023-04-29,Debit Card
14055,4598,2343,2023-06-18,Credit Card
14056,9003,1483,2023-04-07,Debit Card
14057,2836,3467,2023-06-21,Debit Card
14058,7604,2167,2023-06-13,Credit Card
14059,282,3251,2023-06-26,Credit Card
14060,8211,602,2023-05-31,Debit Card
14061,8762,4986,2023-06-23,UPI
14062,4016,525,2023-06-05,Debit Card
14063,57,2002,2023-05-14,UPI
14064,6722,493,2023-05-09,Debit Card
14065,4639,272,2023-03-12,Net Banking
14066,6119,3501,2023-04-30,Net Banking
14067,895,1421,2023-02-06,Credit Card
14068,5898,4282,2023-05-05,Debit Card
14069,124,4889,2023-03-17,Net Banking
14070,4880,4960,2023-06-16,UPI
14071,8648,4031,2023-04-19,Debit Card
14072,3166,627,2023-06-13,Credit Card
14073,2252,1700,2023-04-27,Debit Card
14074,1171,3851,2023-06-28,Credit Card
14075,6552,1242,2023-05-01,UPI
14076,2573,3433,2023-05-04,Net Banking
14077,7175,4851,2023-06-03,Credit Card
14078,8209,1492,2023-04-23,Net Banking
14079,3895,3982,2023-05-19,Net Banking
14080,1921,4938,2023-03-20,UPI
14081,3867,2320,2023-06-29,UPI
14082,9342,252,2023-06-23,Net Banking
14083,1164,2583,2023-06-05,UPI
14084,5222,3319,2023-04-07,Credit Card
14085,8456,4570,2023-05-19,Debit Card
14086,1147,1444,2023-06-28,Debit Card
14087,6796,2827,2023-04-03,Credit Card
14088,1798,4109,2023-06-15,UPI
14089,575,1143,2023-03-19,Net Banking
14090,2553,460,2023-03-28,Net Banking
14091,4057,3745,2023-04-16,Net Banking
14092,2907,4193,2023-06-05,UPI
14093,188,3837,2023-06-02,Credit Card
14094,3011,848,2023-06-11,UPI
14095,3738,1104,2023-06-24,Credit Card
14096,6324,2855,2023-06-24,Credit Card
14097,1060,3580,2023-06-21,Credit Card
14098,2836,315,2023-05-17,Net Banking
14099,4951,3250,2023-03-23,Debit Card
14100,1702,2411,2023-05-31,Debit Card
14101,6991,1156,2023-04-03,Net Banking
14102,5852,1296,2023-03-24,Net Banking
14103,3488,3097,2023-06-06,Debit Card
14104,7341,2802,2023-06-08,Net Banking
14105,2136,2562,2023-06-03,Debit Card
14106,6736,3821,2023-06-11,Debit Card
14107,4324,3552,2023-06-24,Net Banking
14108,3426,2001,2023-06-23,Net Banking
14109,7000,1829,2023-02-25,Credit Card
14110,702,2066,2023-06-29,Debit Card
14111,8195,3142,2023-04-26,UPI
14112,675,1850,2023-05-24,Credit Card
14113,8215,3671,2023-06-19,Credit Card
14114,860,3022,2023-06-05,Debit Card
14115,5560,4195,2023-05-20,Credit Card
14116,2032,1304,2023-05-17,Debit Card
14117,7494,1615,2023-06-19,Debit Card
14118,9162,4690,2023-05-26,Net Banking
14119,6666,3595,2023-06-08,Net Banking
14120,3775,2560,2023-06-27,Net Banking
14121,408,2618,2023-05-29,Debit Card
14122,8230,395,2023-03-10,UPI
14123,148,2665,2023-05-29,UPI
14124,9770,2279,2023-04-25,UPI
14125,2299,2284,2023-06-03,Debit Card
14126,561,498,2023-04-24,Credit Card
14127,1640,1132,2023-06-13,Credit Card
14128,2902,3282,2023-04-04,Credit Card
14129,4273,3462,2023-06-25,Debit Card
14130,5214,2348,2023-06-06,Net Banking
14131,5883,2440,2023-06-25,Credit Card
14132,8248,3950,2023-02-07,Net Banking
14133,1261,1811,2023-06-25,Net Banking
14134,5870,558,2023-02-04,UPI
14135,2102,936,2023-06-16,Net Banking
14136,2486,3855,2023-02-28,UPI
14137,5528,3444,2023-03-08,UPI
14138,5370,4959,2023-05-10,Net Banking
14139,7731,4093,2023-03-25,UPI
14140,4368,4959,2023-06-20,Net Banking
14141,5042,3312,2023-06-20,Net Banking
14142,3250,4641,2023-05-28,Credit Card
14143,9626,1950,2023-06-27,Debit Card
14144,4587,102,2023-03-09,Debit Card
14145,8475,3035,2023-03-17,UPI
14146,1729,659,2023-05-25,Debit Card
14147,1230,4762,2023-06-18,UPI
14148,9342,146,2023-06-05,Debit Card
14149,7393,3922,2023-04-30,Debit Card
14150,3447,1297,2023-05-10,Debit Card
14151,1832,2480,2023-05-28,Debit Card
14152,2811,4824,2023-05-03,Debit Card
14153,3933,4004,2023-05-01,Debit Card
14154,7288,4016,2023-05-17,Net Banking
14155,178,3337,2023-06-27,Debit Card
14156,5572,4086,2023-06-05,UPI
14157,2872,4196,2023-06-11,Credit Card
14158,3468,3622,2023-06-09,Credit Card
14159,1885,3757,2023-03-28,Net Banking
14160,5360,4084,2023-02-24,Debit Card
14161,2126,4111,2023-04-18,UPI
14162,8583,1148,2023-05-07,Net Banking
14163,1795,4515,2023-06-07,Net Banking
14164,6979,314,2023-04-03,Credit Card
14165,1055,3233,2023-05-04,Debit Card
14166,4106,3426,2023-06-15,Debit Card
14167,8009,1477,2023-06-15,Credit Card
14168,3345,4323,2023-06-06,Net Banking
14169,7923,991,2023-06-11,Debit Card
14170,7584,3939,2023-06-23,UPI
14171,8871,4422,2023-04-05,Credit Card
14172,5629,4127,2023-06-29,UPI
14173,5168,589,2023-03-09,Credit Card
14174,9118,4343,2023-06-23,Net Banking
14175,5242,2509,2023-06-25,Net Banking
14176,1232,1980,2023-04-19,UPI
14177,5318,3429,2023-06-08,Net Banking
14178,7528,2437,2023-02-11,Credit Card
14179,1953,1819,2023-05-15,Credit Card
14180,9387,314,2023-06-25,Net Banking
14181,2492,1600,2023-06-26,Net Banking
14182,2239,4412,2023-06-11,Debit Card
14183,7271,2237,2023-05-10,Net Banking
14184,2989,4793,2023-06-22,UPI
14185,7941,2973,2023-04-22,Credit Card
14186,3961,250,2023-06-01,Credit Card
14187,3765,2181,2023-04-20,UPI
14188,3903,2654,2023-05-22,Net Banking
14189,2696,4648,2023-06-04,UPI
14190,1090,535,2023-04-08,Net Banking
14191,9594,4805,2023-05-24,Net Banking
14192,4246,2858,2023-02-10,Credit Card
14193,9472,2850,2023-05-08,Credit Card
14194,871,2355,2023-04-11,Debit Card
14195,1205,3882,2023-06-22,UPI
14196,1504,1432,2023-06-07,Net Banking
14197,2519,1277,2023-04-12,Debit Card
14198,6431,1739,2023-06-04,Net Banking
14199,7134,1729,2023-05-28,Debit Card
14200,4730,144,2023-06-13,Net Banking
14201,436,3309,2023-05-04,Debit Card
14202,9670,141,2023-02-16,UPI
14203,5370,3481,2023-05-07,Net Banking
14204,5378,1521,2023-06-08,Debit Card
14205,4656,857,2023-04-22,Debit Card
14206,4049,4414,2023-03-20,Debit Card
14207,4395,3757,2023-06-16,Net Banking
14208,6219,2486,2023-06-18,Credit Card
14209,8318,3950,2023-04-02,Credit Card
14210,8604,4998,2023-05-29,Net Banking
14211,9654,4389,2023-06-26,Net Banking
14212,2525,3374,2023-06-19,Debit Card
14213,4962,4829,2023-06-25,Credit Card
14214,4966,1163,2023-06-12,Credit Card
14215,3867,413,2023-06-26,Debit Card
14216,8093,1735,2023-06-20,Debit Card
14217,2978,158,2023-05-16,Debit Card
14218,3814,2067,2023-06-25,Credit Card
14219,2401,2109,2023-06-23,Debit Card
14220,4362,531,2023-05-01,UPI
14221,453,3691,2023-06-29,UPI
14222,6566,4089,2023-06-26,Debit Card
14223,6887,4594,2023-06-22,Net Banking
14224,6028,2187,2023-06-07,UPI
14225,7072,1713,2023-03-18,Net Banking
14226,7791,1228,2023-06-23,Net Banking
14227,9348,4172,2023-06-20,Credit Card
14228,6355,2143,2023-05-26,Debit Card
14229,590,3475,2023-03-18,Debit Card
14230,2285,3634,2023-03-20,UPI
14231,4447,570,2023-03-26,Net Banking
14232,2104,3889,2023-04-20,Credit Card
14233,3754,394,2023-06-08,Net Banking
14234,6957,1988,2023-06-24,UPI
14235,6180,4913,2023-06-15,Net Banking
14236,2280,4812,2023-01-27,Credit Card
14237,6892,1133,2023-05-31,Net Banking
14238,8043,622,2023-06-29,Net Banking
14239,6101,1442,2023-06-21,Debit Card
14240,2713,4614,2023-02-22,UPI
14241,9495,3639,2023-06-27,Credit Card
14242,9447,2864,2023-06-28,Debit Card
14243,2788,4497,2023-06-29,Debit Card
14244,6101,2325,2023-06-20,Debit Card
14245,8352,4411,2023-05-19,UPI
14246,2013,204,2023-05-06,Net Banking
14247,9696,1644,2023-04-07,UPI
14248,4268,3626,2023-06-28,Credit Card
14249,4955,1024,2023-05-19,UPI
14250,747,2262,2023-06-06,Net Banking
14251,8927,257,2023-03-27,UPI
14252,8909,3268,2023-06-27,Net Banking
14253,8931,4789,2023-06-08,UPI
14254,6352,4608,2023-04-17,Debit Card
14255,3077,4805,2023-02-22,Credit Card
14256,7146,2652,2023-05-04,UPI
14257,4052,3731,2023-04-04,Net Banking
14258,553,745,2023-06-27,Net Banking
14259,6988,3153,2023-05-23,Credit Card
14260,4221,436,2023-06-05,Credit Card
14261,4869,500,2023-06-18,UPI
14262,3668,3419,2023-04-27,Debit Card
14263,8132,3428,2023-05-27,Net Banking
14264,3515,3552,2023-06-28,Debit Card
14265,3781,2653,2023-04-09,UPI
14266,2541,1390,2023-06-14,Debit Card
14267,3176,618,2023-05-26,Credit Card
14268,2425,3655,2023-06-28,Net Banking
14269,2608,1406,2023-05-04,Debit Card
14270,3789,113,2023-05-23,Credit Card
14271,5522,2046,2023-06-10,UPI
14272,8221,1500,2023-05-27,UPI
14273,7464,2280,2023-04-22,Credit Card
14274,1482,2552,2023-06-01,Credit Card
14275,663,4409,2023-03-15,Credit Card
14276,4957,2016,2023-06-10,UPI
14277,3085,423,2023-06-08,Net Banking
14278,4337,4938,2023-06-01,Credit Card
14279,9249,1442,2023-05-25,Debit Card
14280,91,3845,2023-03-22,Net Banking
14281,3534,3722,2023-04-04,Net Banking
14282,8617,3531,2023-04-15,Net Banking
14283,3804,1385,2023-03-28,Debit Card
14284,4767,2342,2023-05-20,Credit Card
14285,6561,1227,2023-05-27,Net Banking
14286,2078,3548,2023-06-16,Debit Card
14287,2678,3597,2023-06-14,UPI
14288,4641,1257,2023-02-04,Credit Card
14289,4175,4462,2023-06-29,Net Banking
14290,7502,3840,2023-06-03,Net Banking
14291,5749,2968,2023-05-31,Credit Card
14292,4452,3800,2023-05-19,Credit Card
14293,7400,2000,2023-06-02,Debit Card
14294,3126,2645,2023-02-01,Credit Card
14295,7245,2198,2023-04-20,Net Banking
14296,5563,1304,2023-03-07,Credit Card
14297,2499,4421,2023-04-14,Net Banking
14298,1439,2818,2023-06-29,UPI
14299,567,344,2023-04-25,Debit Card
14300,5128,3517,2023-06-01,Net Banking
14301,3305,4970,2023-05-19,UPI
14302,1943,360,2023-05-18,Credit Card
14303,3809,2363,2023-06-23,Net Banking
14304,3089,595,2023-06-07,Debit Card
14305,3353,3079,2023-05-11,Net Banking
14306,6093,2202,2023-04-02,Credit Card
14307,5706,3430,2023-06-14,Net Banking
14308,3027,1175,2023-06-20,Debit Card
14309,2640,1992,2023-05-28,Net Banking
14310,32,1181,2023-05-21,UPI
14311,8542,4308,2023-06-21,UPI
14312,1421,1832,2023-03-01,Credit Card
14313,7169,931,2023-06-20,Debit Card
14314,8290,2475,2023-04-24,Debit Card
14315,1169,1731,2023-06-27,UPI
14316,5484,2484,2023-03-25,UPI
14317,8473,852,2023-05-30,Net Banking
14318,8572,1046,2023-05-10,Net Banking
14319,3671,307,2023-03-14,Debit Card
14320,5807,2856,2023-06-08,Debit Card
14321,7906,1010,2023-06-16,Net Banking
14322,1025,1945,2023-05-03,Credit Card
14323,7360,4610,2023-06-11,UPI
14324,9525,2774,2023-02-27,Credit Card
14325,377,2201,2023-06-03,Credit Card
14326,3028,616,2023-04-09,Credit Card
14327,6614,2495,2023-03-08,Debit Card
14328,1308,4134,2023-06-25,Credit Card
14329,3763,4520,2023-06-04,UPI
14330,6535,486,2023-05-30,UPI
14331,2466,940,2023-05-05,Net Banking
14332,2218,1451,2023-04-02,Net Banking
14333,6853,1371,2023-06-07,Debit Card
14334,8936,2663,2023-06-27,Net Banking
14335,3904,4385,2023-04-11,Net Banking
14336,2027,504,2023-02-21,Net Banking
14337,8269,1186,2023-05-23,Credit Card
14338,7043,2572,2023-06-25,UPI
14339,6946,2474,2023-04-20,Debit Card
14340,1641,2393,2023-05-03,Credit Card
14341,1511,3648,2023-06-09,UPI
14342,3802,2455,2023-05-21,Net Banking
14343,5194,2407,2023-06-21,Credit Card
14344,9028,3490,2023-05-26,Debit Card
14345,6927,1548,2023-06-28,Net Banking
14346,160,2234,2023-04-03,Net Banking
14347,1053,2547,2023-05-02,Debit Card
14348,4499,1077,2023-06-22,Credit Card
14349,6349,3641,2023-04-05,Debit Card
14350,8921,713,2023-05-10,Net Banking
14351,8962,2321,2023-05-22,Debit Card
14352,301,477,2023-04-15,Credit Card
14353,8927,1467,2023-04-06,Credit Card
14354,6396,1259,2023-04-25,UPI
14355,5513,1952,2023-06-26,Net Banking
14356,9050,1378,2023-05-25,Credit Card
14357,6661,1206,2023-06-18,Net Banking
14358,1517,3979,2023-06-12,UPI
14359,1089,705,2023-06-29,Net Banking
14360,6500,4764,2023-05-16,Debit Card
14361,6830,1191,2023-06-07,Credit Card
14362,9496,960,2023-06-16,Net Banking
14363,7026,1172,2023-05-21,Net Banking
14364,6333,741,2023-04-13,Debit Card
14365,5421,537,2023-04-20,Debit Card
14366,7838,1465,2023-05-20,Debit Card
14367,4122,1230,2023-06-25,Debit Card
14368,5788,292,2023-01-26,UPI
14369,8179,4980,2023-03-13,Debit Card
14370,2587,3781,2023-05-12,Credit Card
14371,4115,4975,2023-06-28,UPI
14372,7977,1280,2023-06-27,Credit Card
14373,7465,2327,2023-06-15,Credit Card
14374,3321,1835,2023-06-26,Credit Card
14375,9900,3241,2023-03-28,Debit Card
14376,2031,3573,2023-02-26,Net Banking
14377,3837,208,2023-06-15,Debit Card
14378,8324,572,2023-05-16,Credit Card
14379,2219,3999,2023-04-21,UPI
14380,5975,1168,2023-06-06,UPI
14381,1673,1243,2023-06-29,UPI
14382,4104,1523,2023-06-22,Net Banking
14383,4783,2794,2023-06-11,Credit Card
14384,6034,2060,2023-03-27,Credit Card
14385,8939,2376,2023-06-26,Debit Card
14386,2763,221,2023-04-10,Net Banking
14387,574,1685,2023-06-01,UPI
14388,6081,4214,2023-06-14,UPI
14389,9043,2591,2023-06-03,Credit Card
14390,1504,1496,2023-04-07,Credit Card
14391,3015,3932,2023-06-08,Net Banking
14392,9621,1472,2023-06-02,UPI
14393,987,313,2023-04-23,Net Banking
14394,7878,1132,2023-06-29,Credit Card
14395,6203,2880,2023-06-24,Credit Card
14396,3408,3320,2023-04-14,Credit Card
14397,35,2030,2023-06-15,Net Banking
14398,5418,1068,2023-06-08,Credit Card
14399,7553,4593,2023-05-05,Credit Card
14400,9781,1418,2023-02-19,Credit Card
14401,9114,232,2023-05-12,Net Banking
14402,3636,1812,2023-03-26,Credit Card
14403,22,1628,2023-05-06,UPI
14404,4339,4300,2023-06-27,Credit Card
14405,8282,4075,2023-03-14,UPI
14406,5081,109,2023-04-16,Debit Card
14407,1260,1335,2023-02-27,UPI
14408,6314,976,2023-06-07,UPI
14409,9377,4698,2023-04-04,Debit Card
14410,2675,2653,2023-06-24,Net Banking
14411,7176,3805,2023-06-21,Credit Card
14412,5644,820,2023-03-18,Debit Card
14413,5734,3390,2023-04-25,Credit Card
14414,569,3164,2023-06-29,Credit Card
14415,8884,1610,2023-05-09,Credit Card
14416,6469,1933,2023-03-10,UPI
14417,7899,1845,2023-06-19,Debit Card
14418,8860,4822,2023-06-07,Debit Card
14419,7440,1327,2023-05-15,Net Banking
14420,5628,2269,2023-05-30,Debit Card
14421,4799,1025,2023-05-26,Debit Card
14422,4452,1838,2023-06-17,Net Banking
14423,2570,4521,2023-06-25,Credit Card
14424,5908,522,2023-05-19,Debit Card
14425,5210,1937,2023-06-06,Credit Card
14426,3027,922,2023-06-01,UPI
14427,3224,848,2023-06-08,Net Banking
14428,229,4396,2023-06-13,Net Banking
14429,323,1713,2023-04-17,Debit Card
14430,3692,2313,2023-06-02,Credit Card
14431,3633,2872,2023-06-04,Debit Card
14432,2580,2423,2023-05-02,Credit Card
14433,2910,3101,2023-06-01,UPI
14434,1298,2013,2023-05-29,Net Banking
14435,4099,1653,2023-06-06,Debit Card
14436,5958,2354,2023-06-04,UPI
14437,5571,246,2023-04-11,Net Banking
14438,9477,2831,2023-03-18,UPI
14439,893,1877,2023-06-18,Credit Card
14440,3533,155,2023-06-14,Credit Card
14441,111,540,2023-03-28,Net Banking
14442,4439,1844,2023-03-03,Credit Card
14443,5617,3136,2023-05-22,Credit Card
14444,5890,697,2023-06-23,Debit Card
14445,519,2988,2023-05-30,Credit Card
14446,3799,3828,2023-03-30,Debit Card
14447,1986,1845,2023-06-23,Credit Card
14448,1419,4068,2023-03-28,Net Banking
14449,1574,4055,2023-04-26,Credit Card
14450,6884,4362,2023-04-18,Net Banking
14451,2719,4570,2023-04-26,Net Banking
14452,421,1019,2023-06-19,Credit Card
14453,7274,2048,2023-05-03,Net Banking
14454,3065,4924,2023-06-26,Debit Card
14455,3365,704,2023-06-15,UPI
14456,4699,1504,2023-06-15,Net Banking
14457,2723,1212,2023-04-18,UPI
14458,2922,4043,2023-02-05,Credit Card
14459,7583,4753,2023-06-10,Credit Card
14460,9148,277,2023-04-20,Credit Card
14461,7878,3498,2023-05-14,UPI
14462,6921,2003,2023-06-20,Credit Card
14463,4465,4266,2023-06-28,UPI
14464,8297,1619,2023-06-29,Net Banking
14465,5815,1562,2023-04-25,Net Banking
14466,1213,4805,2023-06-02,Debit Card
14467,4908,755,2023-06-24,Debit Card
14468,9338,4013,2023-06-28,UPI
14469,23,532,2023-06-16,Net Banking
14470,7369,1235,2023-04-20,Debit Card
14471,3676,1436,2023-06-06,Credit Card
14472,930,330,2023-06-25,Net Banking
14473,7552,2951,2023-05-10,Net Banking
14474,5815,2006,2023-06-28,Credit Card
14475,3137,2873,2023-05-26,Debit Card
14476,5601,4000,2023-03-01,UPI
14477,5511,3059,2023-06-16,Credit Card
14478,1527,167,2023-05-23,Net Banking
14479,8001,2520,2023-06-29,Credit Card
14480,6710,2358,2023-04-05,UPI
14481,4306,3054,2023-04-02,Credit Card
14482,3903,1528,2023-05-24,Debit Card
14483,1977,2801,2023-02-19,Net Banking
14484,9850,2534,2023-05-06,Credit Card
14485,66,4413,2023-06-25,UPI
14486,8433,1872,2023-06-01,Credit Card
14487,2285,1833,2023-05-24,UPI
14488,620,4351,2023-04-09,Credit Card
14489,4025,1910,2023-06-23,Credit Card
14490,3869,4682,2023-05-18,Net Banking
14491,4108,3928,2023-03-09,Debit Card
14492,1955,1608,2023-06-24,Net Banking
14493,7123,392,2023-06-28,UPI
14494,5426,3889,2023-05-26,Net Banking
14495,3855,2181,2023-03-19,Debit Card
14496,1863,214,2023-03-29,Net Banking
14497,7854,4311,2023-03-26,UPI
14498,249,3519,2023-06-16,Debit Card
14499,3,824,2023-05-14,Net Banking
14500,9880,1289,2023-04-08,Debit Card
14501,542,4945,2023-05-26,Debit Card
14502,4737,929,2023-06-20,Net Banking
14503,7415,823,2023-06-29,Debit Card
14504,2218,300,2023-04-18,UPI
14505,6464,4698,2023-05-23,Debit Card
14506,9558,3212,2023-04-23,Net Banking
14507,3132,1784,2023-06-05,Credit Card
14508,3228,3230,2023-04-14,UPI
14509,3189,4771,2023-06-26,Credit Card
14510,803,3861,2023-05-28,Net Banking
14511,1207,334,2023-06-28,Net Banking
14512,7159,1075,2023-03-16,UPI
14513,6194,1190,2023-06-25,Credit Card
14514,6863,3577,2023-06-13,UPI
14515,7228,1137,2023-05-03,Net Banking
14516,148,3611,2023-05-15,Net Banking
14517,1810,2775,2023-06-04,UPI
14518,1879,2046,2023-05-03,UPI
14519,7584,4007,2023-02-23,Debit Card
14520,5624,1431,2023-06-24,Net Banking
14521,9050,2254,2023-05-15,Debit Card
14522,2630,1932,2023-03-10,Net Banking
14523,2104,3264,2023-04-10,Credit Card
14524,8255,4663,2023-03-09,Net Banking
14525,6689,2815,2023-05-09,UPI
14526,3131,384,2023-04-09,Net Banking
14527,660,670,2023-06-18,Net Banking
14528,9436,1185,2023-06-21,Debit Card
14529,2659,387,2023-04-24,UPI
14530,870,2618,2023-05-07,UPI
14531,1044,3904,2023-05-10,Net Banking
14532,313,4700,2023-05-03,Net Banking
14533,9307,4420,2023-06-23,Credit Card
14534,803,2487,2023-05-27,Debit Card
14535,2945,1557,2023-05-04,Credit Card
14536,3762,3537,2023-05-26,Credit Card
14537,3061,319,2023-06-02,UPI
14538,9839,2236,2023-04-30,Credit Card
14539,8002,615,2023-05-09,UPI
14540,6453,2073,2023-02-23,Credit Card
14541,1703,2289,2023-05-19,UPI
14542,2749,290,2023-04-13,Debit Card
14543,9425,4067,2023-05-18,Debit Card
14544,342,1647,2023-06-26,Net Banking
14545,3126,4852,2023-04-07,UPI
14546,4743,3369,2023-04-12,UPI
14547,8224,1500,2023-06-12,UPI
14548,3313,1981,2023-06-05,Net Banking
14549,320,1132,2023-06-27,Net Banking
14550,8930,4974,2023-06-14,Credit Card
14551,1384,1520,2023-06-23,UPI
14552,4852,4395,2023-05-28,Debit Card
14553,9945,3160,2023-06-22,Net Banking
14554,7514,4618,2023-05-24,Credit Card
14555,9422,418,2023-06-04,Debit Card
14556,9163,4210,2023-06-02,Net Banking
14557,8659,4533,2023-05-20,UPI
14558,4783,2432,2023-06-16,Net Banking
14559,9943,3492,2023-06-23,UPI
14560,6662,614,2023-05-19,Debit Card
14561,8816,490,2023-04-21,Debit Card
14562,1606,2238,2023-06-14,Debit Card
14563,2101,3992,2023-06-27,UPI
14564,6047,3005,2023-06-15,Net Banking
14565,1906,2641,2023-06-16,Net Banking
14566,1338,232,2023-03-07,Debit Card
14567,8678,2177,2023-06-10,Net Banking
14568,3576,3292,2023-05-22,Debit Card
14569,2746,1079,2023-06-04,Debit Card
14570,7406,4525,2023-06-25,UPI
14571,487,1786,2023-06-28,Debit Card
14572,5979,1785,2023-06-24,UPI
14573,8797,807,2023-06-20,Net Banking
14574,7055,4063,2023-05-10,Debit Card
14575,9015,1988,2023-04-30,Net Banking
14576,6359,4311,2023-04-29,UPI
14577,5626,326,2023-06-13,Debit Card
14578,5891,4896,2023-04-15,Credit Card
14579,2080,1903,2023-06-24,UPI
14580,4352,358,2023-05-16,UPI
14581,8823,4998,2023-06-22,UPI
14582,4089,629,2023-06-03,Credit Card
14583,7642,4797,2023-04-28,UPI
14584,2391,4790,2023-06-24,UPI
14585,9703,850,2023-06-13,UPI
14586,687,1253,2023-06-27,Debit Card
14587,8795,3693,2023-05-14,UPI
14588,7257,4239,2023-02-13,Credit Card
14589,2167,3181,2023-05-25,UPI
14590,3551,1420,2023-05-29,Credit Card
14591,4135,499,2023-06-02,Net Banking
14592,9576,3430,2023-06-17,Credit Card
14593,5929,3950,2023-06-16,Debit Card
14594,2954,458,2023-06-27,Net Banking
14595,8583,2904,2023-03-21,Net Banking
14596,5012,4275,2023-03-13,Credit Card
14597,4854,3921,2023-06-15,UPI
14598,9312,4957,2023-05-17,Net Banking
14599,6004,1457,2023-04-12,Net Banking
14600,9746,4039,2023-06-27,Credit Card
14601,9781,964,2023-03-09,UPI
14602,7337,3635,2023-03-06,Debit Card
14603,9616,333,2023-04-21,UPI
14604,9228,1370,2023-04-13,Net Banking
14605,6003,4654,2023-05-20,Debit Card
14606,5888,3271,2023-06-22,UPI
14607,811,1156,2023-06-25,UPI
14608,5184,3060,2023-06-01,UPI
14609,4021,755,2023-06-26,UPI
14610,4525,2690,2023-04-08,UPI
14611,229,3653,2023-06-15,Net Banking
14612,9693,1391,2023-01-25,Net Banking
14613,3314,4721,2023-06-24,UPI
14614,7423,1403,2023-06-24,Net Banking
14615,6403,4352,2023-05-03,Credit Card
14616,2884,1535,2023-04-02,UPI
14617,3274,515,2023-06-04,Net Banking
14618,7721,676,2023-06-27,Debit Card
14619,9390,689,2023-06-05,Net Banking
14620,9259,4509,2023-06-14,Debit Card
14621,2492,1574,2023-06-21,Credit Card
14622,3245,3375,2023-06-06,Credit Card
14623,1384,2639,2023-02-05,Net Banking
14624,1897,719,2023-06-08,Net Banking
14625,3978,4977,2023-05-13,Debit Card
14626,7917,2122,2023-06-07,Debit Card
14627,3164,4571,2023-04-14,UPI
14628,512,1021,2023-01-20,Net Banking
14629,2303,1894,2023-06-01,Debit Card
14630,9371,1193,2023-04-16,Net Banking
14631,1755,3391,2023-06-25,UPI
14632,6254,1515,2023-05-02,UPI
14633,1755,3209,2023-06-29,Net Banking
14634,1348,324,2023-06-07,Debit Card
14635,3996,2887,2023-05-20,Credit Card
14636,7321,2704,2023-05-16,UPI
14637,6847,1454,2023-04-05,Debit Card
14638,2486,3662,2023-02-13,Credit Card
14639,3432,3086,2023-06-18,Credit Card
14640,6537,2271,2023-06-16,Debit Card
14641,6887,1003,2023-06-19,Net Banking
14642,6294,963,2023-06-24,Net Banking
14643,6812,3200,2023-04-05,UPI
14644,2678,3624,2023-05-19,UPI
14645,6293,3020,2023-05-16,Debit Card
14646,429,1297,2023-06-04,Debit Card
14647,5430,612,2023-01-20,UPI
14648,8382,472,2023-06-12,Net Banking
14649,5284,3542,2023-04-18,Debit Card
14650,9722,2664,2023-03-27,Debit Card
14651,9458,4625,2023-06-14,Credit Card
14652,7988,3867,2023-06-23,UPI
14653,9340,4722,2023-04-16,Credit Card
14654,7665,1032,2023-06-17,Net Banking
14655,7988,110,2023-06-29,UPI
14656,2252,1272,2023-04-30,Credit Card
14657,7756,1439,2023-03-26,Debit Card
14658,536,600,2023-06-11,Credit Card
14659,3130,3052,2023-06-28,Debit Card
14660,3967,2446,2023-03-21,Credit Card
14661,498,2909,2023-06-27,UPI
14662,7123,3251,2023-06-18,Credit Card
14663,7437,4336,2023-04-30,UPI
14664,8343,3062,2023-06-11,Debit Card
14665,685,906,2023-06-14,Debit Card
14666,4489,1842,2023-05-10,Net Banking
14667,2004,3019,2023-05-20,Credit Card
14668,8206,106,2023-03-17,Credit Card
14669,9015,959,2023-05-06,Debit Card
14670,1470,2956,2023-05-17,Net Banking
14671,6517,1732,2023-05-05,Credit Card
14672,5532,3489,2023-01-28,Debit Card
14673,1619,1256,2023-06-25,UPI
14674,1138,2385,2023-05-23,Net Banking
14675,1765,3950,2023-04-14,Debit Card
14676,3308,3481,2023-06-19,Debit Card
14677,2026,275,2023-06-27,Credit Card
14678,3802,4813,2023-06-22,Net Banking
14679,8743,4722,2023-06-03,UPI
14680,5463,3987,2023-05-17,Credit Card
14681,9533,4405,2023-02-28,Debit Card
14682,7707,2038,2023-03-19,Credit Card
14683,1468,657,2023-06-15,Net Banking
14684,1512,1959,2023-04-27,Credit Card
14685,6162,479,2023-03-28,UPI
14686,5392,3068,2023-03-08,Credit Card
14687,3687,2198,2023-05-28,Debit Card
14688,6957,2390,2023-06-26,UPI
14689,2576,1360,2023-06-26,UPI
14690,5210,2791,2023-05-30,Debit Card
14691,1896,4824,2023-06-29,UPI
14692,7554,2398,2023-05-19,Credit Card
14693,988,2176,2023-06-17,Net Banking
14694,1235,4312,2023-06-28,Debit Card
14695,1183,2072,2023-05-28,UPI
14696,9529,3802,2023-06-11,Credit Card
14697,8271,711,2023-03-30,Net Banking
14698,9526,3117,2023-06-26,Debit Card
14699,5667,1406,2023-06-29,Net Banking
14700,2839,864,2023-06-28,Credit Card
14701,930,4509,2023-04-15,UPI
14702,6071,4350,2023-02-05,UPI
14703,6093,1548,2023-06-24,Debit Card
14704,2980,761,2023-01-22,UPI
14705,3713,4856,2023-03-22,Net Banking
14706,5281,603,2023-05-21,Debit Card
14707,5215,1494,2023-05-04,Credit Card
14708,9867,1717,2023-06-06,Debit Card
14709,5763,1836,2023-06-14,Credit Card
14710,9124,1046,2023-06-25,UPI
14711,3437,4019,2023-05-10,Credit Card
14712,922,1300,2023-06-07,Net Banking
14713,7900,4370,2023-05-27,Credit Card
14714,4200,1006,2023-06-13,Credit Card
14715,1534,4811,2023-03-28,UPI
14716,9491,2138,2023-03-30,Debit Card
14717,5174,132,2023-06-11,Credit Card
14718,4463,405,2023-06-23,Credit Card
14719,5710,2285,2023-06-11,UPI
14720,6206,2002,2023-05-12,UPI
14721,233,2028,2023-04-21,Credit Card
14722,4941,281,2023-05-06,Debit Card
14723,8708,2591,2023-03-11,UPI
14724,8211,1570,2023-06-03,Net Banking
14725,3526,3760,2023-06-28,Credit Card
14726,4624,2888,2023-06-11,Credit Card
14727,1927,2006,2023-06-28,Credit Card
14728,2321,4627,2023-05-01,Net Banking
14729,7611,4565,2023-06-29,Net Banking
14730,5628,1205,2023-05-09,Debit Card
14731,1394,538,2023-02-04,Net Banking
14732,1232,1158,2023-06-23,Debit Card
14733,277,4266,2023-05-13,Credit Card
14734,6599,870,2023-06-18,Credit Card
14735,9723,1660,2023-06-12,UPI
14736,9015,2501,2023-05-29,Debit Card
14737,4269,2945,2023-06-07,Credit Card
14738,8635,4781,2023-05-25,UPI
14739,7697,2935,2023-04-01,Net Banking
14740,8000,1643,2023-02-05,Net Banking
14741,9814,1823,2023-03-11,UPI
14742,1920,2338,2023-06-26,Net Banking
14743,5644,2900,2023-05-30,Net Banking
14744,5201,2491,2023-06-06,Credit Card
14745,5990,1006,2023-06-23,Net Banking
14746,2073,2629,2023-06-26,Debit Card
14747,354,1038,2023-05-17,Net Banking
14748,6891,2913,2023-04-29,Debit Card
14749,2391,3968,2023-06-21,Net Banking
14750,1497,2679,2023-02-15,Debit Card
14751,4384,2309,2023-06-09,Debit Card
14752,8229,3762,2023-06-16,Net Banking
14753,5322,2706,2023-06-29,Credit Card
14754,9,3025,2023-06-21,UPI
14755,3495,4228,2023-06-02,UPI
14756,562,4015,2023-05-29,Credit Card
14757,6869,3978,2023-04-28,Net Banking
14758,3156,889,2023-02-13,UPI
14759,4856,1929,2023-06-15,Debit Card
14760,8190,377,2023-05-08,Credit Card
14761,7510,1945,2023-02-14,Debit Card
14762,5187,1889,2023-06-03,Net Banking
14763,1417,592,2023-04-29,UPI
14764,3184,3132,2023-06-19,Net Banking
14765,5711,176,2023-06-04,UPI
14766,4049,1772,2023-04-08,UPI
14767,3220,2088,2023-01-21,Net Banking
14768,2803,2644,2023-03-15,UPI
14769,3508,1590,2023-05-28,Debit Card
14770,301,184,2023-02-24,UPI
14771,5113,2719,2023-06-25,Net Banking
14772,6332,2321,2023-06-24,UPI
14773,8490,2971,2023-04-27,Net Banking
14774,2178,581,2023-06-16,Net Banking
14775,8324,285,2023-06-23,Debit Card
14776,782,1611,2023-04-28,Net Banking
14777,7738,2540,2023-04-17,Credit Card
14778,545,4751,2023-04-27,Credit Card
14779,710,4342,2023-06-01,Debit Card
14780,6384,1245,2023-06-27,Debit Card
14781,6121,544,2023-06-16,UPI
14782,3703,3845,2023-06-16,UPI
14783,5864,1631,2023-06-19,UPI
14784,9198,2430,2023-06-09,Net Banking
14785,2619,1241,2023-06-09,Debit Card
14786,4087,3506,2023-06-20,UPI
14787,7868,3974,2023-06-10,Net Banking
14788,8806,3060,2023-06-22,Credit Card
14789,4549,1681,2023-06-27,Credit Card
14790,2131,1482,2023-06-03,UPI
14791,6621,3947,2023-04-16,Credit Card
14792,8786,4780,2023-03-27,Debit Card
14793,8475,3926,2023-05-08,Net Banking
14794,754,4223,2023-06-18,Credit Card
14795,5273,1560,2023-06-09,Debit Card
14796,461,4395,2023-06-28,Credit Card
14797,6297,4850,2023-06-26,UPI
14798,545,4864,2023-01-26,Debit Card
14799,5857,358,2023-04-21,Net Banking
14800,2538,3216,2023-04-18,Net Banking
14801,255,4529,2023-04-21,UPI
14802,9402,2251,2023-06-23,UPI
14803,1983,4785,2023-06-16,Debit Card
14804,1857,191,2023-06-17,Net Banking
14805,7872,3312,2023-06-11,Net Banking
14806,1043,2796,2023-03-24,Net Banking
14807,6940,3097,2023-05-13,UPI
14808,9577,1325,2023-06-28,Debit Card
14809,4686,1812,2023-05-18,Net Banking
14810,5963,4396,2023-05-19,Debit Card
14811,8985,931,2023-06-29,Net Banking
14812,5327,4284,2023-05-16,UPI
14813,8730,2839,2023-03-21,Net Banking
14814,3133,2508,2023-05-28,Credit Card
14815,2508,1512,2023-05-12,UPI
14816,6792,2935,2023-05-30,UPI
14817,2749,738,2023-03-04,Debit Card
14818,95,311,2023-06-03,Credit Card
14819,7034,4012,2023-04-25,Net Banking
14820,6352,1102,2023-04-11,Net Banking
14821,4951,4860,2023-05-07,UPI
14822,2063,3899,2023-06-01,UPI
14823,3220,914,2023-05-28,Debit Card
14824,4305,554,2023-06-15,UPI
14825,1792,159,2023-06-12,UPI
14826,4895,327,2023-05-18,Credit Card
14827,4248,4570,2023-06-01,UPI
14828,133,3245,2023-06-28,Debit Card
14829,6329,2589,2023-06-06,Credit Card
14830,4963,1839,2023-06-22,Net Banking
14831,2167,3743,2023-05-27,Credit Card
14832,7198,3013,2023-05-31,Net Banking
14833,2022,1281,2023-05-21,UPI
14834,7145,2556,2023-06-25,UPI
14835,1443,200,2023-02-05,Net Banking
14836,8442,3433,2023-06-27,Net Banking
14837,5121,2215,2023-05-30,Net Banking
14838,6756,3858,2023-06-29,UPI
14839,2626,4335,2023-06-28,UPI
14840,6727,995,2023-03-26,UPI
14841,7596,1842,2023-04-28,Debit Card
14842,6460,4163,2023-05-22,UPI
14843,7418,2455,2023-06-15,Debit Card
14844,6200,790,2023-05-28,UPI
14845,9792,2795,2023-04-25,Debit Card
14846,8359,2721,2023-06-19,Net Banking
14847,2890,116,2023-02-10,Credit Card
14848,2037,4681,2023-02-16,Debit Card
14849,6609,4331,2023-05-12,Credit Card
14850,1041,3510,2023-06-13,Credit Card
14851,1173,1012,2023-05-02,UPI
14852,541,4297,2023-06-24,Credit Card
14853,3781,2180,2023-06-06,Net Banking
14854,1898,147,2023-05-04,Debit Card
14855,7545,2456,2023-04-09,Credit Card
14856,4557,4356,2023-05-17,Net Banking
14857,4745,818,2023-04-23,UPI
14858,6097,3801,2023-06-21,UPI
14859,8118,3733,2023-06-09,UPI
14860,255,549,2023-06-12,Debit Card
14861,299,1978,2023-06-09,Debit Card
14862,3939,173,2023-03-13,UPI
14863,430,173,2023-03-11,Net Banking
14864,9068,4634,2023-05-16,Debit Card
14865,4110,3907,2023-03-14,UPI
14866,3852,1073,2023-06-04,Debit Card
14867,5586,114,2023-06-13,Debit Card
14868,5408,2926,2023-06-03,Debit Card
14869,5217,898,2023-05-19,Credit Card
14870,6661,3436,2023-06-25,UPI
14871,9299,4180,2023-06-11,UPI
14872,2255,3384,2023-03-08,Debit Card
14873,7429,1491,2023-05-04,UPI
14874,9642,558,2023-02-28,UPI
14875,3940,3556,2023-06-06,Credit Card
14876,2837,852,2023-04-18,Debit Card
14877,5322,1626,2023-06-28,Credit Card
14878,3420,4082,2023-04-28,Debit Card
14879,3344,4232,2023-04-13,Credit Card
14880,5908,2806,2023-05-15,UPI
14881,2297,4122,2023-05-29,UPI
14882,1812,1095,2023-06-11,Credit Card
14883,1259,3627,2023-05-29,UPI
14884,7451,2835,2023-06-15,Net Banking
14885,8171,1160,2023-06-13,UPI
14886,4497,2922,2023-02-14,Net Banking
14887,9798,436,2023-05-10,Net Banking
14888,9068,3162,2023-05-06,Net Banking
14889,9854,1003,2023-04-22,Net Banking
14890,2158,2260,2023-06-17,Debit Card
14891,3843,4667,2023-05-27,UPI
14892,5223,3485,2023-06-20,Debit Card
14893,8069,4526,2023-05-31,UPI
14894,5147,2451,2023-03-01,Credit Card
14895,8843,2884,2023-06-03,Debit Card
14896,1422,1416,2023-05-04,UPI
14897,3261,168,2023-06-23,Credit Card
14898,8100,693,2023-06-27,Credit Card
14899,1863,3281,2023-06-28,UPI
14900,4089,2212,2023-05-24,Net Banking
14901,8384,3560,2023-06-26,UPI
14902,975,4057,2023-06-15,Credit Card
14903,9502,816,2023-05-30,UPI
14904,4695,4267,2023-05-10,UPI
14905,3428,4240,2023-06-26,Net Banking
14906,8871,2265,2023-06-17,UPI
14907,8498,3143,2023-06-27,Credit Card
14908,503,534,2023-02-28,Net Banking
14909,8226,2190,2023-06-20,Net Banking
14910,2060,1747,2023-06-25,Net Banking
14911,2295,1627,2023-03-28,Net Banking
14912,2073,2276,2023-06-13,Credit Card
14913,8785,440,2023-06-05,Net Banking
14914,743,2907,2023-05-04,Net Banking
14915,6766,1795,2023-06-16,Debit Card
14916,7488,4307,2023-05-13,UPI
14917,1897,4658,2023-06-28,Credit Card
14918,2191,3482,2023-04-05,UPI
14919,3426,1085,2023-05-11,Debit Card
14920,4245,3728,2023-06-22,Credit Card
14921,4169,622,2023-01-20,Net Banking
14922,9164,850,2023-06-24,Net Banking
14923,349,1911,2023-06-24,UPI
14924,6127,1051,2023-06-16,Net Banking
14925,7624,1705,2023-06-29,Net Banking
14926,1516,3227,2023-04-05,Net Banking
14927,784,2157,2023-04-13,UPI
14928,698,1394,2023-06-08,Debit Card
14929,2767,1196,2023-05-21,UPI
14930,8678,3468,2023-04-05,Debit Card
14931,1105,1610,2023-02-23,Credit Card
14932,8225,2514,2023-04-27,Net Banking
14933,1644,2586,2023-05-18,Credit Card
14934,8016,2704,2023-03-16,Credit Card
14935,8345,1363,2023-05-02,Credit Card
14936,7152,1907,2023-05-22,Credit Card
14937,6100,3859,2023-05-05,Net Banking
14938,2389,2546,2023-06-29,Net Banking
14939,4762,927,2023-05-07,Credit Card
14940,8106,661,2023-06-27,Net Banking
14941,2647,2313,2023-06-05,Net Banking
14942,4746,4393,2023-02-14,Debit Card
14943,8964,4041,2023-05-23,UPI
14944,5868,1631,2023-06-27,Net Banking
14945,3066,229,2023-03-03,Net Banking
14946,408,2756,2023-04-12,UPI
14947,3881,3093,2023-05-11,Debit Card
14948,4426,1099,2023-06-26,Net Banking
14949,2354,2483,2023-05-23,Credit Card
14950,1206,1020,2023-05-07,Net Banking
14951,4221,3354,2023-06-09,Credit Card
14952,2526,218,2023-05-11,Credit Card
14953,3022,951,2023-03-30,Debit Card
14954,9786,4923,2023-03-08,UPI
14955,5383,2498,2023-05-12,Credit Card
14956,8364,147,2023-06-16,Debit Card
14957,8695,4084,2023-03-26,Credit Card
14958,4771,4164,2023-06-02,Credit Card
14959,8719,3573,2023-06-28,Debit Card
14960,8461,3171,2023-04-20,Credit Card
14961,5158,3188,2023-06-21,Net Banking
14962,2878,4248,2023-05-14,Net Banking
14963,1637,255,2023-06-22,Net Banking
14964,7615,2154,2023-03-08,Credit Card
14965,1004,1495,2023-05-27,Debit Card
14966,1355,4463,2023-06-16,Debit Card
14967,9644,859,2023-06-01,UPI
14968,7545,2568,2023-04-05,Debit Card
14969,6024,2981,2023-06-28,Credit Card
14970,8562,3463,2023-05-22,Debit Card
14971,9303,4179,2023-06-20,Credit Card
14972,5838,815,2023-05-06,UPI
14973,7797,300,2023-03-17,Net Banking
14974,6324,4564,2023-06-05,UPI
14975,3132,944,2023-05-10,Credit Card
14976,1534,4758,2023-04-28,Debit Card
14977,6735,2221,2023-06-27,Credit Card
14978,5426,3072,2023-06-07,Net Banking
14979,1825,2479,2023-05-18,Net Banking
14980,7434,1480,2023-06-28,UPI
14981,3893,1146,2023-05-11,Debit Card
14982,1592,839,2023-05-26,Debit Card
14983,6144,3009,2023-05-13,UPI
14984,3396,2767,2023-06-21,UPI
14985,1307,4323,2023-01-19,UPI
14986,9799,134,2023-04-10,Debit Card
14987,6420,1434,2023-05-17,Debit Card
14988,6603,4103,2023-02-12,Net Banking
14989,79,2024,2023-04-28,UPI
14990,6817,3024,2023-04-14,Credit Card
14991,2616,2452,2023-05-30,Debit Card
14992,1095,197,2023-03-18,UPI
14993,5678,4550,2023-03-28,Net Banking
14994,4582,3018,2023-06-15,Net Banking
14995,9546,1142,2023-06-18,Credit Card
14996,4525,542,2023-03-30,Credit Card
14997,4160,1032,2023-04-18,Credit Card
14998,542,3061,2023-04-17,Net Banking
14999,3690,3468,2023-06-16,Credit Card
15000,1417,447,2023-05-06,Debit Card
