user_id,signup_date,country,state,device,age,gender,acquisition_channel
1,2023-04-13,India,Uttar Pradesh,Mobile,45,Male,Facebook Ads
2,2023-06-29,India,Karnataka,Mobile,47,Male,Google Ads
3,2023-04-03,India,Gujarat,Mobile,58,Male,Facebook Ads
4,2023-01-15,India,Maharashtra,Mobile,46,Female,Organic
5,2023-04-17,India,Maharashtra,Mobile,51,Female,Facebook Ads
6,2023-03-13,India,Telangana,Mobile,39,Female,Google Ads
7,2023-01-21,India,Karnataka,Desktop,42,Male,Facebook Ads
8,2023-04-13,India,Uttar Pradesh,Desktop,31,Female,Facebook Ads
9,2023-05-02,India,Odisha,Mobile,27,Male,Organic
10,2023-03-16,India,Gujarat,Mobile,27,Male,Facebook Ads
11,2023-03-29,India,Uttar Pradesh,Mobile,25,Male,Google Ads
12,2023-04-27,India,Delhi,Desktop,31,Female,Facebook Ads
13,2023-04-10,India,West Bengal,Mobile,55,Female,Referral
14,2023-04-14,India,Telangana,Mobile,49,Female,Facebook Ads
15,2023-06-01,India,Odisha,Mobile,49,Female,Referral
16,2023-05-11,India,Delhi,Mobile,20,Female,Google Ads
17,2023-05-30,India,Odisha,Mobile,37,Female,Referral
18,2023-02-22,India,Odisha,Mobile,30,Male,Referral
19,2023-01-02,India,Telangana,Mobile,40,Female,Referral
20,2023-03-29,India,Odisha,Mobile,36,Female,Referral
21,2023-06-07,India,Uttar Pradesh,Mobile,33,Male,Referral
22,2023-02-07,India,Uttar Pradesh,Mobile,53,Female,Facebook Ads
23,2023-05-10,India,Delhi,Mobile,52,Female,Organic
24,2023-01-21,India,Maharashtra,Desktop,24,Male,Referral
25,2023-06-10,India,Karnataka,Mobile,54,Female,Google Ads
26,2023-02-27,India,Gujarat,Mobile,25,Male,Google Ads
27,2023-01-22,India,Gujarat,Mobile,42,Male,Facebook Ads
28,2023-03-30,India,Tamil Nadu,Mobile,40,Male,Organic
29,2023-02-18,India,Telangana,Mobile,27,Female,Organic
30,2023-02-28,India,Rajasthan,Mobile,47,Male,Referral
31,2023-06-19,India,Rajasthan,Mobile,50,Female,Google Ads
32,2023-01-15,India,Delhi,Mobile,28,Male,Google Ads
33,2023-06-24,India,Odisha,Mobile,52,Female,Facebook Ads
34,2023-02-20,India,Odisha,Mobile,44,Male,Referral
35,2023-04-18,India,Telangana,Mobile,20,Female,Google Ads
36,2023-02-24,India,West Bengal,Mobile,25,Female,Referral
37,2023-03-05,India,Maharashtra,Mobile,30,Female,Organic
38,2023-05-11,India,Tamil Nadu,Mobile,59,Female,Referral
39,2023-02-20,India,Uttar Pradesh,Mobile,20,Female,Referral
40,2023-05-15,India,Odisha,Mobile,37,Female,Facebook Ads
41,2023-01-21,India,Tamil Nadu,Mobile,52,Female,Facebook Ads
42,2023-03-14,India,Gujarat,Desktop,30,Female,Organic
43,2023-06-16,India,West Bengal,Desktop,37,Female,Organic
44,2023-01-18,India,Uttar Pradesh,Mobile,41,Male,Referral
45,2023-05-12,India,Telangana,Mobile,26,Male,Google Ads
46,2023-03-30,India,Tamil Nadu,Mobile,47,Male,Referral
47,2023-03-01,India,Delhi,Mobile,42,Male,Organic
48,2023-01-14,India,Uttar Pradesh,Desktop,33,Male,Facebook Ads
49,2023-01-09,India,Telangana,Desktop,25,Female,Facebook Ads
50,2023-03-31,India,Rajasthan,Desktop,45,Male,Organic
51,2023-02-22,India,Telangana,Mobile,29,Male,Referral
52,2023-05-10,India,Telangana,Mobile,41,Male,Google Ads
53,2023-03-25,India,Uttar Pradesh,Desktop,46,Male,Facebook Ads
54,2023-04-02,India,West Bengal,Mobile,32,Female,Referral
55,2023-04-21,India,Uttar Pradesh,Desktop,35,Female,Google Ads
56,2023-06-21,India,Karnataka,Mobile,24,Male,Organic
57,2023-01-08,India,Maharashtra,Mobile,30,Male,Referral
58,2023-06-24,India,West Bengal,Mobile,36,Male,Google Ads
59,2023-02-04,India,Delhi,Mobile,22,Male,Referral
60,2023-03-22,India,West Bengal,Mobile,43,Female,Facebook Ads
61,2023-06-13,India,Gujarat,Mobile,19,Female,Organic
62,2023-02-19,India,Delhi,Mobile,50,Female,Facebook Ads
63,2023-04-14,India,Rajasthan,Mobile,54,Male,Facebook Ads
64,2023-05-12,India,Uttar Pradesh,Mobile,42,Female,Referral
65,2023-01-02,India,Telangana,Mobile,42,Male,Organic
66,2023-05-14,India,Uttar Pradesh,Desktop,56,Female,Referral
67,2023-02-23,India,Gujarat,Mobile,47,Female,Google Ads
68,2023-04-16,India,Tamil Nadu,Mobile,58,Male,Organic
69,2023-01-04,India,Gujarat,Desktop,21,Female,Facebook Ads
70,2023-02-23,India,Karnataka,Desktop,36,Female,Facebook Ads
71,2023-05-26,India,Telangana,Mobile,44,Male,Facebook Ads
72,2023-02-13,India,Telangana,Desktop,56,Female,Referral
73,2023-06-11,India,Odisha,Mobile,41,Female,Referral
74,2023-01-14,India,Tamil Nadu,Mobile,54,Male,Referral
75,2023-04-05,India,Odisha,Mobile,42,Female,Organic
76,2023-02-17,India,Rajasthan,Mobile,46,Male,Organic
77,2023-01-15,India,Maharashtra,Desktop,48,Male,Organic
78,2023-02-09,India,Maharashtra,Desktop,52,Male,Organic
79,2023-03-23,India,Uttar Pradesh,Desktop,45,Male,Google Ads
80,2023-04-21,India,Maharashtra,Desktop,55,Male,Facebook Ads
81,2023-02-22,India,Telangana,Mobile,21,Male,Referral
82,2023-01-24,India,Gujarat,Mobile,45,Male,Referral
83,2023-06-03,India,Tamil Nadu,Desktop,48,Male,Google Ads
84,2023-05-04,India,Uttar Pradesh,Desktop,40,Male,Facebook Ads
85,2023-02-10,India,Uttar Pradesh,Desktop,31,Male,Facebook Ads
86,2023-06-06,India,Tamil Nadu,Desktop,45,Male,Google Ads
87,2023-01-15,India,Telangana,Mobile,31,Male,Organic
88,2023-02-14,India,Rajasthan,Desktop,18,Male,Facebook Ads
89,2023-03-06,India,Rajasthan,Desktop,49,Female,Organic
90,2023-03-30,India,Uttar Pradesh,Desktop,58,Male,Google Ads
91,2023-03-12,India,Rajasthan,Mobile,35,Male,Referral
92,2023-01-09,India,Telangana,Mobile,22,Male,Referral
93,2023-03-29,India,Karnataka,Mobile,59,Female,Referral
94,2023-05-09,India,Karnataka,Mobile,32,Male,Referral
95,2023-05-16,India,Odisha,Mobile,59,Female,Facebook Ads
96,2023-03-04,India,West Bengal,Mobile,33,Male,Organic
97,2023-05-19,India,Delhi,Mobile,53,Female,Referral
98,2023-03-22,India,Maharashtra,Mobile,53,Female,Referral
99,2023-05-16,India,Rajasthan,Mobile,57,Female,Referral
100,2023-06-12,India,Karnataka,Mobile,47,Female,Google Ads
101,2023-06-12,India,Gujarat,Mobile,55,Female,Facebook Ads
102,2023-02-02,India,Tamil Nadu,Mobile,40,Male,Google Ads
103,2023-05-03,India,West Bengal,Mobile,28,Male,Organic
104,2023-01-05,India,Odisha,Mobile,42,Male,Referral
105,2023-02-10,India,Delhi,Mobile,19,Female,Facebook Ads
106,2023-01-28,India,Karnataka,Mobile,52,Female,Facebook Ads
107,2023-05-15,India,Odisha,Desktop,41,Female,Facebook Ads
108,2023-03-13,India,West Bengal,Mobile,30,Female,Google Ads
109,2023-01-12,India,Tamil Nadu,Mobile,59,Male,Google Ads
110,2023-06-11,India,Maharashtra,Desktop,54,Female,Google Ads
111,2023-02-02,India,Karnataka,Mobile,47,Male,Google Ads
112,2023-02-17,India,Tamil Nadu,Desktop,28,Female,Organic
113,2023-05-31,India,Delhi,Desktop,40,Female,Referral
114,2023-03-03,India,Rajasthan,Mobile,45,Female,Referral
115,2023-02-06,India,West Bengal,Mobile,46,Female,Google Ads
116,2023-04-09,India,Delhi,Mobile,32,Female,Google Ads
117,2023-06-21,India,Maharashtra,Mobile,20,Male,Google Ads
118,2023-04-14,India,Tamil Nadu,Mobile,26,Female,Organic
119,2023-02-04,India,Telangana,Mobile,25,Male,Organic
120,2023-04-11,India,Maharashtra,Desktop,50,Male,Facebook Ads
121,2023-06-24,India,Uttar Pradesh,Mobile,51,Female,Referral
122,2023-05-11,India,Karnataka,Mobile,26,Female,Google Ads
123,2023-01-01,India,Rajasthan,Mobile,34,Female,Facebook Ads
124,2023-01-05,India,West Bengal,Mobile,58,Female,Referral
125,2023-05-22,India,Gujarat,Mobile,18,Female,Facebook Ads
126,2023-04-13,India,Tamil Nadu,Mobile,57,Female,Organic
127,2023-01-27,India,Telangana,Mobile,22,Male,Organic
128,2023-05-17,India,Gujarat,Desktop,47,Male,Facebook Ads
129,2023-01-15,India,Karnataka,Mobile,28,Female,Facebook Ads
130,2023-03-31,India,Karnataka,Mobile,45,Female,Referral
131,2023-02-11,India,West Bengal,Mobile,55,Male,Google Ads
132,2023-05-04,India,Telangana,Mobile,34,Male,Referral
133,2023-06-28,India,Karnataka,Mobile,40,Male,Referral
134,2023-03-04,India,Gujarat,Desktop,35,Female,Organic
135,2023-04-06,India,Telangana,Desktop,54,Male,Organic
136,2023-02-21,India,Gujarat,Mobile,44,Female,Facebook Ads
137,2023-04-06,India,Maharashtra,Mobile,42,Female,Organic
138,2023-05-12,India,Delhi,Mobile,22,Male,Referral
139,2023-05-31,India,Telangana,Mobile,36,Male,Facebook Ads
140,2023-05-23,India,Odisha,Mobile,44,Male,Facebook Ads
141,2023-06-20,India,Delhi,Mobile,30,Female,Organic
142,2023-01-29,India,Delhi,Mobile,24,Female,Google Ads
143,2023-02-05,India,Telangana,Mobile,43,Male,Organic
144,2023-01-13,India,Rajasthan,Desktop,31,Female,Facebook Ads
145,2023-06-09,India,Karnataka,Desktop,44,Male,Facebook Ads
146,2023-03-12,India,Maharashtra,Mobile,25,Female,Google Ads
147,2023-03-27,India,Rajasthan,Mobile,48,Male,Referral
148,2023-01-28,India,Rajasthan,Desktop,52,Female,Facebook Ads
149,2023-03-07,India,Odisha,Mobile,44,Male,Google Ads
150,2023-06-19,India,Tamil Nadu,Desktop,21,Female,Referral
151,2023-02-14,India,Telangana,Mobile,59,Female,Organic
152,2023-03-03,India,Gujarat,Mobile,21,Female,Google Ads
153,2023-05-14,India,Karnataka,Mobile,35,Male,Referral
154,2023-01-28,India,Rajasthan,Desktop,40,Female,Facebook Ads
155,2023-01-28,India,Maharashtra,Mobile,49,Female,Facebook Ads
156,2023-04-18,India,Tamil Nadu,Mobile,29,Male,Google Ads
157,2023-02-13,India,Odisha,Mobile,37,Male,Organic
158,2023-03-25,India,Uttar Pradesh,Desktop,29,Female,Google Ads
159,2023-01-30,India,Karnataka,Desktop,25,Female,Facebook Ads
160,2023-03-16,India,Uttar Pradesh,Desktop,39,Male,Referral
161,2023-05-08,India,Delhi,Desktop,44,Female,Organic
162,2023-04-02,India,Rajasthan,Mobile,58,Female,Referral
163,2023-05-09,India,West Bengal,Mobile,58,Male,Google Ads
164,2023-05-01,India,Karnataka,Mobile,34,Male,Google Ads
165,2023-01-27,India,Gujarat,Mobile,49,Male,Referral
166,2023-05-01,India,Tamil Nadu,Desktop,50,Female,Referral
167,2023-04-26,India,Maharashtra,Desktop,48,Female,Referral
168,2023-01-03,India,Karnataka,Mobile,23,Male,Google Ads
169,2023-04-13,India,Gujarat,Mobile,56,Male,Referral
170,2023-06-04,India,Telangana,Desktop,26,Female,Facebook Ads
171,2023-05-17,India,Uttar Pradesh,Mobile,59,Male,Referral
172,2023-03-03,India,Telangana,Mobile,49,Female,Facebook Ads
173,2023-06-14,India,Tamil Nadu,Mobile,53,Male,Facebook Ads
174,2023-02-20,India,Odisha,Mobile,33,Male,Referral
175,2023-06-21,India,Rajasthan,Mobile,29,Female,Organic
176,2023-06-01,India,Karnataka,Mobile,58,Female,Organic
177,2023-02-28,India,West Bengal,Mobile,20,Male,Organic
178,2023-04-28,India,Uttar Pradesh,Desktop,44,Female,Facebook Ads
179,2023-06-09,India,Uttar Pradesh,Mobile,44,Female,Organic
180,2023-04-06,India,Karnataka,Mobile,26,Male,Organic
181,2023-06-29,India,Delhi,Desktop,34,Female,Referral
182,2023-04-23,India,Telangana,Mobile,22,Female,Google Ads
183,2023-03-03,India,Uttar Pradesh,Mobile,43,Female,Facebook Ads
184,2023-02-21,India,Gujarat,Desktop,38,Female,Google Ads
185,2023-01-12,India,Maharashtra,Mobile,18,Male,Facebook Ads
186,2023-02-08,India,Rajasthan,Desktop,18,Male,Facebook Ads
187,2023-05-10,India,Uttar Pradesh,Mobile,52,Male,Organic
188,2023-05-11,India,Gujarat,Mobile,26,Male,Referral
189,2023-04-23,India,Tamil Nadu,Mobile,40,Male,Google Ads
190,2023-04-11,India,Tamil Nadu,Mobile,55,Female,Google Ads
191,2023-04-23,India,Rajasthan,Desktop,58,Female,Organic
192,2023-03-22,India,Delhi,Mobile,21,Female,Google Ads
193,2023-04-23,India,West Bengal,Desktop,36,Male,Google Ads
194,2023-01-02,India,Rajasthan,Desktop,54,Male,Facebook Ads
195,2023-05-10,India,Odisha,Mobile,22,Male,Referral
196,2023-02-23,India,Delhi,Desktop,45,Female,Referral
197,2023-03-28,India,Uttar Pradesh,Mobile,59,Female,Google Ads
198,2023-05-09,India,Rajasthan,Mobile,40,Female,Google Ads
199,2023-05-27,India,Telangana,Desktop,55,Male,Facebook Ads
200,2023-05-06,India,Tamil Nadu,Mobile,40,Male,Organic
201,2023-05-10,India,Gujarat,Mobile,35,Female,Facebook Ads
202,2023-02-22,India,Rajasthan,Mobile,46,Female,Organic
203,2023-06-21,India,Telangana,Mobile,45,Female,Organic
204,2023-06-09,India,Delhi,Mobile,26,Male,Facebook Ads
205,2023-06-09,India,Odisha,Mobile,56,Male,Referral
206,2023-03-09,India,Gujarat,Mobile,27,Female,Facebook Ads
207,2023-05-03,India,Maharashtra,Mobile,19,Female,Organic
208,2023-05-25,India,Odisha,Mobile,30,Male,Referral
209,2023-02-07,India,Uttar Pradesh,Mobile,55,Female,Referral
210,2023-01-24,India,Telangana,Mobile,44,Female,Facebook Ads
211,2023-03-10,India,Rajasthan,Desktop,58,Male,Referral
212,2023-04-26,India,Rajasthan,Mobile,37,Female,Referral
213,2023-04-08,India,Karnataka,Mobile,57,Female,Facebook Ads
214,2023-05-19,India,Tamil Nadu,Mobile,27,Female,Google Ads
215,2023-05-24,India,Uttar Pradesh,Mobile,33,Male,Referral
216,2023-04-07,India,Telangana,Mobile,32,Female,Facebook Ads
217,2023-05-04,India,Rajasthan,Desktop,30,Female,Facebook Ads
218,2023-03-11,India,Maharashtra,Desktop,55,Male,Google Ads
219,2023-04-03,India,Gujarat,Desktop,37,Female,Referral
220,2023-01-03,India,Uttar Pradesh,Desktop,41,Female,Organic
221,2023-05-28,India,Delhi,Mobile,58,Male,Organic
222,2023-06-13,India,Maharashtra,Mobile,24,Female,Referral
223,2023-05-27,India,Gujarat,Desktop,40,Female,Referral
224,2023-03-31,India,West Bengal,Mobile,41,Female,Facebook Ads
225,2023-05-27,India,Tamil Nadu,Desktop,46,Male,Facebook Ads
226,2023-05-28,India,Uttar Pradesh,Desktop,22,Female,Organic
227,2023-04-06,India,Telangana,Desktop,52,Male,Referral
228,2023-02-21,India,Odisha,Mobile,18,Male,Facebook Ads
229,2023-06-10,India,Gujarat,Desktop,53,Male,Organic
230,2023-06-17,India,Delhi,Mobile,35,Male,Organic
231,2023-05-08,India,Rajasthan,Mobile,23,Male,Google Ads
232,2023-02-08,India,Odisha,Mobile,40,Male,Referral
233,2023-03-23,India,Maharashtra,Desktop,27,Male,Google Ads
234,2023-04-14,India,Tamil Nadu,Desktop,24,Female,Facebook Ads
235,2023-05-09,India,Telangana,Mobile,25,Female,Facebook Ads
236,2023-01-11,India,Odisha,Mobile,30,Male,Organic
237,2023-06-27,India,Delhi,Mobile,47,Female,Facebook Ads
238,2023-05-31,India,Gujarat,Desktop,35,Female,Google Ads
239,2023-06-08,India,Telangana,Mobile,31,Female,Referral
240,2023-02-11,India,West Bengal,Mobile,28,Male,Organic
241,2023-04-09,India,Rajasthan,Mobile,59,Female,Organic
242,2023-01-07,India,Tamil Nadu,Mobile,55,Male,Facebook Ads
243,2023-05-24,India,Odisha,Mobile,30,Male,Organic
244,2023-03-31,India,Tamil Nadu,Mobile,59,Female,Organic
245,2023-04-22,India,Tamil Nadu,Desktop,50,Male,Referral
246,2023-03-01,India,Tamil Nadu,Desktop,30,Male,Organic
247,2023-04-23,India,Gujarat,Mobile,42,Male,Referral
248,2023-01-02,India,Tamil Nadu,Desktop,41,Female,Google Ads
249,2023-05-09,India,West Bengal,Mobile,46,Female,Organic
250,2023-02-17,India,Maharashtra,Mobile,53,Female,Google Ads
251,2023-05-20,India,Delhi,Mobile,23,Male,Referral
252,2023-02-06,India,Telangana,Mobile,35,Female,Organic
253,2023-06-09,India,West Bengal,Desktop,45,Female,Facebook Ads
254,2023-01-09,India,Telangana,Mobile,22,Female,Facebook Ads
255,2023-04-09,India,Delhi,Mobile,35,Male,Organic
256,2023-05-27,India,Maharashtra,Desktop,54,Male,Referral
257,2023-02-17,India,Uttar Pradesh,Mobile,24,Female,Facebook Ads
258,2023-05-11,India,Telangana,Desktop,26,Male,Google Ads
259,2023-05-28,India,Telangana,Desktop,52,Female,Referral
260,2023-06-01,India,Maharashtra,Mobile,29,Female,Referral
261,2023-02-23,India,Odisha,Desktop,57,Male,Organic
262,2023-04-30,India,West Bengal,Mobile,56,Male,Google Ads
263,2023-06-10,India,Odisha,Mobile,41,Male,Referral
264,2023-06-01,India,Odisha,Mobile,26,Male,Organic
265,2023-04-26,India,Odisha,Mobile,29,Male,Google Ads
266,2023-03-16,India,Tamil Nadu,Desktop,53,Male,Referral
267,2023-04-23,India,Rajasthan,Mobile,54,Female,Facebook Ads
268,2023-06-13,India,Telangana,Mobile,26,Female,Google Ads
269,2023-06-15,India,Odisha,Desktop,56,Male,Referral
270,2023-04-14,India,West Bengal,Mobile,39,Male,Google Ads
271,2023-03-25,India,Rajasthan,Mobile,34,Female,Facebook Ads
272,2023-04-22,India,Rajasthan,Mobile,50,Female,Referral
273,2023-04-09,India,Odisha,Desktop,41,Male,Facebook Ads
274,2023-06-02,India,Gujarat,Mobile,32,Male,Organic
275,2023-04-03,India,Odisha,Mobile,46,Female,Organic
276,2023-05-26,India,Gujarat,Mobile,49,Female,Referral
277,2023-05-08,India,Odisha,Mobile,50,Female,Referral
278,2023-04-20,India,West Bengal,Desktop,46,Female,Google Ads
279,2023-03-23,India,Gujarat,Mobile,32,Female,Referral
280,2023-02-23,India,Tamil Nadu,Mobile,44,Male,Organic
281,2023-06-12,India,Rajasthan,Mobile,51,Female,Referral
282,2023-06-18,India,Odisha,Desktop,21,Male,Google Ads
283,2023-06-10,India,Rajasthan,Desktop,35,Female,Organic
284,2023-03-09,India,Odisha,Mobile,38,Male,Referral
285,2023-02-02,India,Telangana,Mobile,25,Female,Facebook Ads
286,2023-05-22,India,Telangana,Mobile,23,Male,Facebook Ads
287,2023-01-21,India,Karnataka,Mobile,37,Female,Facebook Ads
288,2023-02-17,India,Odisha,Mobile,19,Male,Facebook Ads
289,2023-05-28,India,Karnataka,Mobile,39,Female,Google Ads
290,2023-05-08,India,Maharashtra,Mobile,38,Male,Facebook Ads
291,2023-05-16,India,Maharashtra,Desktop,23,Male,Facebook Ads
292,2023-05-15,India,Rajasthan,Mobile,49,Male,Referral
293,2023-05-25,India,Gujarat,Desktop,23,Male,Facebook Ads
294,2023-05-08,India,Odisha,Mobile,30,Female,Facebook Ads
295,2023-02-02,India,Delhi,Desktop,18,Female,Referral
296,2023-06-25,India,Odisha,Mobile,39,Male,Organic
297,2023-04-25,India,Odisha,Mobile,41,Female,Google Ads
298,2023-04-29,India,Delhi,Desktop,58,Male,Google Ads
299,2023-01-22,India,Maharashtra,Mobile,47,Female,Organic
300,2023-06-07,India,Karnataka,Mobile,39,Female,Referral
301,2023-02-07,India,Rajasthan,Mobile,29,Male,Organic
302,2023-04-19,India,Maharashtra,Desktop,43,Female,Google Ads
303,2023-02-20,India,Delhi,Mobile,21,Male,Google Ads
304,2023-01-08,India,Odisha,Desktop,36,Female,Organic
305,2023-01-27,India,Maharashtra,Mobile,33,Female,Facebook Ads
306,2023-01-27,India,West Bengal,Mobile,29,Female,Google Ads
307,2023-01-21,India,Telangana,Mobile,50,Male,Organic
308,2023-01-30,India,Odisha,Mobile,38,Female,Facebook Ads
309,2023-04-07,India,Uttar Pradesh,Mobile,53,Male,Facebook Ads
310,2023-01-28,India,Delhi,Mobile,26,Male,Referral
311,2023-04-21,India,Tamil Nadu,Mobile,56,Female,Organic
312,2023-03-02,India,Gujarat,Mobile,59,Male,Google Ads
313,2023-02-17,India,Tamil Nadu,Mobile,25,Female,Referral
314,2023-05-27,India,Maharashtra,Desktop,37,Male,Google Ads
315,2023-01-04,India,Odisha,Desktop,27,Female,Facebook Ads
316,2023-02-04,India,Gujarat,Desktop,49,Male,Organic
317,2023-02-18,India,Gujarat,Mobile,45,Male,Facebook Ads
318,2023-01-17,India,Rajasthan,Desktop,27,Male,Facebook Ads
319,2023-06-21,India,Tamil Nadu,Mobile,25,Male,Facebook Ads
320,2023-06-07,India,Odisha,Mobile,50,Female,Organic
321,2023-02-15,India,Rajasthan,Desktop,30,Female,Referral
322,2023-04-27,India,Karnataka,Desktop,52,Male,Google Ads
323,2023-01-06,India,Tamil Nadu,Mobile,46,Male,Facebook Ads
324,2023-04-09,India,Telangana,Mobile,22,Male,Google Ads
325,2023-05-04,India,Telangana,Mobile,20,Male,Google Ads
326,2023-02-06,India,Rajasthan,Mobile,54,Female,Referral
327,2023-01-24,India,Karnataka,Desktop,58,Female,Organic
328,2023-04-03,India,West Bengal,Mobile,23,Female,Google Ads
329,2023-02-15,India,West Bengal,Desktop,59,Male,Referral
330,2023-04-05,India,Telangana,Mobile,33,Female,Google Ads
331,2023-04-09,India,Uttar Pradesh,Desktop,52,Female,Facebook Ads
332,2023-04-26,India,Delhi,Desktop,35,Male,Referral
333,2023-06-09,India,Delhi,Mobile,28,Female,Organic
334,2023-06-10,India,Uttar Pradesh,Mobile,40,Male,Organic
335,2023-03-08,India,Rajasthan,Desktop,28,Male,Facebook Ads
336,2023-05-08,India,Delhi,Mobile,46,Male,Facebook Ads
337,2023-01-18,India,Delhi,Mobile,59,Male,Google Ads
338,2023-01-25,India,Tamil Nadu,Mobile,44,Male,Referral
339,2023-02-23,India,Tamil Nadu,Mobile,26,Male,Referral
340,2023-02-27,India,Uttar Pradesh,Desktop,52,Male,Referral
341,2023-03-08,India,Odisha,Mobile,26,Female,Referral
342,2023-04-14,India,Karnataka,Desktop,35,Female,Google Ads
343,2023-06-23,India,Rajasthan,Mobile,38,Male,Referral
344,2023-01-24,India,Tamil Nadu,Desktop,53,Female,Referral
345,2023-04-24,India,Tamil Nadu,Mobile,18,Female,Organic
346,2023-02-01,India,West Bengal,Mobile,44,Female,Organic
347,2023-06-24,India,Karnataka,Mobile,57,Male,Google Ads
348,2023-03-27,India,West Bengal,Desktop,55,Female,Facebook Ads
349,2023-05-31,India,Odisha,Mobile,46,Male,Organic
350,2023-05-07,India,Karnataka,Desktop,57,Male,Facebook Ads
351,2023-06-04,India,Delhi,Mobile,36,Male,Google Ads
352,2023-05-10,India,West Bengal,Mobile,41,Male,Organic
353,2023-01-17,India,Telangana,Desktop,18,Male,Organic
354,2023-04-14,India,Rajasthan,Mobile,53,Male,Google Ads
355,2023-06-10,India,Delhi,Mobile,40,Male,Referral
356,2023-05-17,India,Karnataka,Mobile,30,Female,Google Ads
357,2023-02-12,India,Telangana,Mobile,47,Female,Facebook Ads
358,2023-06-25,India,Odisha,Mobile,54,Male,Facebook Ads
359,2023-02-08,India,Telangana,Mobile,28,Female,Referral
360,2023-06-19,India,Tamil Nadu,Mobile,24,Female,Google Ads
361,2023-01-26,India,Uttar Pradesh,Desktop,52,Male,Google Ads
362,2023-04-09,India,Telangana,Desktop,28,Female,Referral
363,2023-02-19,India,Gujarat,Mobile,57,Male,Google Ads
364,2023-06-02,India,Odisha,Mobile,38,Female,Organic
365,2023-06-01,India,Delhi,Mobile,20,Male,Google Ads
366,2023-01-13,India,West Bengal,Desktop,47,Male,Organic
367,2023-03-01,India,Maharashtra,Mobile,41,Female,Google Ads
368,2023-05-15,India,Odisha,Mobile,55,Male,Organic
369,2023-02-26,India,Gujarat,Desktop,20,Female,Facebook Ads
370,2023-02-05,India,Tamil Nadu,Mobile,54,Male,Referral
371,2023-06-22,India,West Bengal,Desktop,50,Male,Facebook Ads
372,2023-01-20,India,Rajasthan,Mobile,39,Female,Organic
373,2023-03-06,India,Maharashtra,Mobile,48,Female,Referral
374,2023-01-08,India,Telangana,Desktop,29,Female,Facebook Ads
375,2023-05-24,India,Gujarat,Mobile,31,Male,Facebook Ads
376,2023-05-22,India,Telangana,Desktop,29,Female,Organic
377,2023-04-25,India,Rajasthan,Mobile,44,Male,Google Ads
378,2023-05-23,India,Odisha,Desktop,30,Female,Google Ads
379,2023-04-02,India,Uttar Pradesh,Mobile,41,Female,Organic
380,2023-04-08,India,Gujarat,Mobile,55,Female,Facebook Ads
381,2023-03-07,India,Karnataka,Mobile,26,Female,Google Ads
382,2023-02-01,India,Delhi,Mobile,25,Female,Google Ads
383,2023-03-27,India,Karnataka,Mobile,54,Male,Facebook Ads
384,2023-02-20,India,Uttar Pradesh,Mobile,32,Male,Organic
385,2023-06-02,India,Rajasthan,Mobile,24,Female,Organic
386,2023-03-04,India,Karnataka,Mobile,41,Female,Google Ads
387,2023-05-05,India,Tamil Nadu,Mobile,33,Female,Organic
388,2023-05-30,India,Gujarat,Mobile,41,Male,Facebook Ads
389,2023-02-27,India,Tamil Nadu,Mobile,24,Male,Organic
390,2023-02-27,India,Maharashtra,Desktop,45,Female,Referral
391,2023-03-27,India,Uttar Pradesh,Mobile,19,Male,Organic
392,2023-02-18,India,Maharashtra,Mobile,51,Male,Organic
393,2023-06-29,India,Maharashtra,Mobile,55,Female,Organic
394,2023-06-19,India,Maharashtra,Desktop,20,Male,Referral
395,2023-03-11,India,Odisha,Mobile,18,Male,Facebook Ads
396,2023-01-15,India,Odisha,Mobile,48,Male,Organic
397,2023-02-23,India,Uttar Pradesh,Mobile,40,Male,Google Ads
398,2023-04-11,India,West Bengal,Mobile,37,Female,Organic
399,2023-01-08,India,Karnataka,Desktop,33,Male,Referral
400,2023-02-22,India,Odisha,Mobile,49,Male,Referral
401,2023-03-01,India,Telangana,Mobile,34,Male,Google Ads
402,2023-04-18,India,Tamil Nadu,Desktop,35,Female,Referral
403,2023-01-05,India,Odisha,Mobile,21,Female,Referral
404,2023-04-13,India,Rajasthan,Desktop,52,Female,Referral
405,2023-01-06,India,Maharashtra,Mobile,57,Female,Facebook Ads
406,2023-04-19,India,Odisha,Desktop,53,Female,Referral
407,2023-04-26,India,Uttar Pradesh,Desktop,40,Female,Organic
408,2023-04-04,India,Tamil Nadu,Mobile,32,Female,Google Ads
409,2023-02-16,India,Tamil Nadu,Desktop,30,Male,Organic
410,2023-04-09,India,West Bengal,Mobile,31,Male,Organic
411,2023-02-24,India,Delhi,Mobile,31,Male,Google Ads
412,2023-06-17,India,Delhi,Mobile,54,Male,Facebook Ads
413,2023-02-21,India,Karnataka,Mobile,22,Female,Facebook Ads
414,2023-05-24,India,Telangana,Desktop,39,Male,Referral
415,2023-01-13,India,Gujarat,Mobile,45,Male,Facebook Ads
416,2023-04-24,India,Uttar Pradesh,Desktop,21,Female,Facebook Ads
417,2023-05-04,India,Rajasthan,Mobile,55,Male,Referral
418,2023-04-16,India,Odisha,Mobile,46,Female,Facebook Ads
419,2023-06-07,India,Uttar Pradesh,Mobile,54,Female,Facebook Ads
420,2023-05-27,India,Telangana,Mobile,52,Male,Referral
421,2023-05-25,India,Delhi,Desktop,37,Male,Organic
422,2023-04-30,India,Uttar Pradesh,Desktop,52,Female,Organic
423,2023-03-04,India,Odisha,Desktop,52,Male,Google Ads
424,2023-01-19,India,West Bengal,Desktop,37,Female,Facebook Ads
425,2023-04-02,India,Karnataka,Mobile,19,Male,Referral
426,2023-02-27,India,West Bengal,Mobile,35,Male,Referral
427,2023-03-31,India,Delhi,Mobile,47,Male,Facebook Ads
428,2023-04-27,India,Maharashtra,Mobile,59,Female,Facebook Ads
429,2023-03-03,India,Delhi,Mobile,46,Female,Referral
430,2023-01-23,India,Karnataka,Mobile,56,Male,Referral
431,2023-05-07,India,Odisha,Mobile,39,Male,Referral
432,2023-05-17,India,Telangana,Mobile,46,Female,Google Ads
433,2023-05-20,India,Gujarat,Desktop,27,Female,Organic
434,2023-05-09,India,West Bengal,Mobile,37,Female,Referral
435,2023-02-27,India,Delhi,Mobile,33,Female,Organic
436,2023-05-02,India,Telangana,Mobile,23,Male,Facebook Ads
437,2023-01-01,India,West Bengal,Desktop,34,Female,Organic
438,2023-02-03,India,Delhi,Desktop,23,Female,Organic
439,2023-04-06,India,Karnataka,Mobile,39,Female,Organic
440,2023-05-06,India,West Bengal,Mobile,35,Female,Facebook Ads
441,2023-04-28,India,Delhi,Desktop,49,Male,Organic
442,2023-02-17,India,Odisha,Mobile,45,Male,Organic
443,2023-03-30,India,Karnataka,Desktop,59,Male,Google Ads
444,2023-04-27,India,Telangana,Desktop,27,Female,Facebook Ads
445,2023-05-09,India,Telangana,Mobile,58,Female,Organic
446,2023-01-16,India,Gujarat,Mobile,39,Male,Facebook Ads
447,2023-03-10,India,Uttar Pradesh,Mobile,45,Male,Referral
448,2023-01-22,India,Maharashtra,Mobile,32,Female,Organic
449,2023-04-03,India,Odisha,Desktop,46,Female,Facebook Ads
450,2023-03-17,India,Karnataka,Desktop,24,Male,Organic
451,2023-06-03,India,West Bengal,Desktop,51,Female,Organic
452,2023-05-24,India,Telangana,Mobile,49,Male,Referral
453,2023-06-28,India,Odisha,Mobile,19,Female,Google Ads
454,2023-03-27,India,Karnataka,Mobile,43,Male,Facebook Ads
455,2023-01-29,India,Karnataka,Mobile,28,Female,Organic
456,2023-03-10,India,West Bengal,Mobile,42,Female,Referral
457,2023-02-16,India,Karnataka,Mobile,36,Female,Referral
458,2023-04-04,India,Rajasthan,Mobile,37,Male,Google Ads
459,2023-05-24,India,Odisha,Desktop,50,Female,Google Ads
460,2023-06-25,India,Delhi,Mobile,34,Female,Referral
461,2023-03-26,India,Telangana,Desktop,47,Female,Referral
462,2023-02-08,India,Telangana,Mobile,35,Male,Facebook Ads
463,2023-04-10,India,Delhi,Mobile,49,Female,Facebook Ads
464,2023-02-02,India,Odisha,Desktop,57,Male,Referral
465,2023-04-11,India,Maharashtra,Desktop,21,Female,Referral
466,2023-01-23,India,Odisha,Mobile,49,Male,Google Ads
467,2023-01-10,India,Tamil Nadu,Mobile,36,Male,Facebook Ads
468,2023-03-10,India,Karnataka,Mobile,20,Female,Referral
469,2023-04-10,India,Uttar Pradesh,Mobile,55,Male,Facebook Ads
470,2023-02-03,India,West Bengal,Desktop,45,Female,Facebook Ads
471,2023-06-29,India,Rajasthan,Mobile,55,Female,Referral
472,2023-05-18,India,Uttar Pradesh,Mobile,23,Female,Referral
473,2023-05-27,India,Delhi,Desktop,57,Female,Organic
474,2023-04-06,India,West Bengal,Mobile,34,Male,Facebook Ads
475,2023-01-01,India,West Bengal,Mobile,59,Male,Facebook Ads
476,2023-03-10,India,West Bengal,Mobile,22,Male,Google Ads
477,2023-01-04,India,Telangana,Mobile,36,Male,Google Ads
478,2023-01-16,India,Rajasthan,Mobile,59,Male,Google Ads
479,2023-01-24,India,Telangana,Mobile,52,Female,Facebook Ads
480,2023-03-21,India,Karnataka,Mobile,39,Female,Referral
481,2023-01-02,India,Tamil Nadu,Desktop,41,Male,Referral
482,2023-05-08,India,Gujarat,Desktop,27,Male,Referral
483,2023-06-09,India,Rajasthan,Mobile,19,Female,Facebook Ads
484,2023-03-25,India,Uttar Pradesh,Mobile,45,Male,Referral
485,2023-06-01,India,Karnataka,Mobile,58,Male,Google Ads
486,2023-05-20,India,Odisha,Mobile,54,Male,Referral
487,2023-06-27,India,Delhi,Desktop,34,Male,Referral
488,2023-06-12,India,Tamil Nadu,Mobile,23,Female,Google Ads
489,2023-05-04,India,Karnataka,Mobile,22,Female,Organic
490,2023-02-02,India,Odisha,Mobile,56,Male,Organic
491,2023-06-10,India,Tamil Nadu,Mobile,24,Female,Organic
492,2023-06-28,India,Odisha,Mobile,49,Male,Facebook Ads
493,2023-06-20,India,Rajasthan,Desktop,21,Female,Facebook Ads
494,2023-04-11,India,Odisha,Desktop,38,Male,Google Ads
495,2023-01-12,India,Tamil Nadu,Desktop,59,Female,Organic
496,2023-03-08,India,Odisha,Desktop,49,Female,Facebook Ads
497,2023-03-06,India,Uttar Pradesh,Desktop,35,Female,Referral
498,2023-06-10,India,Karnataka,Mobile,50,Male,Organic
499,2023-06-17,India,Tamil Nadu,Mobile,31,Female,Organic
500,2023-03-15,India,Uttar Pradesh,Desktop,23,Female,Facebook Ads
501,2023-02-12,India,Odisha,Mobile,28,Male,Organic
502,2023-02-13,India,Odisha,Mobile,37,Male,Google Ads
503,2023-01-29,India,West Bengal,Mobile,46,Male,Google Ads
504,2023-05-21,India,Tamil Nadu,Mobile,52,Male,Facebook Ads
505,2023-01-12,India,Rajasthan,Mobile,33,Male,Organic
506,2023-04-05,India,Odisha,Mobile,24,Female,Google Ads
507,2023-02-15,India,Delhi,Mobile,57,Male,Organic
508,2023-05-10,India,Telangana,Desktop,53,Male,Google Ads
509,2023-02-04,India,Gujarat,Mobile,48,Female,Google Ads
510,2023-03-22,India,Telangana,Desktop,59,Male,Organic
511,2023-03-31,India,Rajasthan,Mobile,23,Male,Facebook Ads
512,2023-01-08,India,Karnataka,Mobile,46,Female,Facebook Ads
513,2023-04-03,India,Maharashtra,Mobile,44,Female,Facebook Ads
514,2023-06-03,India,Delhi,Mobile,19,Male,Organic
515,2023-03-31,India,Maharashtra,Mobile,39,Male,Organic
516,2023-06-11,India,Odisha,Desktop,26,Female,Organic
517,2023-04-25,India,Karnataka,Desktop,28,Male,Facebook Ads
518,2023-04-15,India,Uttar Pradesh,Desktop,33,Female,Organic
519,2023-05-15,India,Odisha,Mobile,30,Female,Facebook Ads
520,2023-02-27,India,Maharashtra,Mobile,35,Female,Google Ads
521,2023-04-24,India,Odisha,Mobile,42,Male,Facebook Ads
522,2023-03-16,India,Gujarat,Mobile,50,Male,Facebook Ads
523,2023-06-06,India,West Bengal,Mobile,27,Male,Referral
524,2023-04-30,India,Gujarat,Mobile,47,Female,Referral
525,2023-06-13,India,Karnataka,Mobile,18,Male,Facebook Ads
526,2023-01-21,India,Uttar Pradesh,Mobile,50,Male,Referral
527,2023-06-13,India,Gujarat,Mobile,32,Female,Organic
528,2023-05-18,India,Tamil Nadu,Mobile,46,Male,Referral
529,2023-04-11,India,Uttar Pradesh,Mobile,19,Male,Referral
530,2023-06-01,India,Maharashtra,Desktop,28,Female,Referral
531,2023-06-26,India,Gujarat,Mobile,51,Female,Facebook Ads
532,2023-04-09,India,West Bengal,Mobile,58,Female,Google Ads
533,2023-02-05,India,Uttar Pradesh,Mobile,36,Male,Google Ads
534,2023-04-06,India,Odisha,Mobile,19,Male,Google Ads
535,2023-06-01,India,West Bengal,Desktop,37,Male,Google Ads
536,2023-05-31,India,Odisha,Desktop,58,Female,Google Ads
537,2023-02-06,India,Gujarat,Mobile,48,Male,Google Ads
538,2023-01-12,India,Delhi,Mobile,21,Male,Facebook Ads
539,2023-04-23,India,Delhi,Desktop,46,Male,Organic
540,2023-01-13,India,Maharashtra,Mobile,47,Female,Organic
541,2023-01-23,India,West Bengal,Desktop,30,Male,Google Ads
542,2023-04-09,India,Odisha,Mobile,32,Female,Referral
543,2023-04-15,India,Rajasthan,Mobile,37,Male,Referral
544,2023-01-30,India,West Bengal,Desktop,51,Female,Facebook Ads
545,2023-01-17,India,Tamil Nadu,Mobile,45,Female,Google Ads
546,2023-04-23,India,Maharashtra,Mobile,37,Male,Google Ads
547,2023-03-03,India,Telangana,Mobile,42,Male,Referral
548,2023-03-25,India,Telangana,Mobile,44,Female,Google Ads
549,2023-04-22,India,Odisha,Desktop,47,Female,Google Ads
550,2023-03-27,India,Delhi,Mobile,58,Male,Referral
551,2023-05-21,India,Uttar Pradesh,Mobile,37,Female,Organic
552,2023-01-19,India,Tamil Nadu,Desktop,18,Female,Organic
553,2023-06-26,India,Telangana,Mobile,52,Female,Facebook Ads
554,2023-04-10,India,Odisha,Mobile,41,Male,Referral
555,2023-05-20,India,Odisha,Desktop,42,Female,Facebook Ads
556,2023-05-27,India,Gujarat,Desktop,57,Male,Google Ads
557,2023-03-17,India,Delhi,Mobile,29,Male,Referral
558,2023-01-09,India,West Bengal,Mobile,28,Male,Organic
559,2023-01-28,India,Uttar Pradesh,Desktop,47,Female,Google Ads
560,2023-05-08,India,Gujarat,Desktop,30,Female,Organic
561,2023-02-21,India,Telangana,Desktop,42,Female,Organic
562,2023-03-24,India,Uttar Pradesh,Mobile,42,Male,Facebook Ads
563,2023-04-21,India,Maharashtra,Mobile,34,Male,Referral
564,2023-05-24,India,Delhi,Mobile,29,Male,Referral
565,2023-04-27,India,Telangana,Desktop,28,Male,Referral
566,2023-03-10,India,Odisha,Desktop,27,Male,Facebook Ads
567,2023-04-09,India,Telangana,Mobile,34,Male,Organic
568,2023-05-20,India,Rajasthan,Mobile,33,Male,Facebook Ads
569,2023-01-25,India,Karnataka,Mobile,37,Male,Referral
570,2023-06-29,India,Karnataka,Desktop,22,Female,Google Ads
571,2023-05-03,India,Telangana,Mobile,58,Female,Referral
572,2023-02-22,India,Rajasthan,Mobile,49,Female,Referral
573,2023-05-31,India,Telangana,Mobile,44,Female,Organic
574,2023-05-24,India,Karnataka,Mobile,21,Male,Referral
575,2023-02-26,India,Gujarat,Mobile,58,Female,Referral
576,2023-02-08,India,Maharashtra,Desktop,24,Male,Organic
577,2023-04-19,India,Karnataka,Desktop,31,Female,Referral
578,2023-02-11,India,Maharashtra,Mobile,56,Male,Referral
579,2023-06-16,India,Odisha,Mobile,41,Female,Organic
580,2023-05-22,India,Maharashtra,Desktop,35,Female,Google Ads
581,2023-05-02,India,Gujarat,Mobile,55,Female,Organic
582,2023-05-13,India,Rajasthan,Mobile,56,Male,Referral
583,2023-06-12,India,Maharashtra,Desktop,57,Female,Facebook Ads
584,2023-03-16,India,Uttar Pradesh,Desktop,18,Female,Google Ads
585,2023-05-26,India,West Bengal,Desktop,34,Female,Organic
586,2023-03-17,India,Karnataka,Mobile,43,Female,Google Ads
587,2023-01-09,India,Rajasthan,Mobile,39,Female,Google Ads
588,2023-03-15,India,Tamil Nadu,Mobile,56,Male,Facebook Ads
589,2023-05-25,India,Odisha,Mobile,35,Male,Facebook Ads
590,2023-01-07,India,West Bengal,Desktop,55,Female,Facebook Ads
591,2023-06-23,India,Uttar Pradesh,Mobile,45,Male,Referral
592,2023-05-21,India,Delhi,Desktop,38,Female,Organic
593,2023-06-17,India,Gujarat,Mobile,55,Female,Referral
594,2023-06-19,India,Telangana,Mobile,50,Female,Organic
595,2023-05-17,India,West Bengal,Desktop,47,Female,Referral
596,2023-06-27,India,Rajasthan,Mobile,59,Male,Referral
597,2023-01-27,India,Rajasthan,Mobile,25,Female,Facebook Ads
598,2023-05-02,India,Rajasthan,Mobile,47,Female,Referral
599,2023-01-05,India,Odisha,Mobile,56,Male,Facebook Ads
600,2023-01-29,India,Maharashtra,Mobile,26,Female,Organic
601,2023-06-14,India,Karnataka,Mobile,50,Female,Facebook Ads
602,2023-06-15,India,Delhi,Mobile,46,Male,Google Ads
603,2023-03-24,India,Telangana,Desktop,48,Male,Google Ads
604,2023-05-16,India,Rajasthan,Mobile,20,Female,Referral
605,2023-04-19,India,Telangana,Mobile,55,Female,Google Ads
606,2023-03-06,India,Tamil Nadu,Mobile,28,Female,Organic
607,2023-03-27,India,Odisha,Mobile,22,Male,Referral
608,2023-05-25,India,Rajasthan,Mobile,48,Female,Facebook Ads
609,2023-03-12,India,Tamil Nadu,Mobile,37,Female,Referral
610,2023-02-14,India,Delhi,Mobile,21,Female,Referral
611,2023-05-12,India,Delhi,Desktop,25,Female,Google Ads
612,2023-02-05,India,Karnataka,Desktop,59,Male,Referral
613,2023-03-11,India,Uttar Pradesh,Desktop,52,Male,Organic
614,2023-06-08,India,Karnataka,Mobile,30,Female,Referral
615,2023-01-19,India,Maharashtra,Mobile,22,Male,Facebook Ads
616,2023-04-18,India,Telangana,Desktop,57,Female,Facebook Ads
617,2023-06-16,India,Gujarat,Mobile,36,Male,Google Ads
618,2023-04-01,India,Delhi,Desktop,35,Male,Referral
619,2023-03-31,India,Gujarat,Mobile,50,Male,Facebook Ads
620,2023-01-19,India,Odisha,Mobile,21,Female,Referral
621,2023-02-08,India,West Bengal,Desktop,35,Female,Referral
622,2023-05-06,India,Rajasthan,Desktop,41,Male,Facebook Ads
623,2023-06-22,India,Odisha,Desktop,46,Female,Referral
624,2023-05-21,India,Delhi,Desktop,48,Male,Google Ads
625,2023-05-06,India,Tamil Nadu,Mobile,45,Female,Google Ads
626,2023-02-27,India,Telangana,Mobile,26,Male,Facebook Ads
627,2023-05-28,India,Gujarat,Desktop,43,Male,Organic
628,2023-03-02,India,Karnataka,Mobile,19,Female,Organic
629,2023-05-07,India,West Bengal,Mobile,23,Female,Referral
630,2023-04-15,India,Uttar Pradesh,Mobile,46,Male,Google Ads
631,2023-06-16,India,Odisha,Mobile,43,Female,Facebook Ads
632,2023-01-01,India,Uttar Pradesh,Mobile,45,Male,Google Ads
633,2023-05-11,India,Gujarat,Mobile,24,Male,Organic
634,2023-04-02,India,Gujarat,Desktop,51,Female,Organic
635,2023-04-23,India,Rajasthan,Desktop,27,Female,Referral
636,2023-06-02,India,Tamil Nadu,Mobile,58,Female,Facebook Ads
637,2023-02-25,India,Tamil Nadu,Mobile,57,Female,Referral
638,2023-06-10,India,Maharashtra,Mobile,39,Male,Google Ads
639,2023-06-15,India,Karnataka,Mobile,44,Male,Google Ads
640,2023-04-27,India,Delhi,Mobile,56,Male,Organic
641,2023-05-14,India,Delhi,Mobile,39,Female,Referral
642,2023-02-27,India,Gujarat,Mobile,36,Female,Google Ads
643,2023-02-13,India,Odisha,Mobile,53,Male,Google Ads
644,2023-06-22,India,Telangana,Mobile,26,Female,Google Ads
645,2023-06-09,India,Delhi,Mobile,36,Female,Facebook Ads
646,2023-06-22,India,Delhi,Mobile,19,Female,Organic
647,2023-03-02,India,Odisha,Mobile,45,Male,Referral
648,2023-02-16,India,Karnataka,Mobile,56,Male,Google Ads
649,2023-05-29,India,West Bengal,Desktop,39,Female,Facebook Ads
650,2023-03-21,India,Tamil Nadu,Mobile,23,Male,Google Ads
651,2023-04-28,India,Rajasthan,Desktop,24,Male,Google Ads
652,2023-06-13,India,Rajasthan,Mobile,23,Male,Organic
653,2023-05-27,India,Rajasthan,Desktop,50,Male,Facebook Ads
654,2023-01-20,India,Odisha,Mobile,31,Male,Google Ads
655,2023-05-26,India,Rajasthan,Desktop,18,Female,Organic
656,2023-02-16,India,Gujarat,Mobile,42,Male,Facebook Ads
657,2023-02-18,India,Maharashtra,Desktop,23,Female,Google Ads
658,2023-01-14,India,Odisha,Mobile,45,Female,Referral
659,2023-05-23,India,Odisha,Mobile,35,Male,Organic
660,2023-06-08,India,Tamil Nadu,Desktop,44,Male,Google Ads
661,2023-01-01,India,Rajasthan,Mobile,19,Male,Google Ads
662,2023-04-27,India,Uttar Pradesh,Desktop,57,Male,Facebook Ads
663,2023-02-23,India,West Bengal,Mobile,38,Female,Referral
664,2023-04-28,India,Maharashtra,Mobile,40,Female,Organic
665,2023-01-03,India,Odisha,Desktop,19,Female,Facebook Ads
666,2023-05-24,India,Maharashtra,Mobile,33,Male,Google Ads
667,2023-01-12,India,Odisha,Mobile,21,Female,Organic
668,2023-03-15,India,Karnataka,Desktop,51,Female,Google Ads
669,2023-01-16,India,Tamil Nadu,Desktop,22,Male,Google Ads
670,2023-04-12,India,Gujarat,Desktop,51,Male,Referral
671,2023-06-01,India,Karnataka,Mobile,39,Male,Google Ads
672,2023-06-05,India,Telangana,Mobile,37,Female,Organic
673,2023-04-27,India,Rajasthan,Mobile,56,Male,Google Ads
674,2023-01-08,India,Telangana,Mobile,30,Female,Organic
675,2023-05-02,India,West Bengal,Desktop,51,Male,Referral
676,2023-04-02,India,Uttar Pradesh,Mobile,23,Female,Google Ads
677,2023-06-13,India,Gujarat,Mobile,46,Female,Facebook Ads
678,2023-03-31,India,Karnataka,Mobile,50,Male,Organic
679,2023-05-16,India,Maharashtra,Desktop,18,Female,Google Ads
680,2023-03-01,India,Maharashtra,Desktop,24,Male,Facebook Ads
681,2023-06-27,India,West Bengal,Mobile,39,Male,Organic
682,2023-01-28,India,Odisha,Mobile,49,Male,Facebook Ads
683,2023-04-11,India,Maharashtra,Desktop,31,Female,Google Ads
684,2023-02-10,India,Rajasthan,Mobile,41,Female,Referral
685,2023-06-04,India,Uttar Pradesh,Mobile,36,Female,Referral
686,2023-05-25,India,Tamil Nadu,Mobile,44,Male,Facebook Ads
687,2023-06-10,India,Rajasthan,Mobile,40,Female,Google Ads
688,2023-06-06,India,Uttar Pradesh,Mobile,38,Female,Google Ads
689,2023-05-21,India,West Bengal,Desktop,46,Male,Organic
690,2023-02-15,India,Rajasthan,Mobile,18,Male,Google Ads
691,2023-02-04,India,Tamil Nadu,Mobile,48,Male,Referral
692,2023-05-14,India,Tamil Nadu,Desktop,44,Male,Google Ads
693,2023-03-23,India,Delhi,Desktop,53,Male,Organic
694,2023-04-25,India,Odisha,Mobile,44,Male,Organic
695,2023-02-16,India,West Bengal,Mobile,32,Male,Google Ads
696,2023-06-02,India,Rajasthan,Mobile,42,Female,Google Ads
697,2023-01-10,India,Gujarat,Mobile,32,Male,Organic
698,2023-02-25,India,Gujarat,Mobile,57,Male,Organic
699,2023-01-30,India,West Bengal,Mobile,36,Male,Facebook Ads
700,2023-04-19,India,Rajasthan,Mobile,28,Male,Referral
701,2023-01-05,India,Karnataka,Mobile,58,Male,Referral
702,2023-04-29,India,Karnataka,Mobile,50,Female,Facebook Ads
703,2023-02-02,India,Odisha,Mobile,58,Male,Facebook Ads
704,2023-04-28,India,Rajasthan,Mobile,40,Female,Referral
705,2023-03-06,India,Tamil Nadu,Mobile,29,Female,Organic
706,2023-05-26,India,Maharashtra,Mobile,19,Male,Referral
707,2023-06-26,India,Gujarat,Mobile,38,Male,Organic
708,2023-01-11,India,Rajasthan,Mobile,31,Male,Referral
709,2023-03-26,India,Rajasthan,Mobile,51,Female,Organic
710,2023-01-26,India,Maharashtra,Mobile,32,Male,Referral
711,2023-03-04,India,Maharashtra,Desktop,38,Female,Facebook Ads
712,2023-03-27,India,Uttar Pradesh,Desktop,40,Female,Google Ads
713,2023-02-28,India,Delhi,Mobile,38,Male,Google Ads
714,2023-01-27,India,Odisha,Desktop,31,Male,Google Ads
715,2023-06-26,India,Gujarat,Mobile,38,Female,Organic
716,2023-06-10,India,Maharashtra,Mobile,29,Female,Google Ads
717,2023-04-08,India,Karnataka,Desktop,59,Male,Referral
718,2023-04-15,India,West Bengal,Mobile,22,Male,Google Ads
719,2023-04-09,India,Karnataka,Mobile,19,Female,Organic
720,2023-05-09,India,Uttar Pradesh,Mobile,39,Female,Organic
721,2023-05-29,India,Uttar Pradesh,Mobile,23,Male,Organic
722,2023-02-24,India,Maharashtra,Mobile,19,Female,Referral
723,2023-01-06,India,Uttar Pradesh,Mobile,46,Male,Organic
724,2023-04-05,India,Tamil Nadu,Mobile,53,Male,Referral
725,2023-05-13,India,Telangana,Mobile,24,Male,Organic
726,2023-04-12,India,Rajasthan,Mobile,33,Female,Facebook Ads
727,2023-01-03,India,Rajasthan,Desktop,50,Female,Organic
728,2023-01-23,India,Maharashtra,Desktop,50,Female,Google Ads
729,2023-02-22,India,Uttar Pradesh,Mobile,31,Male,Google Ads
730,2023-06-14,India,West Bengal,Mobile,29,Male,Facebook Ads
731,2023-03-24,India,Tamil Nadu,Desktop,23,Male,Organic
732,2023-05-25,India,Odisha,Mobile,29,Female,Google Ads
733,2023-03-26,India,Uttar Pradesh,Mobile,48,Male,Google Ads
734,2023-03-19,India,Tamil Nadu,Mobile,29,Male,Referral
735,2023-04-20,India,Delhi,Desktop,27,Male,Referral
736,2023-01-01,India,Odisha,Mobile,57,Female,Organic
737,2023-02-20,India,Rajasthan,Mobile,44,Female,Facebook Ads
738,2023-06-22,India,Delhi,Mobile,24,Female,Organic
739,2023-01-04,India,Maharashtra,Mobile,53,Female,Referral
740,2023-04-23,India,Gujarat,Mobile,50,Female,Referral
741,2023-02-01,India,Maharashtra,Mobile,44,Female,Organic
742,2023-02-03,India,West Bengal,Mobile,25,Female,Organic
743,2023-04-02,India,Tamil Nadu,Mobile,22,Male,Organic
744,2023-04-05,India,Gujarat,Mobile,25,Male,Organic
745,2023-03-13,India,Odisha,Desktop,57,Male,Facebook Ads
746,2023-02-08,India,Odisha,Desktop,38,Male,Google Ads
747,2023-06-03,India,Delhi,Mobile,41,Female,Organic
748,2023-06-11,India,West Bengal,Mobile,24,Female,Google Ads
749,2023-04-28,India,Rajasthan,Mobile,36,Male,Referral
750,2023-01-03,India,Uttar Pradesh,Mobile,48,Male,Google Ads
751,2023-05-03,India,Uttar Pradesh,Desktop,53,Female,Organic
752,2023-02-19,India,Gujarat,Mobile,44,Female,Google Ads
753,2023-01-12,India,West Bengal,Mobile,46,Female,Organic
754,2023-02-23,India,West Bengal,Desktop,40,Male,Organic
755,2023-05-13,India,Odisha,Desktop,37,Female,Referral
756,2023-02-26,India,Rajasthan,Mobile,23,Male,Organic
757,2023-05-25,India,Tamil Nadu,Mobile,29,Female,Referral
758,2023-04-22,India,Rajasthan,Mobile,29,Female,Facebook Ads
759,2023-02-16,India,Karnataka,Desktop,20,Male,Organic
760,2023-05-31,India,West Bengal,Desktop,59,Female,Referral
761,2023-03-26,India,Maharashtra,Mobile,56,Male,Referral
762,2023-05-22,India,Telangana,Mobile,52,Female,Organic
763,2023-03-07,India,West Bengal,Mobile,36,Female,Google Ads
764,2023-03-16,India,Gujarat,Mobile,21,Male,Referral
765,2023-06-28,India,Maharashtra,Mobile,48,Female,Facebook Ads
766,2023-04-13,India,Gujarat,Mobile,59,Female,Google Ads
767,2023-06-15,India,Delhi,Mobile,55,Female,Google Ads
768,2023-02-07,India,Telangana,Desktop,50,Female,Organic
769,2023-02-19,India,Telangana,Mobile,23,Female,Referral
770,2023-04-08,India,Odisha,Mobile,25,Female,Facebook Ads
771,2023-03-23,India,West Bengal,Mobile,45,Female,Referral
772,2023-01-30,India,Odisha,Desktop,32,Female,Facebook Ads
773,2023-03-20,India,Uttar Pradesh,Mobile,48,Female,Referral
774,2023-04-01,India,Gujarat,Desktop,25,Male,Organic
775,2023-06-28,India,Karnataka,Mobile,23,Female,Facebook Ads
776,2023-02-21,India,Karnataka,Desktop,46,Female,Organic
777,2023-06-15,India,Uttar Pradesh,Desktop,51,Female,Referral
778,2023-03-20,India,Delhi,Mobile,24,Male,Facebook Ads
779,2023-01-30,India,Karnataka,Desktop,57,Male,Facebook Ads
780,2023-04-16,India,Gujarat,Mobile,27,Male,Referral
781,2023-02-20,India,Karnataka,Mobile,30,Male,Organic
782,2023-03-22,India,Uttar Pradesh,Mobile,39,Male,Facebook Ads
783,2023-05-13,India,Maharashtra,Mobile,38,Male,Facebook Ads
784,2023-01-29,India,Odisha,Desktop,18,Female,Facebook Ads
785,2023-05-12,India,Tamil Nadu,Desktop,58,Male,Referral
786,2023-05-18,India,Gujarat,Mobile,59,Female,Google Ads
787,2023-05-25,India,Odisha,Mobile,19,Female,Referral
788,2023-03-15,India,Telangana,Mobile,46,Female,Organic
789,2023-01-17,India,Rajasthan,Mobile,28,Male,Google Ads
790,2023-03-25,India,Karnataka,Mobile,54,Female,Facebook Ads
791,2023-03-10,India,Karnataka,Desktop,24,Female,Facebook Ads
792,2023-02-03,India,Delhi,Mobile,52,Male,Google Ads
793,2023-01-06,India,Odisha,Mobile,47,Male,Facebook Ads
794,2023-02-22,India,Rajasthan,Desktop,33,Female,Facebook Ads
795,2023-05-06,India,Karnataka,Mobile,32,Male,Referral
796,2023-02-12,India,Telangana,Mobile,57,Male,Referral
797,2023-04-25,India,Delhi,Mobile,37,Female,Organic
798,2023-04-21,India,Odisha,Mobile,45,Female,Facebook Ads
799,2023-05-31,India,Delhi,Desktop,54,Female,Organic
800,2023-03-21,India,Odisha,Mobile,20,Female,Organic
801,2023-04-05,India,West Bengal,Mobile,46,Female,Google Ads
802,2023-04-28,India,West Bengal,Mobile,54,Female,Google Ads
803,2023-05-24,India,Uttar Pradesh,Mobile,26,Female,Facebook Ads
804,2023-01-08,India,Gujarat,Desktop,44,Female,Google Ads
805,2023-05-12,India,Delhi,Desktop,49,Male,Organic
806,2023-04-14,India,Uttar Pradesh,Desktop,56,Male,Referral
807,2023-05-12,India,Delhi,Mobile,48,Male,Google Ads
808,2023-01-25,India,Karnataka,Mobile,43,Male,Organic
809,2023-04-06,India,Tamil Nadu,Mobile,57,Male,Google Ads
810,2023-06-04,India,Delhi,Mobile,20,Female,Facebook Ads
811,2023-04-03,India,Karnataka,Mobile,28,Male,Google Ads
812,2023-06-09,India,Rajasthan,Mobile,46,Male,Referral
813,2023-06-27,India,West Bengal,Desktop,44,Female,Facebook Ads
814,2023-03-02,India,Uttar Pradesh,Mobile,27,Male,Google Ads
815,2023-05-02,India,Tamil Nadu,Mobile,52,Female,Referral
816,2023-02-20,India,Telangana,Mobile,40,Male,Organic
817,2023-05-27,India,West Bengal,Mobile,23,Male,Google Ads
818,2023-01-21,India,Uttar Pradesh,Mobile,28,Female,Google Ads
819,2023-01-05,India,Tamil Nadu,Mobile,44,Male,Organic
820,2023-04-02,India,Telangana,Mobile,48,Male,Organic
821,2023-06-19,India,Maharashtra,Mobile,47,Male,Google Ads
822,2023-03-02,India,Karnataka,Desktop,20,Female,Referral
823,2023-01-22,India,Maharashtra,Mobile,30,Female,Organic
824,2023-05-29,India,Karnataka,Mobile,57,Female,Organic
825,2023-03-11,India,Odisha,Mobile,38,Female,Referral
826,2023-01-01,India,Gujarat,Mobile,28,Female,Google Ads
827,2023-05-13,India,Tamil Nadu,Desktop,20,Male,Facebook Ads
828,2023-01-12,India,Maharashtra,Mobile,55,Male,Google Ads
829,2023-03-31,India,Gujarat,Mobile,48,Female,Google Ads
830,2023-02-15,India,Tamil Nadu,Desktop,41,Female,Facebook Ads
831,2023-02-03,India,Uttar Pradesh,Mobile,59,Male,Google Ads
832,2023-06-26,India,Odisha,Mobile,29,Female,Google Ads
833,2023-03-19,India,Uttar Pradesh,Mobile,44,Male,Organic
834,2023-02-14,India,Karnataka,Mobile,38,Female,Referral
835,2023-06-04,India,Gujarat,Desktop,42,Female,Google Ads
836,2023-03-14,India,Tamil Nadu,Mobile,47,Male,Facebook Ads
837,2023-01-26,India,Delhi,Mobile,47,Male,Facebook Ads
838,2023-02-16,India,Gujarat,Mobile,27,Female,Organic
839,2023-05-01,India,Rajasthan,Mobile,20,Female,Google Ads
840,2023-02-25,India,Telangana,Mobile,30,Male,Google Ads
841,2023-04-04,India,Maharashtra,Mobile,44,Male,Google Ads
842,2023-04-17,India,Tamil Nadu,Mobile,35,Female,Google Ads
843,2023-03-04,India,West Bengal,Mobile,41,Male,Facebook Ads
844,2023-02-17,India,West Bengal,Desktop,31,Female,Facebook Ads
845,2023-03-02,India,Telangana,Mobile,56,Female,Organic
846,2023-03-22,India,Karnataka,Mobile,21,Female,Google Ads
847,2023-01-26,India,Gujarat,Mobile,33,Female,Facebook Ads
848,2023-02-05,India,Gujarat,Desktop,27,Female,Google Ads
849,2023-01-01,India,West Bengal,Desktop,54,Female,Referral
850,2023-01-08,India,Gujarat,Desktop,44,Female,Referral
851,2023-04-23,India,Telangana,Mobile,18,Male,Facebook Ads
852,2023-04-09,India,Gujarat,Desktop,22,Male,Referral
853,2023-06-29,India,Karnataka,Mobile,30,Female,Referral
854,2023-02-16,India,Maharashtra,Mobile,20,Male,Facebook Ads
855,2023-05-07,India,Rajasthan,Mobile,34,Female,Organic
856,2023-02-25,India,Maharashtra,Desktop,36,Female,Referral
857,2023-01-14,India,Rajasthan,Desktop,54,Male,Google Ads
858,2023-01-28,India,Delhi,Desktop,22,Male,Referral
859,2023-03-19,India,Maharashtra,Desktop,59,Female,Organic
860,2023-05-10,India,Telangana,Mobile,41,Male,Organic
861,2023-04-19,India,Odisha,Mobile,50,Female,Organic
862,2023-06-03,India,Delhi,Mobile,38,Male,Organic
863,2023-01-14,India,Rajasthan,Desktop,20,Female,Organic
864,2023-02-25,India,Rajasthan,Mobile,21,Female,Referral
865,2023-04-25,India,Delhi,Desktop,49,Female,Referral
866,2023-01-07,India,Rajasthan,Mobile,41,Male,Referral
867,2023-01-03,India,Tamil Nadu,Mobile,52,Female,Referral
868,2023-04-21,India,Odisha,Mobile,35,Female,Organic
869,2023-05-31,India,Telangana,Mobile,20,Male,Organic
870,2023-04-17,India,Tamil Nadu,Desktop,56,Male,Google Ads
871,2023-01-18,India,Rajasthan,Mobile,43,Female,Referral
872,2023-02-07,India,Maharashtra,Mobile,41,Male,Organic
873,2023-04-25,India,Tamil Nadu,Mobile,18,Female,Google Ads
874,2023-01-15,India,Maharashtra,Mobile,51,Female,Google Ads
875,2023-04-29,India,Delhi,Mobile,29,Female,Facebook Ads
876,2023-01-28,India,Gujarat,Mobile,34,Male,Referral
877,2023-02-08,India,Uttar Pradesh,Desktop,38,Male,Organic
878,2023-01-17,India,Rajasthan,Mobile,38,Male,Referral
879,2023-03-27,India,Uttar Pradesh,Mobile,20,Female,Google Ads
880,2023-05-06,India,Odisha,Mobile,45,Female,Referral
881,2023-02-13,India,Maharashtra,Mobile,42,Female,Facebook Ads
882,2023-01-25,India,Tamil Nadu,Mobile,23,Male,Facebook Ads
883,2023-05-25,India,Uttar Pradesh,Mobile,59,Male,Organic
884,2023-01-13,India,Karnataka,Mobile,47,Female,Organic
885,2023-01-25,India,Rajasthan,Mobile,49,Male,Organic
886,2023-03-09,India,Uttar Pradesh,Mobile,39,Male,Organic
887,2023-05-18,India,Tamil Nadu,Desktop,55,Male,Referral
888,2023-03-08,India,Tamil Nadu,Desktop,31,Male,Referral
889,2023-04-19,India,Odisha,Mobile,51,Female,Google Ads
890,2023-05-26,India,West Bengal,Mobile,43,Female,Google Ads
891,2023-04-21,India,Telangana,Mobile,57,Female,Organic
892,2023-04-21,India,Karnataka,Mobile,30,Male,Referral
893,2023-02-03,India,Uttar Pradesh,Desktop,47,Male,Organic
894,2023-04-21,India,Telangana,Desktop,36,Male,Google Ads
895,2023-01-08,India,Karnataka,Mobile,59,Female,Referral
896,2023-06-17,India,West Bengal,Mobile,58,Male,Organic
897,2023-04-23,India,Uttar Pradesh,Mobile,56,Female,Facebook Ads
898,2023-03-24,India,Karnataka,Mobile,20,Female,Google Ads
899,2023-02-11,India,Telangana,Desktop,48,Female,Facebook Ads
900,2023-06-18,India,Maharashtra,Mobile,29,Male,Facebook Ads
901,2023-04-11,India,Tamil Nadu,Mobile,32,Female,Referral
902,2023-01-06,India,Gujarat,Mobile,55,Female,Facebook Ads
903,2023-06-29,India,Delhi,Mobile,57,Male,Facebook Ads
904,2023-01-26,India,Rajasthan,Mobile,31,Female,Organic
905,2023-03-05,India,Gujarat,Mobile,52,Male,Referral
906,2023-02-28,India,Uttar Pradesh,Mobile,33,Female,Organic
907,2023-04-19,India,Uttar Pradesh,Desktop,41,Male,Organic
908,2023-05-01,India,Karnataka,Desktop,34,Female,Organic
909,2023-02-02,India,Tamil Nadu,Mobile,35,Female,Referral
910,2023-05-30,India,West Bengal,Desktop,59,Female,Google Ads
911,2023-01-21,India,Odisha,Mobile,34,Male,Referral
912,2023-03-11,India,Karnataka,Desktop,33,Male,Organic
913,2023-04-22,India,Odisha,Desktop,38,Male,Google Ads
914,2023-01-04,India,Delhi,Mobile,41,Female,Facebook Ads
915,2023-04-04,India,Telangana,Desktop,51,Male,Google Ads
916,2023-03-16,India,Karnataka,Mobile,53,Male,Referral
917,2023-03-03,India,Delhi,Mobile,44,Male,Organic
918,2023-04-04,India,Rajasthan,Mobile,56,Male,Facebook Ads
919,2023-04-05,India,Karnataka,Desktop,34,Female,Facebook Ads
920,2023-06-01,India,Tamil Nadu,Desktop,42,Female,Organic
921,2023-02-24,India,Tamil Nadu,Mobile,55,Female,Facebook Ads
922,2023-05-17,India,Uttar Pradesh,Mobile,59,Female,Facebook Ads
923,2023-05-11,India,Rajasthan,Mobile,38,Female,Facebook Ads
924,2023-01-31,India,Uttar Pradesh,Desktop,21,Female,Referral
925,2023-02-09,India,Odisha,Mobile,42,Male,Google Ads
926,2023-02-05,India,Gujarat,Desktop,47,Female,Referral
927,2023-06-01,India,West Bengal,Mobile,50,Male,Facebook Ads
928,2023-01-06,India,Rajasthan,Mobile,56,Female,Referral
929,2023-03-07,India,Telangana,Mobile,43,Male,Facebook Ads
930,2023-03-16,India,West Bengal,Desktop,42,Female,Referral
931,2023-01-04,India,West Bengal,Mobile,33,Female,Google Ads
932,2023-03-20,India,Maharashtra,Desktop,41,Female,Organic
933,2023-05-14,India,Karnataka,Mobile,22,Female,Google Ads
934,2023-04-28,India,Telangana,Mobile,59,Male,Referral
935,2023-04-23,India,Rajasthan,Desktop,56,Male,Referral
936,2023-04-04,India,Uttar Pradesh,Desktop,30,Female,Google Ads
937,2023-06-28,India,Odisha,Desktop,47,Female,Referral
938,2023-03-03,India,Karnataka,Mobile,24,Male,Organic
939,2023-03-20,India,Maharashtra,Mobile,34,Female,Organic
940,2023-05-16,India,Odisha,Mobile,44,Female,Google Ads
941,2023-01-26,India,Rajasthan,Mobile,52,Male,Facebook Ads
942,2023-06-28,India,Gujarat,Desktop,22,Male,Organic
943,2023-06-22,India,West Bengal,Mobile,59,Male,Referral
944,2023-02-13,India,Maharashtra,Mobile,22,Male,Facebook Ads
945,2023-05-13,India,Odisha,Mobile,41,Female,Organic
946,2023-03-11,India,Uttar Pradesh,Mobile,24,Female,Facebook Ads
947,2023-06-03,India,Maharashtra,Mobile,24,Female,Referral
948,2023-04-28,India,Odisha,Mobile,31,Female,Google Ads
949,2023-03-09,India,Maharashtra,Mobile,32,Male,Google Ads
950,2023-01-19,India,Uttar Pradesh,Mobile,22,Female,Referral
951,2023-01-20,India,Uttar Pradesh,Desktop,54,Female,Google Ads
952,2023-04-23,India,Telangana,Mobile,21,Male,Referral
953,2023-05-20,India,Tamil Nadu,Mobile,47,Female,Google Ads
954,2023-02-16,India,West Bengal,Desktop,37,Male,Organic
955,2023-01-01,India,Karnataka,Desktop,43,Male,Google Ads
956,2023-03-31,India,Karnataka,Desktop,26,Male,Facebook Ads
957,2023-05-22,India,Rajasthan,Desktop,47,Male,Google Ads
958,2023-03-05,India,Delhi,Mobile,39,Male,Google Ads
959,2023-02-07,India,Rajasthan,Mobile,57,Female,Google Ads
960,2023-02-06,India,Delhi,Mobile,58,Female,Google Ads
961,2023-05-06,India,Maharashtra,Mobile,47,Female,Organic
962,2023-05-19,India,Delhi,Desktop,37,Male,Referral
963,2023-04-10,India,Tamil Nadu,Mobile,45,Male,Organic
964,2023-03-18,India,Tamil Nadu,Desktop,24,Female,Organic
965,2023-01-03,India,West Bengal,Desktop,21,Male,Facebook Ads
966,2023-06-10,India,Odisha,Mobile,45,Male,Referral
967,2023-05-14,India,Karnataka,Desktop,52,Male,Referral
968,2023-06-27,India,West Bengal,Mobile,50,Female,Facebook Ads
969,2023-01-10,India,Tamil Nadu,Mobile,24,Male,Referral
970,2023-01-05,India,Odisha,Desktop,26,Male,Google Ads
971,2023-05-31,India,Rajasthan,Mobile,51,Male,Referral
972,2023-05-18,India,Karnataka,Desktop,56,Female,Facebook Ads
973,2023-06-21,India,Telangana,Mobile,59,Male,Facebook Ads
974,2023-05-10,India,Karnataka,Mobile,51,Female,Facebook Ads
975,2023-01-13,India,Maharashtra,Desktop,30,Male,Facebook Ads
976,2023-06-17,India,Gujarat,Mobile,46,Male,Organic
977,2023-05-10,India,Karnataka,Mobile,52,Female,Referral
978,2023-03-25,India,Tamil Nadu,Mobile,27,Female,Organic
979,2023-03-06,India,Maharashtra,Desktop,47,Female,Facebook Ads
980,2023-03-04,India,Uttar Pradesh,Mobile,43,Male,Facebook Ads
981,2023-04-11,India,Delhi,Desktop,52,Female,Organic
982,2023-03-14,India,Rajasthan,Mobile,45,Female,Google Ads
983,2023-01-17,India,Telangana,Mobile,46,Female,Referral
984,2023-01-09,India,Rajasthan,Desktop,23,Male,Organic
985,2023-05-23,India,Uttar Pradesh,Mobile,20,Female,Referral
986,2023-06-01,India,Gujarat,Mobile,46,Male,Facebook Ads
987,2023-02-07,India,Karnataka,Desktop,19,Male,Facebook Ads
988,2023-06-12,India,West Bengal,Desktop,39,Male,Facebook Ads
989,2023-04-04,India,Maharashtra,Mobile,44,Female,Referral
990,2023-04-05,India,Telangana,Mobile,39,Female,Referral
991,2023-02-18,India,Uttar Pradesh,Desktop,27,Female,Organic
992,2023-03-10,India,Gujarat,Desktop,36,Female,Facebook Ads
993,2023-03-03,India,Rajasthan,Desktop,41,Male,Organic
994,2023-06-27,India,Uttar Pradesh,Mobile,44,Female,Google Ads
995,2023-03-19,India,Telangana,Desktop,53,Female,Facebook Ads
996,2023-04-27,India,Telangana,Mobile,34,Male,Facebook Ads
997,2023-04-30,India,Gujarat,Mobile,27,Female,Google Ads
998,2023-05-17,India,Rajasthan,Mobile,34,Male,Organic
999,2023-06-11,India,Tamil Nadu,Mobile,27,Male,Referral
1000,2023-03-17,India,Telangana,Mobile,27,Female,Facebook Ads
1001,2023-02-04,India,Maharashtra,Mobile,55,Male,Referral
1002,2023-01-01,India,Maharashtra,Mobile,34,Male,Facebook Ads
1003,2023-02-09,India,Delhi,Mobile,43,Male,Facebook Ads
1004,2023-03-05,India,Rajasthan,Mobile,43,Female,Referral
1005,2023-05-30,India,Uttar Pradesh,Mobile,51,Female,Facebook Ads
1006,2023-03-01,India,Maharashtra,Mobile,21,Female,Google Ads
1007,2023-03-05,India,Gujarat,Mobile,44,Male,Organic
1008,2023-04-03,India,Uttar Pradesh,Mobile,38,Female,Google Ads
1009,2023-03-13,India,Rajasthan,Mobile,53,Female,Organic
1010,2023-01-11,India,Gujarat,Desktop,55,Male,Google Ads
1011,2023-04-15,India,Karnataka,Desktop,48,Female,Google Ads
1012,2023-01-14,India,Odisha,Desktop,24,Female,Organic
1013,2023-03-01,India,Maharashtra,Mobile,51,Male,Facebook Ads
1014,2023-01-30,India,Maharashtra,Mobile,35,Female,Referral
1015,2023-02-04,India,Delhi,Mobile,41,Male,Referral
1016,2023-06-14,India,Tamil Nadu,Desktop,30,Female,Referral
1017,2023-01-05,India,Delhi,Mobile,30,Female,Facebook Ads
1018,2023-03-24,India,Rajasthan,Mobile,42,Female,Google Ads
1019,2023-05-03,India,Delhi,Mobile,22,Male,Google Ads
1020,2023-03-19,India,Tamil Nadu,Mobile,56,Female,Google Ads
1021,2023-06-03,India,Tamil Nadu,Desktop,46,Female,Facebook Ads
1022,2023-03-03,India,Telangana,Desktop,50,Male,Organic
1023,2023-05-12,India,Telangana,Desktop,41,Female,Facebook Ads
1024,2023-03-30,India,Odisha,Mobile,27,Male,Referral
1025,2023-02-11,India,Gujarat,Desktop,42,Female,Google Ads
1026,2023-03-30,India,Karnataka,Mobile,58,Female,Facebook Ads
1027,2023-05-26,India,Tamil Nadu,Desktop,27,Female,Facebook Ads
1028,2023-02-09,India,Karnataka,Mobile,56,Female,Facebook Ads
1029,2023-03-13,India,Maharashtra,Mobile,33,Female,Organic
1030,2023-02-08,India,West Bengal,Mobile,45,Female,Google Ads
1031,2023-04-14,India,Odisha,Mobile,29,Male,Facebook Ads
1032,2023-01-14,India,Rajasthan,Desktop,49,Female,Facebook Ads
1033,2023-02-01,India,Uttar Pradesh,Desktop,46,Male,Referral
1034,2023-06-28,India,Karnataka,Mobile,44,Female,Google Ads
1035,2023-05-05,India,Delhi,Mobile,43,Male,Facebook Ads
1036,2023-06-15,India,Tamil Nadu,Mobile,20,Male,Facebook Ads
1037,2023-04-07,India,Karnataka,Desktop,43,Male,Facebook Ads
1038,2023-01-23,India,Uttar Pradesh,Mobile,56,Female,Facebook Ads
1039,2023-03-04,India,Tamil Nadu,Mobile,18,Female,Google Ads
1040,2023-05-23,India,Rajasthan,Mobile,52,Male,Facebook Ads
1041,2023-06-02,India,West Bengal,Mobile,44,Male,Organic
1042,2023-05-25,India,Delhi,Desktop,21,Male,Facebook Ads
1043,2023-02-22,India,Karnataka,Mobile,36,Male,Organic
1044,2023-04-14,India,Telangana,Mobile,39,Male,Google Ads
1045,2023-04-14,India,Odisha,Desktop,23,Male,Facebook Ads
1046,2023-06-28,India,Karnataka,Mobile,26,Female,Referral
1047,2023-02-08,India,Karnataka,Mobile,28,Female,Organic
1048,2023-06-28,India,Uttar Pradesh,Mobile,39,Male,Organic
1049,2023-05-14,India,Uttar Pradesh,Mobile,26,Female,Facebook Ads
1050,2023-03-08,India,Odisha,Mobile,46,Male,Referral
1051,2023-05-15,India,Karnataka,Desktop,27,Male,Referral
1052,2023-06-28,India,Gujarat,Desktop,51,Female,Facebook Ads
1053,2023-02-11,India,Rajasthan,Desktop,48,Male,Google Ads
1054,2023-01-15,India,Uttar Pradesh,Desktop,39,Female,Google Ads
1055,2023-04-21,India,Uttar Pradesh,Mobile,21,Male,Facebook Ads
1056,2023-06-06,India,Gujarat,Mobile,19,Male,Google Ads
1057,2023-02-02,India,Tamil Nadu,Mobile,22,Female,Referral
1058,2023-06-04,India,Karnataka,Desktop,32,Female,Google Ads
1059,2023-06-13,India,Odisha,Mobile,36,Female,Google Ads
1060,2023-06-06,India,Uttar Pradesh,Mobile,55,Male,Google Ads
1061,2023-02-07,India,Odisha,Mobile,32,Female,Facebook Ads
1062,2023-04-07,India,Odisha,Mobile,25,Male,Facebook Ads
1063,2023-06-04,India,Rajasthan,Mobile,37,Male,Organic
1064,2023-02-02,India,Telangana,Desktop,29,Female,Google Ads
1065,2023-03-27,India,Uttar Pradesh,Mobile,21,Male,Facebook Ads
1066,2023-03-07,India,Delhi,Desktop,55,Female,Referral
1067,2023-01-10,India,Tamil Nadu,Mobile,56,Female,Organic
1068,2023-01-05,India,Odisha,Desktop,53,Male,Referral
1069,2023-05-03,India,Uttar Pradesh,Desktop,32,Male,Google Ads
1070,2023-03-15,India,Tamil Nadu,Desktop,18,Female,Referral
1071,2023-04-07,India,Delhi,Mobile,48,Female,Organic
1072,2023-04-28,India,Uttar Pradesh,Mobile,26,Male,Google Ads
1073,2023-02-07,India,Karnataka,Mobile,40,Female,Facebook Ads
1074,2023-05-21,India,Odisha,Mobile,43,Male,Referral
1075,2023-06-08,India,Delhi,Mobile,57,Male,Referral
1076,2023-02-16,India,Karnataka,Desktop,56,Female,Organic
1077,2023-04-19,India,Odisha,Mobile,35,Male,Facebook Ads
1078,2023-06-29,India,Maharashtra,Mobile,50,Female,Google Ads
1079,2023-01-15,India,West Bengal,Mobile,58,Female,Google Ads
1080,2023-06-06,India,Gujarat,Desktop,56,Male,Google Ads
1081,2023-05-16,India,Odisha,Desktop,31,Male,Organic
1082,2023-01-05,India,Delhi,Mobile,18,Male,Referral
1083,2023-06-06,India,Delhi,Mobile,30,Female,Referral
1084,2023-02-16,India,West Bengal,Desktop,32,Female,Referral
1085,2023-03-09,India,Uttar Pradesh,Mobile,54,Female,Referral
1086,2023-03-17,India,Gujarat,Mobile,22,Female,Organic
1087,2023-06-22,India,Tamil Nadu,Desktop,31,Female,Organic
1088,2023-05-10,India,Odisha,Desktop,31,Female,Facebook Ads
1089,2023-06-04,India,Uttar Pradesh,Mobile,22,Male,Organic
1090,2023-04-05,India,Karnataka,Mobile,28,Male,Referral
1091,2023-04-25,India,Tamil Nadu,Mobile,49,Male,Google Ads
1092,2023-06-13,India,Gujarat,Mobile,22,Female,Facebook Ads
1093,2023-02-05,India,Uttar Pradesh,Mobile,53,Male,Google Ads
1094,2023-01-26,India,Telangana,Mobile,32,Female,Google Ads
1095,2023-02-12,India,Tamil Nadu,Mobile,24,Male,Referral
1096,2023-01-27,India,Rajasthan,Mobile,22,Male,Organic
1097,2023-03-10,India,Rajasthan,Mobile,47,Male,Organic
1098,2023-05-28,India,Odisha,Mobile,32,Male,Organic
1099,2023-01-11,India,Odisha,Mobile,47,Female,Referral
1100,2023-03-15,India,Odisha,Mobile,31,Female,Referral
1101,2023-04-14,India,Gujarat,Mobile,41,Male,Google Ads
1102,2023-02-07,India,Telangana,Mobile,41,Male,Facebook Ads
1103,2023-05-14,India,Uttar Pradesh,Desktop,52,Female,Organic
1104,2023-01-23,India,Karnataka,Mobile,22,Female,Organic
1105,2023-02-16,India,Maharashtra,Desktop,29,Male,Facebook Ads
1106,2023-03-31,India,Delhi,Mobile,37,Male,Google Ads
1107,2023-02-15,India,Karnataka,Mobile,22,Male,Google Ads
1108,2023-04-17,India,Uttar Pradesh,Mobile,53,Male,Facebook Ads
1109,2023-05-20,India,Telangana,Mobile,38,Male,Organic
1110,2023-05-21,India,Gujarat,Desktop,56,Male,Referral
1111,2023-04-14,India,Tamil Nadu,Desktop,20,Female,Referral
1112,2023-04-21,India,Karnataka,Desktop,46,Female,Facebook Ads
1113,2023-04-14,India,Tamil Nadu,Mobile,42,Female,Organic
1114,2023-03-01,India,Maharashtra,Mobile,44,Female,Facebook Ads
1115,2023-06-20,India,Uttar Pradesh,Mobile,53,Male,Google Ads
1116,2023-04-10,India,Telangana,Mobile,39,Female,Google Ads
1117,2023-03-09,India,Uttar Pradesh,Mobile,55,Female,Referral
1118,2023-05-13,India,Delhi,Desktop,52,Female,Google Ads
1119,2023-04-30,India,Gujarat,Desktop,18,Male,Google Ads
1120,2023-02-06,India,Delhi,Mobile,20,Male,Facebook Ads
1121,2023-03-13,India,Uttar Pradesh,Mobile,41,Male,Facebook Ads
1122,2023-05-07,India,Delhi,Mobile,25,Female,Organic
1123,2023-04-16,India,West Bengal,Mobile,56,Female,Facebook Ads
1124,2023-04-02,India,Uttar Pradesh,Mobile,35,Male,Organic
1125,2023-01-31,India,Telangana,Desktop,58,Male,Referral
1126,2023-05-02,India,Karnataka,Mobile,20,Female,Facebook Ads
1127,2023-05-17,India,Telangana,Mobile,35,Male,Facebook Ads
1128,2023-02-20,India,West Bengal,Mobile,33,Male,Facebook Ads
1129,2023-01-29,India,Karnataka,Mobile,49,Female,Referral
1130,2023-02-09,India,West Bengal,Desktop,18,Female,Facebook Ads
1131,2023-02-10,India,Karnataka,Mobile,43,Female,Google Ads
1132,2023-01-11,India,Telangana,Desktop,29,Male,Facebook Ads
1133,2023-05-31,India,Uttar Pradesh,Mobile,55,Female,Organic
1134,2023-01-01,India,Odisha,Desktop,38,Female,Google Ads
1135,2023-02-15,India,Rajasthan,Mobile,58,Male,Facebook Ads
1136,2023-04-11,India,Rajasthan,Mobile,30,Male,Facebook Ads
1137,2023-05-29,India,West Bengal,Desktop,29,Male,Referral
1138,2023-03-31,India,Rajasthan,Desktop,30,Female,Organic
1139,2023-04-20,India,Telangana,Desktop,35,Female,Google Ads
1140,2023-06-13,India,Tamil Nadu,Mobile,36,Male,Google Ads
1141,2023-02-26,India,West Bengal,Desktop,36,Female,Referral
1142,2023-01-01,India,Karnataka,Desktop,23,Female,Google Ads
1143,2023-03-04,India,Gujarat,Mobile,24,Female,Google Ads
1144,2023-02-24,India,Delhi,Desktop,24,Female,Organic
1145,2023-04-25,India,Telangana,Mobile,45,Male,Facebook Ads
1146,2023-06-17,India,Karnataka,Mobile,45,Female,Facebook Ads
1147,2023-05-23,India,Tamil Nadu,Mobile,36,Female,Google Ads
1148,2023-05-29,India,Gujarat,Desktop,33,Female,Organic
1149,2023-06-24,India,Rajasthan,Mobile,34,Male,Referral
1150,2023-02-22,India,Tamil Nadu,Mobile,39,Female,Facebook Ads
1151,2023-05-17,India,West Bengal,Mobile,36,Female,Google Ads
1152,2023-06-29,India,Maharashtra,Mobile,46,Female,Google Ads
1153,2023-02-26,India,Maharashtra,Mobile,36,Male,Organic
1154,2023-04-27,India,Rajasthan,Mobile,52,Female,Organic
1155,2023-06-03,India,Maharashtra,Desktop,42,Male,Organic
1156,2023-06-18,India,Maharashtra,Desktop,37,Female,Google Ads
1157,2023-02-04,India,Karnataka,Desktop,54,Male,Organic
1158,2023-03-04,India,Karnataka,Desktop,36,Male,Google Ads
1159,2023-01-25,India,Delhi,Mobile,59,Female,Facebook Ads
1160,2023-03-31,India,Uttar Pradesh,Mobile,30,Female,Google Ads
1161,2023-03-16,India,Rajasthan,Mobile,29,Male,Google Ads
1162,2023-02-07,India,Maharashtra,Mobile,32,Male,Facebook Ads
1163,2023-05-10,India,Delhi,Desktop,21,Female,Organic
1164,2023-05-15,India,Rajasthan,Mobile,32,Female,Organic
1165,2023-06-11,India,Maharashtra,Desktop,34,Female,Google Ads
1166,2023-04-01,India,Telangana,Mobile,44,Female,Google Ads
1167,2023-01-17,India,Odisha,Desktop,28,Female,Facebook Ads
1168,2023-05-08,India,Telangana,Mobile,40,Female,Organic
1169,2023-06-20,India,Gujarat,Mobile,32,Female,Facebook Ads
1170,2023-04-18,India,Rajasthan,Desktop,48,Male,Google Ads
1171,2023-06-28,India,Uttar Pradesh,Mobile,43,Male,Google Ads
1172,2023-06-01,India,Gujarat,Desktop,24,Female,Facebook Ads
1173,2023-01-25,India,Delhi,Mobile,30,Female,Facebook Ads
1174,2023-06-29,India,Delhi,Mobile,30,Female,Referral
1175,2023-03-29,India,Maharashtra,Desktop,37,Male,Referral
1176,2023-06-10,India,Gujarat,Mobile,51,Male,Organic
1177,2023-06-26,India,Maharashtra,Desktop,27,Female,Facebook Ads
1178,2023-01-29,India,Rajasthan,Mobile,54,Female,Organic
1179,2023-03-04,India,Delhi,Mobile,44,Male,Referral
1180,2023-05-30,India,Odisha,Mobile,51,Male,Organic
1181,2023-06-03,India,Delhi,Mobile,53,Male,Referral
1182,2023-06-05,India,Karnataka,Mobile,33,Female,Facebook Ads
1183,2023-04-24,India,Tamil Nadu,Mobile,38,Female,Facebook Ads
1184,2023-02-18,India,Uttar Pradesh,Mobile,33,Male,Organic
1185,2023-03-22,India,Gujarat,Mobile,34,Female,Facebook Ads
1186,2023-03-25,India,Maharashtra,Mobile,32,Female,Organic
1187,2023-04-15,India,Tamil Nadu,Mobile,30,Female,Organic
1188,2023-06-26,India,Tamil Nadu,Mobile,50,Male,Referral
1189,2023-05-28,India,Telangana,Mobile,22,Male,Google Ads
1190,2023-04-28,India,West Bengal,Mobile,44,Male,Organic
1191,2023-03-27,India,Telangana,Mobile,18,Female,Referral
1192,2023-03-04,India,Telangana,Mobile,47,Female,Referral
1193,2023-04-14,India,Uttar Pradesh,Desktop,40,Male,Referral
1194,2023-02-18,India,Karnataka,Desktop,32,Female,Google Ads
1195,2023-03-12,India,Delhi,Mobile,53,Male,Facebook Ads
1196,2023-01-01,India,Telangana,Mobile,36,Female,Organic
1197,2023-05-21,India,Rajasthan,Desktop,47,Female,Organic
1198,2023-06-28,India,Delhi,Mobile,33,Female,Facebook Ads
1199,2023-05-03,India,Karnataka,Desktop,35,Female,Facebook Ads
1200,2023-03-03,India,Maharashtra,Desktop,43,Female,Referral
1201,2023-02-01,India,West Bengal,Mobile,34,Male,Referral
1202,2023-06-07,India,Delhi,Mobile,28,Male,Facebook Ads
1203,2023-01-29,India,Gujarat,Desktop,46,Female,Organic
1204,2023-02-18,India,Uttar Pradesh,Desktop,26,Male,Facebook Ads
1205,2023-06-22,India,Tamil Nadu,Mobile,34,Female,Facebook Ads
1206,2023-01-30,India,Maharashtra,Mobile,44,Female,Google Ads
1207,2023-05-24,India,Karnataka,Mobile,54,Female,Google Ads
1208,2023-06-17,India,Telangana,Mobile,39,Male,Referral
1209,2023-01-19,India,Rajasthan,Desktop,25,Female,Referral
1210,2023-01-18,India,Rajasthan,Desktop,20,Female,Organic
1211,2023-01-01,India,West Bengal,Mobile,55,Male,Facebook Ads
1212,2023-03-19,India,Karnataka,Desktop,52,Female,Facebook Ads
1213,2023-04-25,India,Maharashtra,Mobile,49,Male,Google Ads
1214,2023-06-24,India,Gujarat,Mobile,25,Male,Organic
1215,2023-04-23,India,Tamil Nadu,Mobile,44,Male,Facebook Ads
1216,2023-04-24,India,Telangana,Mobile,49,Male,Organic
1217,2023-06-15,India,Uttar Pradesh,Mobile,53,Male,Google Ads
1218,2023-06-28,India,Odisha,Mobile,51,Male,Facebook Ads
1219,2023-03-04,India,Odisha,Desktop,42,Male,Google Ads
1220,2023-05-12,India,Telangana,Desktop,48,Female,Google Ads
1221,2023-05-09,India,Maharashtra,Mobile,59,Female,Google Ads
1222,2023-01-08,India,Telangana,Mobile,30,Female,Facebook Ads
1223,2023-06-06,India,Karnataka,Mobile,32,Female,Organic
1224,2023-02-24,India,Odisha,Desktop,30,Female,Facebook Ads
1225,2023-04-13,India,West Bengal,Mobile,50,Female,Google Ads
1226,2023-05-11,India,Karnataka,Mobile,48,Female,Referral
1227,2023-02-01,India,Odisha,Mobile,42,Female,Organic
1228,2023-01-10,India,Gujarat,Mobile,57,Male,Referral
1229,2023-04-20,India,Tamil Nadu,Mobile,40,Female,Google Ads
1230,2023-06-11,India,Rajasthan,Desktop,55,Female,Facebook Ads
1231,2023-05-04,India,Karnataka,Desktop,20,Male,Organic
1232,2023-03-28,India,Rajasthan,Mobile,33,Male,Referral
1233,2023-02-24,India,Rajasthan,Mobile,19,Male,Facebook Ads
1234,2023-02-01,India,Odisha,Mobile,40,Female,Organic
1235,2023-06-27,India,Karnataka,Desktop,51,Male,Google Ads
1236,2023-05-15,India,Tamil Nadu,Mobile,47,Male,Google Ads
1237,2023-04-03,India,Gujarat,Mobile,27,Male,Google Ads
1238,2023-01-08,India,Delhi,Mobile,18,Male,Facebook Ads
1239,2023-03-06,India,West Bengal,Mobile,39,Female,Facebook Ads
1240,2023-02-26,India,Rajasthan,Mobile,50,Male,Google Ads
1241,2023-03-08,India,Tamil Nadu,Mobile,42,Female,Google Ads
1242,2023-03-13,India,Uttar Pradesh,Mobile,39,Male,Organic
1243,2023-02-23,India,Uttar Pradesh,Mobile,33,Male,Referral
1244,2023-03-08,India,Delhi,Mobile,47,Male,Organic
1245,2023-02-20,India,Delhi,Mobile,35,Female,Referral
1246,2023-04-07,India,Delhi,Mobile,41,Male,Facebook Ads
1247,2023-04-02,India,West Bengal,Mobile,22,Female,Organic
1248,2023-01-08,India,West Bengal,Mobile,54,Male,Facebook Ads
1249,2023-06-11,India,Gujarat,Desktop,40,Female,Facebook Ads
1250,2023-02-04,India,Rajasthan,Mobile,59,Female,Referral
1251,2023-04-06,India,Maharashtra,Mobile,44,Male,Referral
1252,2023-03-29,India,Uttar Pradesh,Mobile,29,Male,Organic
1253,2023-03-19,India,Odisha,Mobile,27,Male,Organic
1254,2023-02-01,India,Odisha,Mobile,51,Female,Organic
1255,2023-04-30,India,Delhi,Desktop,50,Male,Referral
1256,2023-02-15,India,Telangana,Mobile,33,Female,Google Ads
1257,2023-05-24,India,Uttar Pradesh,Mobile,46,Female,Google Ads
1258,2023-06-14,India,Maharashtra,Desktop,35,Female,Referral
1259,2023-05-22,India,Maharashtra,Desktop,44,Female,Organic
1260,2023-02-24,India,Odisha,Desktop,24,Female,Google Ads
1261,2023-06-25,India,Telangana,Desktop,53,Female,Facebook Ads
1262,2023-01-07,India,Maharashtra,Desktop,44,Female,Google Ads
1263,2023-03-15,India,Uttar Pradesh,Mobile,27,Male,Google Ads
1264,2023-01-07,India,Rajasthan,Mobile,27,Male,Referral
1265,2023-06-10,India,Tamil Nadu,Mobile,28,Female,Referral
1266,2023-05-31,India,Telangana,Desktop,47,Male,Google Ads
1267,2023-03-26,India,Maharashtra,Desktop,20,Male,Facebook Ads
1268,2023-05-27,India,Telangana,Mobile,46,Female,Facebook Ads
1269,2023-04-22,India,Telangana,Mobile,31,Male,Organic
1270,2023-05-05,India,Rajasthan,Desktop,30,Female,Google Ads
1271,2023-05-27,India,Uttar Pradesh,Desktop,36,Female,Google Ads
1272,2023-02-05,India,Odisha,Mobile,42,Male,Facebook Ads
1273,2023-01-29,India,Rajasthan,Desktop,27,Female,Referral
1274,2023-03-23,India,Maharashtra,Mobile,32,Female,Google Ads
1275,2023-01-02,India,Delhi,Mobile,45,Male,Facebook Ads
1276,2023-05-09,India,Rajasthan,Mobile,57,Male,Google Ads
1277,2023-02-16,India,Delhi,Mobile,55,Female,Referral
1278,2023-05-28,India,Karnataka,Mobile,24,Male,Organic
1279,2023-01-11,India,Odisha,Desktop,31,Female,Referral
1280,2023-05-10,India,Uttar Pradesh,Desktop,47,Male,Referral
1281,2023-04-29,India,Tamil Nadu,Desktop,57,Male,Facebook Ads
1282,2023-05-20,India,Telangana,Mobile,29,Male,Facebook Ads
1283,2023-01-20,India,Delhi,Mobile,45,Female,Referral
1284,2023-01-05,India,Tamil Nadu,Mobile,31,Male,Facebook Ads
1285,2023-02-06,India,Tamil Nadu,Mobile,18,Female,Referral
1286,2023-06-15,India,Delhi,Mobile,21,Female,Referral
1287,2023-05-17,India,Tamil Nadu,Mobile,35,Female,Google Ads
1288,2023-02-22,India,Telangana,Mobile,53,Male,Referral
1289,2023-06-21,India,Gujarat,Desktop,49,Male,Organic
1290,2023-04-09,India,Karnataka,Mobile,45,Female,Facebook Ads
1291,2023-03-27,India,Delhi,Desktop,45,Female,Organic
1292,2023-04-18,India,Telangana,Mobile,55,Male,Facebook Ads
1293,2023-01-24,India,Odisha,Desktop,49,Male,Referral
1294,2023-03-22,India,Delhi,Mobile,25,Male,Organic
1295,2023-06-07,India,Telangana,Mobile,42,Male,Google Ads
1296,2023-04-30,India,Telangana,Mobile,37,Female,Referral
1297,2023-02-28,India,Rajasthan,Desktop,50,Female,Referral
1298,2023-05-08,India,Gujarat,Mobile,47,Male,Referral
1299,2023-04-24,India,Delhi,Mobile,54,Female,Google Ads
1300,2023-04-25,India,Uttar Pradesh,Desktop,33,Male,Organic
1301,2023-01-14,India,Telangana,Mobile,42,Male,Referral
1302,2023-01-09,India,Karnataka,Mobile,55,Male,Organic
1303,2023-02-09,India,Rajasthan,Mobile,59,Male,Referral
1304,2023-01-25,India,Telangana,Mobile,27,Female,Referral
1305,2023-04-13,India,Delhi,Mobile,22,Female,Referral
1306,2023-01-22,India,Maharashtra,Mobile,25,Female,Google Ads
1307,2023-01-04,India,Telangana,Mobile,50,Male,Referral
1308,2023-06-03,India,West Bengal,Mobile,54,Female,Organic
1309,2023-01-29,India,Maharashtra,Desktop,18,Male,Referral
1310,2023-04-19,India,Telangana,Mobile,48,Female,Organic
1311,2023-04-08,India,Tamil Nadu,Mobile,24,Male,Organic
1312,2023-02-06,India,Telangana,Mobile,40,Female,Facebook Ads
1313,2023-03-16,India,Odisha,Mobile,41,Male,Organic
1314,2023-03-11,India,Tamil Nadu,Mobile,31,Female,Facebook Ads
1315,2023-05-26,India,Delhi,Mobile,40,Female,Google Ads
1316,2023-05-08,India,Karnataka,Mobile,26,Female,Referral
1317,2023-03-26,India,Maharashtra,Desktop,25,Female,Google Ads
1318,2023-02-11,India,Uttar Pradesh,Mobile,25,Female,Google Ads
1319,2023-04-10,India,Rajasthan,Mobile,20,Female,Organic
1320,2023-02-10,India,Karnataka,Mobile,49,Female,Referral
1321,2023-06-15,India,Tamil Nadu,Mobile,21,Male,Referral
1322,2023-02-03,India,Rajasthan,Desktop,55,Male,Google Ads
1323,2023-01-17,India,Maharashtra,Mobile,19,Male,Facebook Ads
1324,2023-06-14,India,Uttar Pradesh,Mobile,26,Female,Facebook Ads
1325,2023-06-02,India,West Bengal,Mobile,18,Female,Organic
1326,2023-05-02,India,West Bengal,Mobile,28,Male,Facebook Ads
1327,2023-03-17,India,Uttar Pradesh,Mobile,46,Female,Facebook Ads
1328,2023-03-28,India,Rajasthan,Mobile,43,Male,Google Ads
1329,2023-04-27,India,Delhi,Mobile,44,Female,Facebook Ads
1330,2023-04-16,India,Rajasthan,Mobile,55,Male,Referral
1331,2023-03-27,India,Telangana,Mobile,46,Female,Google Ads
1332,2023-01-27,India,Rajasthan,Mobile,50,Female,Google Ads
1333,2023-02-26,India,Delhi,Mobile,45,Female,Facebook Ads
1334,2023-01-31,India,Karnataka,Mobile,48,Female,Referral
1335,2023-05-14,India,Maharashtra,Desktop,36,Female,Referral
1336,2023-06-17,India,Rajasthan,Mobile,43,Female,Facebook Ads
1337,2023-04-08,India,Maharashtra,Desktop,46,Male,Referral
1338,2023-01-12,India,Tamil Nadu,Mobile,28,Male,Organic
1339,2023-02-22,India,West Bengal,Desktop,58,Male,Organic
1340,2023-05-18,India,West Bengal,Mobile,49,Female,Facebook Ads
1341,2023-06-22,India,Delhi,Mobile,38,Male,Google Ads
1342,2023-05-25,India,Tamil Nadu,Desktop,55,Female,Google Ads
1343,2023-06-03,India,West Bengal,Desktop,51,Male,Referral
1344,2023-05-02,India,Delhi,Mobile,57,Male,Organic
1345,2023-02-15,India,Rajasthan,Mobile,39,Male,Google Ads
1346,2023-03-05,India,Tamil Nadu,Mobile,44,Female,Referral
1347,2023-05-10,India,Telangana,Desktop,25,Female,Organic
1348,2023-02-23,India,Telangana,Mobile,57,Male,Google Ads
1349,2023-04-17,India,Telangana,Mobile,48,Female,Referral
1350,2023-02-20,India,Karnataka,Desktop,18,Male,Facebook Ads
1351,2023-02-05,India,Telangana,Desktop,56,Female,Facebook Ads
1352,2023-04-25,India,Tamil Nadu,Mobile,51,Male,Google Ads
1353,2023-01-26,India,Odisha,Mobile,41,Female,Referral
1354,2023-01-29,India,West Bengal,Desktop,45,Male,Organic
1355,2023-05-29,India,Telangana,Mobile,21,Female,Facebook Ads
1356,2023-01-11,India,Tamil Nadu,Desktop,35,Female,Organic
1357,2023-02-09,India,Gujarat,Mobile,46,Male,Referral
1358,2023-01-11,India,Rajasthan,Mobile,40,Female,Facebook Ads
1359,2023-06-13,India,Karnataka,Mobile,54,Female,Google Ads
1360,2023-04-23,India,Maharashtra,Mobile,44,Female,Facebook Ads
1361,2023-02-08,India,Delhi,Desktop,33,Female,Google Ads
1362,2023-02-23,India,Gujarat,Mobile,44,Female,Organic
1363,2023-04-08,India,Gujarat,Mobile,26,Female,Facebook Ads
1364,2023-02-24,India,Karnataka,Mobile,22,Female,Referral
1365,2023-04-21,India,Delhi,Mobile,25,Female,Organic
1366,2023-06-01,India,Karnataka,Mobile,35,Female,Organic
1367,2023-05-30,India,Telangana,Mobile,52,Male,Google Ads
1368,2023-03-10,India,Maharashtra,Mobile,23,Female,Referral
1369,2023-02-25,India,Delhi,Desktop,40,Female,Organic
1370,2023-02-02,India,Tamil Nadu,Desktop,43,Male,Facebook Ads
1371,2023-02-05,India,West Bengal,Mobile,56,Female,Google Ads
1372,2023-05-28,India,Karnataka,Mobile,41,Female,Referral
1373,2023-03-22,India,Maharashtra,Mobile,27,Female,Google Ads
1374,2023-04-19,India,Rajasthan,Mobile,32,Female,Google Ads
1375,2023-06-03,India,Odisha,Desktop,55,Male,Organic
1376,2023-03-14,India,Rajasthan,Mobile,37,Female,Facebook Ads
1377,2023-02-09,India,Odisha,Mobile,46,Female,Facebook Ads
1378,2023-01-17,India,Uttar Pradesh,Mobile,23,Male,Referral
1379,2023-05-09,India,Tamil Nadu,Mobile,26,Male,Referral
1380,2023-03-02,India,Uttar Pradesh,Mobile,22,Male,Facebook Ads
1381,2023-06-20,India,Karnataka,Mobile,56,Female,Google Ads
1382,2023-04-14,India,Karnataka,Mobile,36,Male,Google Ads
1383,2023-02-11,India,Odisha,Desktop,22,Female,Facebook Ads
1384,2023-01-25,India,Delhi,Desktop,37,Male,Organic
1385,2023-02-08,India,Maharashtra,Desktop,28,Male,Google Ads
1386,2023-02-04,India,Telangana,Desktop,44,Female,Facebook Ads
1387,2023-05-11,India,Gujarat,Mobile,46,Male,Organic
1388,2023-04-18,India,Karnataka,Desktop,24,Female,Google Ads
1389,2023-06-21,India,Uttar Pradesh,Mobile,20,Male,Referral
1390,2023-06-28,India,Uttar Pradesh,Mobile,22,Male,Google Ads
1391,2023-04-12,India,Rajasthan,Desktop,30,Female,Google Ads
1392,2023-04-08,India,Tamil Nadu,Mobile,33,Female,Facebook Ads
1393,2023-01-12,India,Odisha,Desktop,29,Male,Google Ads
1394,2023-01-19,India,Gujarat,Mobile,56,Female,Google Ads
1395,2023-04-11,India,Odisha,Desktop,44,Male,Organic
1396,2023-02-13,India,Karnataka,Mobile,50,Female,Facebook Ads
1397,2023-02-18,India,West Bengal,Mobile,32,Male,Organic
1398,2023-01-17,India,Gujarat,Mobile,38,Female,Referral
1399,2023-03-15,India,Rajasthan,Desktop,34,Male,Google Ads
1400,2023-02-26,India,Uttar Pradesh,Mobile,54,Male,Facebook Ads
1401,2023-02-24,India,Rajasthan,Mobile,32,Male,Referral
1402,2023-02-16,India,Karnataka,Mobile,37,Male,Facebook Ads
1403,2023-01-12,India,West Bengal,Mobile,36,Female,Google Ads
1404,2023-03-03,India,Telangana,Mobile,18,Female,Facebook Ads
1405,2023-03-21,India,Gujarat,Mobile,21,Female,Facebook Ads
1406,2023-03-24,India,Odisha,Desktop,20,Male,Organic
1407,2023-01-08,India,Gujarat,Mobile,25,Male,Facebook Ads
1408,2023-05-29,India,Uttar Pradesh,Mobile,58,Male,Facebook Ads
1409,2023-03-22,India,Odisha,Mobile,22,Female,Organic
1410,2023-04-28,India,Telangana,Mobile,26,Female,Google Ads
1411,2023-01-25,India,Telangana,Mobile,18,Female,Referral
1412,2023-03-30,India,Tamil Nadu,Desktop,47,Female,Organic
1413,2023-01-12,India,Odisha,Mobile,24,Male,Google Ads
1414,2023-05-23,India,Maharashtra,Mobile,39,Male,Google Ads
1415,2023-02-28,India,West Bengal,Mobile,37,Male,Referral
1416,2023-06-03,India,Maharashtra,Mobile,46,Male,Google Ads
1417,2023-04-19,India,Telangana,Mobile,44,Female,Organic
1418,2023-01-26,India,Odisha,Mobile,42,Male,Google Ads
1419,2023-02-16,India,Tamil Nadu,Desktop,52,Female,Referral
1420,2023-02-01,India,Gujarat,Mobile,44,Female,Referral
1421,2023-01-10,India,Gujarat,Mobile,28,Male,Organic
1422,2023-01-16,India,Gujarat,Mobile,34,Female,Organic
1423,2023-05-25,India,Tamil Nadu,Mobile,48,Female,Google Ads
1424,2023-05-31,India,Karnataka,Desktop,35,Male,Referral
1425,2023-01-26,India,Odisha,Mobile,36,Female,Referral
1426,2023-03-27,India,Maharashtra,Desktop,55,Male,Google Ads
1427,2023-05-15,India,West Bengal,Mobile,46,Female,Referral
1428,2023-01-14,India,Telangana,Mobile,32,Female,Organic
1429,2023-03-20,India,West Bengal,Mobile,24,Female,Organic
1430,2023-04-27,India,Telangana,Mobile,54,Female,Google Ads
1431,2023-01-07,India,Odisha,Mobile,54,Female,Google Ads
1432,2023-05-17,India,Odisha,Mobile,24,Male,Google Ads
1433,2023-04-25,India,Rajasthan,Mobile,39,Female,Organic
1434,2023-06-25,India,Maharashtra,Mobile,29,Female,Organic
1435,2023-03-13,India,Uttar Pradesh,Mobile,25,Female,Referral
1436,2023-02-28,India,Telangana,Mobile,35,Female,Organic
1437,2023-03-23,India,Delhi,Desktop,45,Male,Google Ads
1438,2023-04-26,India,Uttar Pradesh,Mobile,35,Female,Facebook Ads
1439,2023-06-16,India,Gujarat,Desktop,48,Female,Facebook Ads
1440,2023-05-26,India,West Bengal,Mobile,34,Female,Facebook Ads
1441,2023-04-13,India,Odisha,Mobile,40,Male,Facebook Ads
1442,2023-01-17,India,Delhi,Mobile,28,Female,Facebook Ads
1443,2023-01-14,India,Telangana,Mobile,32,Female,Organic
1444,2023-06-08,India,Karnataka,Mobile,47,Female,Google Ads
1445,2023-06-01,India,Telangana,Mobile,48,Male,Google Ads
1446,2023-04-18,India,West Bengal,Mobile,23,Female,Referral
1447,2023-02-14,India,Telangana,Mobile,29,Female,Google Ads
1448,2023-04-08,India,Telangana,Desktop,40,Female,Referral
1449,2023-05-11,India,Tamil Nadu,Mobile,56,Male,Google Ads
1450,2023-02-06,India,Maharashtra,Mobile,57,Female,Referral
1451,2023-06-20,India,Uttar Pradesh,Mobile,53,Female,Referral
1452,2023-06-17,India,Karnataka,Desktop,52,Female,Google Ads
1453,2023-04-18,India,Odisha,Mobile,20,Female,Facebook Ads
1454,2023-02-08,India,Telangana,Mobile,59,Male,Google Ads
1455,2023-01-15,India,Karnataka,Desktop,45,Male,Google Ads
1456,2023-04-30,India,Rajasthan,Desktop,32,Male,Facebook Ads
1457,2023-01-04,India,Telangana,Mobile,30,Female,Google Ads
1458,2023-04-03,India,Tamil Nadu,Mobile,36,Male,Referral
1459,2023-06-02,India,Tamil Nadu,Desktop,57,Female,Facebook Ads
1460,2023-05-21,India,Delhi,Desktop,35,Female,Facebook Ads
1461,2023-06-10,India,Gujarat,Mobile,48,Female,Organic
1462,2023-01-16,India,West Bengal,Mobile,54,Male,Referral
1463,2023-06-19,India,Uttar Pradesh,Mobile,38,Male,Referral
1464,2023-04-18,India,Rajasthan,Mobile,56,Female,Google Ads
1465,2023-05-06,India,West Bengal,Mobile,22,Female,Google Ads
1466,2023-02-24,India,West Bengal,Mobile,34,Male,Referral
1467,2023-06-19,India,Delhi,Desktop,36,Male,Referral
1468,2023-02-03,India,Tamil Nadu,Desktop,21,Female,Referral
1469,2023-06-07,India,Maharashtra,Mobile,43,Male,Google Ads
1470,2023-01-13,India,Karnataka,Mobile,41,Female,Referral
1471,2023-05-21,India,Odisha,Mobile,56,Male,Referral
1472,2023-01-18,India,Maharashtra,Mobile,55,Male,Facebook Ads
1473,2023-06-09,India,Maharashtra,Mobile,36,Male,Referral
1474,2023-04-06,India,Gujarat,Mobile,47,Female,Organic
1475,2023-05-03,India,Gujarat,Mobile,43,Female,Google Ads
1476,2023-02-08,India,Maharashtra,Mobile,28,Female,Facebook Ads
1477,2023-02-15,India,Tamil Nadu,Desktop,56,Female,Referral
1478,2023-01-29,India,West Bengal,Mobile,20,Male,Referral
1479,2023-03-03,India,Karnataka,Mobile,39,Female,Facebook Ads
1480,2023-01-16,India,West Bengal,Desktop,34,Male,Facebook Ads
1481,2023-05-01,India,West Bengal,Mobile,28,Female,Facebook Ads
1482,2023-01-10,India,West Bengal,Mobile,56,Female,Organic
1483,2023-06-07,India,Karnataka,Mobile,44,Female,Organic
1484,2023-06-02,India,Karnataka,Desktop,46,Male,Facebook Ads
1485,2023-04-13,India,Delhi,Mobile,29,Male,Referral
1486,2023-03-25,India,Uttar Pradesh,Mobile,30,Male,Google Ads
1487,2023-05-13,India,Maharashtra,Mobile,28,Female,Organic
1488,2023-03-06,India,Telangana,Mobile,48,Female,Google Ads
1489,2023-06-26,India,Delhi,Mobile,28,Male,Google Ads
1490,2023-01-03,India,Delhi,Mobile,58,Male,Organic
1491,2023-06-22,India,Odisha,Desktop,53,Male,Google Ads
1492,2023-05-22,India,Telangana,Desktop,19,Male,Referral
1493,2023-04-30,India,Gujarat,Mobile,40,Female,Organic
1494,2023-06-07,India,Odisha,Mobile,53,Female,Organic
1495,2023-03-09,India,Gujarat,Mobile,31,Female,Google Ads
1496,2023-05-26,India,Uttar Pradesh,Desktop,54,Female,Google Ads
1497,2023-02-06,India,Rajasthan,Mobile,44,Female,Facebook Ads
1498,2023-06-02,India,Gujarat,Mobile,29,Male,Organic
1499,2023-06-25,India,West Bengal,Desktop,46,Male,Google Ads
1500,2023-03-14,India,Gujarat,Desktop,23,Female,Referral
1501,2023-05-23,India,Telangana,Mobile,40,Male,Organic
1502,2023-02-18,India,Karnataka,Desktop,27,Female,Facebook Ads
1503,2023-05-01,India,Telangana,Desktop,51,Female,Referral
1504,2023-03-29,India,Uttar Pradesh,Mobile,29,Male,Facebook Ads
1505,2023-05-20,India,Delhi,Mobile,49,Male,Facebook Ads
1506,2023-02-06,India,West Bengal,Desktop,43,Female,Referral
1507,2023-03-02,India,Rajasthan,Mobile,24,Female,Facebook Ads
1508,2023-06-20,India,Uttar Pradesh,Mobile,49,Male,Facebook Ads
1509,2023-05-04,India,Delhi,Mobile,50,Male,Facebook Ads
1510,2023-02-08,India,Tamil Nadu,Desktop,35,Female,Facebook Ads
1511,2023-03-04,India,Telangana,Desktop,52,Male,Facebook Ads
1512,2023-02-15,India,Uttar Pradesh,Mobile,37,Female,Organic
1513,2023-03-29,India,Telangana,Desktop,48,Female,Google Ads
1514,2023-01-11,India,Rajasthan,Desktop,22,Male,Organic
1515,2023-03-03,India,Delhi,Desktop,49,Male,Organic
1516,2023-03-18,India,Telangana,Mobile,59,Female,Google Ads
1517,2023-06-02,India,Karnataka,Mobile,36,Male,Google Ads
1518,2023-02-21,India,Gujarat,Mobile,18,Male,Referral
1519,2023-01-04,India,Odisha,Mobile,24,Male,Facebook Ads
1520,2023-02-28,India,Rajasthan,Mobile,39,Male,Google Ads
1521,2023-03-13,India,Odisha,Desktop,51,Male,Referral
1522,2023-05-28,India,Maharashtra,Mobile,27,Female,Referral
1523,2023-04-03,India,Gujarat,Desktop,59,Male,Organic
1524,2023-03-04,India,Rajasthan,Mobile,43,Male,Referral
1525,2023-02-23,India,Uttar Pradesh,Mobile,49,Male,Facebook Ads
1526,2023-04-27,India,Karnataka,Mobile,59,Female,Organic
1527,2023-04-20,India,Uttar Pradesh,Mobile,44,Female,Google Ads
1528,2023-03-15,India,Tamil Nadu,Mobile,29,Female,Organic
1529,2023-04-17,India,Maharashtra,Desktop,57,Male,Organic
1530,2023-02-26,India,Karnataka,Mobile,40,Female,Facebook Ads
1531,2023-06-18,India,Telangana,Mobile,31,Male,Facebook Ads
1532,2023-01-03,India,Telangana,Mobile,51,Male,Organic
1533,2023-04-30,India,West Bengal,Mobile,34,Female,Google Ads
1534,2023-01-06,India,Telangana,Mobile,23,Female,Facebook Ads
1535,2023-01-05,India,Delhi,Mobile,44,Female,Organic
1536,2023-01-05,India,Maharashtra,Mobile,25,Female,Facebook Ads
1537,2023-02-23,India,Delhi,Desktop,50,Male,Facebook Ads
1538,2023-02-16,India,Gujarat,Mobile,52,Female,Referral
1539,2023-06-26,India,West Bengal,Desktop,34,Male,Google Ads
1540,2023-01-09,India,West Bengal,Mobile,43,Female,Organic
1541,2023-04-09,India,Telangana,Desktop,24,Female,Organic
1542,2023-01-20,India,Karnataka,Mobile,41,Female,Referral
1543,2023-05-02,India,Gujarat,Mobile,42,Male,Organic
1544,2023-03-02,India,Tamil Nadu,Mobile,52,Female,Organic
1545,2023-05-03,India,Maharashtra,Desktop,43,Male,Referral
1546,2023-06-12,India,Maharashtra,Mobile,22,Male,Referral
1547,2023-06-27,India,Rajasthan,Mobile,55,Male,Organic
1548,2023-03-23,India,Uttar Pradesh,Mobile,52,Male,Referral
1549,2023-03-03,India,Telangana,Mobile,47,Male,Facebook Ads
1550,2023-05-25,India,Rajasthan,Mobile,42,Male,Facebook Ads
1551,2023-01-03,India,Tamil Nadu,Mobile,41,Male,Facebook Ads
1552,2023-06-09,India,West Bengal,Mobile,47,Male,Facebook Ads
1553,2023-01-13,India,Odisha,Mobile,37,Male,Referral
1554,2023-04-30,India,Tamil Nadu,Mobile,20,Female,Google Ads
1555,2023-05-05,India,Tamil Nadu,Mobile,49,Female,Google Ads
1556,2023-03-30,India,Karnataka,Mobile,25,Female,Organic
1557,2023-03-14,India,Karnataka,Desktop,40,Male,Google Ads
1558,2023-03-09,India,Karnataka,Mobile,33,Male,Facebook Ads
1559,2023-05-22,India,Karnataka,Desktop,52,Female,Referral
1560,2023-04-11,India,Uttar Pradesh,Mobile,42,Female,Facebook Ads
1561,2023-04-08,India,Telangana,Desktop,32,Male,Facebook Ads
1562,2023-01-11,India,Maharashtra,Mobile,25,Female,Referral
1563,2023-04-15,India,Telangana,Mobile,51,Male,Facebook Ads
1564,2023-03-08,India,Telangana,Mobile,42,Female,Facebook Ads
1565,2023-05-03,India,Maharashtra,Desktop,36,Male,Referral
1566,2023-01-29,India,Karnataka,Mobile,30,Male,Referral
1567,2023-05-17,India,Telangana,Mobile,29,Male,Organic
1568,2023-06-02,India,Uttar Pradesh,Mobile,32,Male,Organic
1569,2023-03-17,India,Karnataka,Mobile,40,Female,Facebook Ads
1570,2023-06-19,India,Uttar Pradesh,Mobile,57,Male,Organic
1571,2023-01-09,India,Rajasthan,Mobile,19,Male,Google Ads
1572,2023-02-09,India,Telangana,Mobile,57,Female,Google Ads
1573,2023-01-25,India,Delhi,Mobile,40,Female,Facebook Ads
1574,2023-01-05,India,Uttar Pradesh,Desktop,22,Female,Organic
1575,2023-05-19,India,Rajasthan,Mobile,51,Male,Facebook Ads
1576,2023-05-04,India,Gujarat,Mobile,27,Male,Organic
1577,2023-02-07,India,Gujarat,Desktop,44,Female,Referral
1578,2023-03-13,India,Rajasthan,Mobile,59,Female,Referral
1579,2023-05-13,India,West Bengal,Mobile,21,Female,Referral
1580,2023-06-25,India,West Bengal,Desktop,21,Male,Referral
1581,2023-03-31,India,Karnataka,Mobile,25,Female,Facebook Ads
1582,2023-05-26,India,West Bengal,Mobile,23,Female,Facebook Ads
1583,2023-02-06,India,Gujarat,Desktop,42,Male,Facebook Ads
1584,2023-03-01,India,West Bengal,Desktop,44,Male,Google Ads
1585,2023-06-25,India,Delhi,Mobile,57,Male,Referral
1586,2023-01-28,India,Gujarat,Mobile,37,Female,Referral
1587,2023-03-22,India,Uttar Pradesh,Mobile,44,Male,Referral
1588,2023-04-24,India,Tamil Nadu,Mobile,24,Male,Organic
1589,2023-02-09,India,West Bengal,Mobile,40,Female,Organic
1590,2023-02-14,India,West Bengal,Mobile,37,Male,Google Ads
1591,2023-03-03,India,Telangana,Desktop,51,Female,Google Ads
1592,2023-04-03,India,Maharashtra,Desktop,46,Female,Organic
1593,2023-04-25,India,Delhi,Mobile,22,Male,Organic
1594,2023-03-08,India,Gujarat,Mobile,44,Female,Facebook Ads
1595,2023-02-25,India,Gujarat,Mobile,29,Female,Facebook Ads
1596,2023-02-09,India,Odisha,Mobile,34,Female,Organic
1597,2023-04-08,India,Maharashtra,Mobile,54,Male,Referral
1598,2023-02-09,India,West Bengal,Desktop,51,Female,Organic
1599,2023-04-01,India,Rajasthan,Mobile,47,Female,Facebook Ads
1600,2023-02-02,India,Telangana,Desktop,53,Male,Google Ads
1601,2023-01-06,India,Uttar Pradesh,Mobile,23,Male,Organic
1602,2023-05-27,India,Telangana,Mobile,49,Female,Organic
1603,2023-03-21,India,West Bengal,Mobile,49,Female,Referral
1604,2023-06-17,India,Odisha,Mobile,26,Male,Google Ads
1605,2023-04-02,India,Tamil Nadu,Desktop,39,Female,Referral
1606,2023-04-07,India,Gujarat,Desktop,27,Male,Google Ads
1607,2023-02-28,India,Uttar Pradesh,Mobile,46,Male,Referral
1608,2023-02-28,India,Maharashtra,Mobile,28,Male,Google Ads
1609,2023-02-17,India,West Bengal,Mobile,45,Female,Organic
1610,2023-06-18,India,Delhi,Desktop,19,Male,Organic
1611,2023-01-13,India,Rajasthan,Desktop,38,Male,Organic
1612,2023-04-17,India,Telangana,Mobile,48,Male,Facebook Ads
1613,2023-02-14,India,Odisha,Mobile,58,Female,Google Ads
1614,2023-03-30,India,Tamil Nadu,Mobile,34,Female,Google Ads
1615,2023-06-19,India,Karnataka,Mobile,44,Male,Referral
1616,2023-04-10,India,Rajasthan,Mobile,47,Male,Facebook Ads
1617,2023-06-04,India,West Bengal,Mobile,58,Female,Referral
1618,2023-06-15,India,Tamil Nadu,Desktop,25,Female,Facebook Ads
1619,2023-01-07,India,Rajasthan,Mobile,54,Female,Referral
1620,2023-05-13,India,Rajasthan,Mobile,22,Male,Facebook Ads
1621,2023-02-14,India,Gujarat,Desktop,43,Female,Referral
1622,2023-02-27,India,Rajasthan,Mobile,23,Male,Referral
1623,2023-01-31,India,Delhi,Mobile,33,Male,Facebook Ads
1624,2023-01-23,India,Tamil Nadu,Mobile,18,Female,Google Ads
1625,2023-06-19,India,West Bengal,Mobile,26,Male,Referral
1626,2023-05-18,India,West Bengal,Mobile,38,Male,Facebook Ads
1627,2023-06-09,India,Delhi,Mobile,24,Female,Facebook Ads
1628,2023-04-17,India,Maharashtra,Desktop,32,Male,Google Ads
1629,2023-06-07,India,Tamil Nadu,Mobile,41,Male,Google Ads
1630,2023-02-08,India,Rajasthan,Desktop,22,Female,Google Ads
1631,2023-06-08,India,Odisha,Mobile,55,Male,Google Ads
1632,2023-03-23,India,Uttar Pradesh,Desktop,46,Female,Referral
1633,2023-04-10,India,Tamil Nadu,Mobile,28,Female,Referral
1634,2023-01-02,India,Karnataka,Mobile,21,Male,Organic
1635,2023-03-18,India,Odisha,Mobile,27,Male,Referral
1636,2023-01-12,India,Delhi,Mobile,51,Female,Organic
1637,2023-02-08,India,Rajasthan,Mobile,21,Female,Organic
1638,2023-01-13,India,Maharashtra,Desktop,27,Male,Referral
1639,2023-02-15,India,Karnataka,Mobile,50,Male,Organic
1640,2023-06-04,India,Maharashtra,Mobile,35,Male,Google Ads
1641,2023-04-23,India,Maharashtra,Mobile,29,Female,Organic
1642,2023-01-17,India,Telangana,Desktop,40,Male,Referral
1643,2023-04-14,India,Gujarat,Mobile,42,Male,Facebook Ads
1644,2023-04-08,India,Karnataka,Desktop,54,Male,Referral
1645,2023-03-29,India,Uttar Pradesh,Desktop,21,Male,Facebook Ads
1646,2023-04-19,India,Gujarat,Mobile,30,Female,Facebook Ads
1647,2023-06-12,India,Karnataka,Mobile,35,Female,Organic
1648,2023-03-11,India,Maharashtra,Desktop,46,Male,Organic
1649,2023-06-07,India,Gujarat,Mobile,47,Male,Facebook Ads
1650,2023-03-15,India,Karnataka,Mobile,55,Female,Organic
1651,2023-03-04,India,Uttar Pradesh,Desktop,45,Male,Google Ads
1652,2023-06-05,India,Odisha,Desktop,24,Female,Referral
1653,2023-03-01,India,Tamil Nadu,Desktop,41,Female,Organic
1654,2023-03-20,India,Rajasthan,Mobile,58,Female,Facebook Ads
1655,2023-02-06,India,Karnataka,Mobile,27,Female,Facebook Ads
1656,2023-01-22,India,Uttar Pradesh,Mobile,54,Male,Referral
1657,2023-05-28,India,Tamil Nadu,Mobile,44,Female,Organic
1658,2023-04-06,India,Gujarat,Mobile,38,Male,Organic
1659,2023-03-09,India,Karnataka,Mobile,53,Male,Facebook Ads
1660,2023-01-17,India,Karnataka,Mobile,46,Female,Referral
1661,2023-01-12,India,Delhi,Desktop,24,Female,Facebook Ads
1662,2023-05-30,India,Karnataka,Desktop,30,Female,Referral
1663,2023-05-25,India,Rajasthan,Desktop,40,Male,Organic
1664,2023-05-18,India,Delhi,Mobile,42,Female,Organic
1665,2023-04-28,India,Tamil Nadu,Mobile,58,Female,Referral
1666,2023-01-22,India,Gujarat,Desktop,30,Female,Facebook Ads
1667,2023-04-30,India,Gujarat,Mobile,54,Male,Facebook Ads
1668,2023-02-19,India,West Bengal,Mobile,47,Female,Facebook Ads
1669,2023-01-14,India,West Bengal,Mobile,43,Female,Referral
1670,2023-06-24,India,Tamil Nadu,Mobile,29,Female,Referral
1671,2023-01-29,India,Telangana,Mobile,18,Male,Facebook Ads
1672,2023-06-13,India,Uttar Pradesh,Desktop,35,Female,Facebook Ads
1673,2023-06-29,India,Telangana,Desktop,38,Male,Referral
1674,2023-05-05,India,Uttar Pradesh,Mobile,41,Male,Referral
1675,2023-01-07,India,Delhi,Mobile,34,Male,Facebook Ads
1676,2023-01-29,India,Tamil Nadu,Desktop,59,Male,Facebook Ads
1677,2023-05-19,India,Uttar Pradesh,Mobile,26,Male,Organic
1678,2023-02-02,India,West Bengal,Mobile,57,Female,Google Ads
1679,2023-05-14,India,West Bengal,Desktop,45,Female,Referral
1680,2023-04-21,India,Maharashtra,Desktop,32,Male,Google Ads
1681,2023-03-20,India,Uttar Pradesh,Desktop,30,Male,Referral
1682,2023-06-09,India,Tamil Nadu,Mobile,45,Male,Organic
1683,2023-06-28,India,Odisha,Mobile,34,Male,Referral
1684,2023-02-27,India,Delhi,Desktop,26,Female,Referral
1685,2023-01-26,India,Karnataka,Mobile,38,Female,Google Ads
1686,2023-06-23,India,Karnataka,Desktop,47,Male,Organic
1687,2023-01-29,India,Uttar Pradesh,Mobile,28,Male,Organic
1688,2023-01-04,India,Telangana,Desktop,47,Male,Organic
1689,2023-04-09,India,Delhi,Mobile,53,Female,Organic
1690,2023-05-21,India,Gujarat,Mobile,42,Male,Referral
1691,2023-02-08,India,Rajasthan,Mobile,24,Female,Google Ads
1692,2023-01-15,India,Karnataka,Mobile,37,Female,Organic
1693,2023-04-29,India,West Bengal,Mobile,52,Male,Facebook Ads
1694,2023-01-29,India,Delhi,Mobile,27,Female,Organic
1695,2023-06-06,India,Telangana,Desktop,52,Male,Google Ads
1696,2023-03-16,India,Tamil Nadu,Mobile,18,Female,Google Ads
1697,2023-04-26,India,Telangana,Mobile,31,Male,Google Ads
1698,2023-02-01,India,Delhi,Mobile,22,Male,Google Ads
1699,2023-05-10,India,Gujarat,Desktop,57,Male,Facebook Ads
1700,2023-06-24,India,Karnataka,Mobile,55,Male,Organic
1701,2023-03-25,India,West Bengal,Mobile,51,Male,Referral
1702,2023-01-22,India,Odisha,Desktop,41,Male,Referral
1703,2023-01-27,India,Tamil Nadu,Mobile,21,Female,Facebook Ads
1704,2023-03-22,India,West Bengal,Mobile,44,Female,Organic
1705,2023-05-06,India,Gujarat,Mobile,22,Male,Organic
1706,2023-04-02,India,Rajasthan,Desktop,30,Female,Referral
1707,2023-01-21,India,Gujarat,Mobile,57,Male,Facebook Ads
1708,2023-02-16,India,Gujarat,Desktop,38,Female,Referral
1709,2023-04-11,India,Karnataka,Desktop,54,Female,Facebook Ads
1710,2023-03-25,India,Delhi,Mobile,49,Male,Google Ads
1711,2023-01-06,India,Delhi,Desktop,55,Male,Organic
1712,2023-05-27,India,West Bengal,Mobile,48,Female,Organic
1713,2023-05-11,India,Rajasthan,Mobile,49,Female,Organic
1714,2023-01-01,India,Rajasthan,Mobile,32,Female,Organic
1715,2023-02-27,India,Telangana,Desktop,47,Female,Organic
1716,2023-05-04,India,Odisha,Mobile,24,Female,Organic
1717,2023-06-15,India,Gujarat,Mobile,55,Female,Google Ads
1718,2023-01-15,India,Odisha,Mobile,48,Male,Organic
1719,2023-06-11,India,Maharashtra,Mobile,43,Female,Google Ads
1720,2023-06-12,India,Uttar Pradesh,Mobile,53,Male,Organic
1721,2023-03-05,India,Gujarat,Mobile,43,Female,Organic
1722,2023-01-25,India,Odisha,Mobile,19,Male,Facebook Ads
1723,2023-01-24,India,Karnataka,Mobile,26,Male,Organic
1724,2023-01-12,India,Uttar Pradesh,Mobile,22,Male,Referral
1725,2023-01-18,India,Rajasthan,Mobile,44,Male,Facebook Ads
1726,2023-01-15,India,Gujarat,Desktop,29,Female,Facebook Ads
1727,2023-01-27,India,Gujarat,Desktop,52,Male,Facebook Ads
1728,2023-03-13,India,Rajasthan,Mobile,46,Male,Referral
1729,2023-03-01,India,Telangana,Mobile,33,Female,Google Ads
1730,2023-06-23,India,Karnataka,Desktop,36,Female,Facebook Ads
1731,2023-05-25,India,Gujarat,Desktop,44,Female,Facebook Ads
1732,2023-04-03,India,Odisha,Mobile,35,Male,Facebook Ads
1733,2023-02-22,India,Gujarat,Mobile,58,Female,Organic
1734,2023-01-08,India,Uttar Pradesh,Mobile,30,Male,Google Ads
1735,2023-03-20,India,Gujarat,Mobile,47,Male,Referral
1736,2023-01-27,India,Odisha,Mobile,43,Male,Referral
1737,2023-06-23,India,Tamil Nadu,Desktop,23,Female,Google Ads
1738,2023-02-19,India,Uttar Pradesh,Mobile,20,Male,Google Ads
1739,2023-05-11,India,West Bengal,Mobile,40,Male,Google Ads
1740,2023-04-03,India,West Bengal,Desktop,29,Male,Organic
1741,2023-06-21,India,Uttar Pradesh,Desktop,58,Female,Facebook Ads
1742,2023-01-24,India,Karnataka,Desktop,58,Female,Organic
1743,2023-03-01,India,Tamil Nadu,Desktop,32,Male,Google Ads
1744,2023-05-02,India,Uttar Pradesh,Mobile,18,Male,Organic
1745,2023-05-11,India,Odisha,Desktop,25,Male,Referral
1746,2023-05-28,India,Maharashtra,Desktop,48,Male,Organic
1747,2023-02-15,India,Delhi,Mobile,28,Female,Google Ads
1748,2023-01-15,India,Gujarat,Mobile,34,Male,Facebook Ads
1749,2023-06-02,India,Telangana,Mobile,44,Female,Organic
1750,2023-01-17,India,Tamil Nadu,Desktop,48,Male,Google Ads
1751,2023-05-06,India,Odisha,Mobile,44,Male,Organic
1752,2023-03-25,India,Telangana,Mobile,31,Female,Referral
1753,2023-01-09,India,West Bengal,Mobile,40,Male,Organic
1754,2023-06-15,India,Uttar Pradesh,Mobile,22,Male,Organic
1755,2023-06-25,India,Tamil Nadu,Mobile,47,Female,Facebook Ads
1756,2023-03-04,India,Rajasthan,Mobile,51,Male,Organic
1757,2023-04-27,India,Gujarat,Desktop,36,Female,Organic
1758,2023-05-10,India,Delhi,Mobile,48,Female,Referral
1759,2023-03-29,India,West Bengal,Mobile,33,Male,Referral
1760,2023-03-13,India,Uttar Pradesh,Mobile,44,Female,Referral
1761,2023-05-19,India,Gujarat,Mobile,43,Female,Facebook Ads
1762,2023-03-05,India,West Bengal,Mobile,56,Male,Referral
1763,2023-03-13,India,Rajasthan,Mobile,46,Male,Referral
1764,2023-01-21,India,Telangana,Mobile,56,Male,Organic
1765,2023-01-18,India,Delhi,Mobile,46,Female,Organic
1766,2023-03-05,India,Delhi,Mobile,48,Male,Facebook Ads
1767,2023-03-23,India,Gujarat,Mobile,19,Female,Referral
1768,2023-04-20,India,Odisha,Mobile,23,Male,Google Ads
1769,2023-04-05,India,Gujarat,Mobile,26,Male,Organic
1770,2023-06-15,India,West Bengal,Mobile,32,Male,Google Ads
1771,2023-02-01,India,Odisha,Desktop,37,Female,Google Ads
1772,2023-01-11,India,Delhi,Desktop,19,Female,Referral
1773,2023-02-14,India,Maharashtra,Mobile,20,Female,Google Ads
1774,2023-02-02,India,Delhi,Mobile,47,Male,Facebook Ads
1775,2023-04-12,India,Gujarat,Mobile,25,Male,Facebook Ads
1776,2023-06-18,India,West Bengal,Mobile,57,Male,Organic
1777,2023-05-16,India,Odisha,Desktop,38,Male,Google Ads
1778,2023-01-11,India,Uttar Pradesh,Desktop,56,Male,Facebook Ads
1779,2023-06-28,India,Odisha,Desktop,30,Male,Facebook Ads
1780,2023-03-29,India,Rajasthan,Desktop,57,Male,Google Ads
1781,2023-02-10,India,Karnataka,Desktop,58,Female,Facebook Ads
1782,2023-05-25,India,Karnataka,Mobile,54,Male,Google Ads
1783,2023-03-17,India,Tamil Nadu,Mobile,49,Male,Facebook Ads
1784,2023-05-01,India,Telangana,Desktop,31,Female,Google Ads
1785,2023-02-15,India,Tamil Nadu,Mobile,18,Male,Facebook Ads
1786,2023-06-09,India,Tamil Nadu,Mobile,44,Male,Facebook Ads
1787,2023-03-21,India,Odisha,Mobile,41,Female,Facebook Ads
1788,2023-02-23,India,West Bengal,Desktop,39,Male,Referral
1789,2023-03-27,India,Tamil Nadu,Mobile,31,Female,Referral
1790,2023-04-02,India,Gujarat,Mobile,25,Male,Facebook Ads
1791,2023-05-28,India,Odisha,Desktop,44,Female,Referral
1792,2023-06-10,India,West Bengal,Desktop,20,Male,Google Ads
1793,2023-06-17,India,Karnataka,Desktop,50,Female,Referral
1794,2023-06-09,India,Maharashtra,Mobile,38,Male,Organic
1795,2023-04-07,India,Gujarat,Mobile,49,Female,Organic
1796,2023-01-02,India,Uttar Pradesh,Desktop,57,Male,Facebook Ads
1797,2023-02-02,India,Telangana,Mobile,58,Male,Referral
1798,2023-06-07,India,Uttar Pradesh,Mobile,58,Male,Organic
1799,2023-06-10,India,West Bengal,Mobile,49,Female,Facebook Ads
1800,2023-03-18,India,Rajasthan,Mobile,41,Female,Organic
1801,2023-04-26,India,West Bengal,Mobile,28,Male,Facebook Ads
1802,2023-06-03,India,Maharashtra,Mobile,54,Male,Organic
1803,2023-05-30,India,Karnataka,Mobile,38,Female,Organic
1804,2023-04-13,India,Delhi,Desktop,35,Female,Referral
1805,2023-06-15,India,West Bengal,Mobile,28,Female,Facebook Ads
1806,2023-04-13,India,Karnataka,Mobile,44,Female,Organic
1807,2023-03-31,India,Uttar Pradesh,Mobile,55,Female,Facebook Ads
1808,2023-06-23,India,West Bengal,Mobile,18,Female,Referral
1809,2023-05-02,India,West Bengal,Desktop,46,Male,Organic
1810,2023-05-23,India,Tamil Nadu,Mobile,38,Male,Google Ads
1811,2023-04-16,India,Uttar Pradesh,Desktop,46,Male,Google Ads
1812,2023-04-29,India,Telangana,Mobile,26,Female,Google Ads
1813,2023-06-21,India,Telangana,Mobile,24,Female,Facebook Ads
1814,2023-02-18,India,Gujarat,Mobile,55,Male,Referral
1815,2023-04-14,India,Rajasthan,Mobile,48,Male,Facebook Ads
1816,2023-03-02,India,Delhi,Mobile,44,Female,Facebook Ads
1817,2023-05-03,India,West Bengal,Mobile,59,Male,Google Ads
1818,2023-05-14,India,West Bengal,Mobile,49,Male,Referral
1819,2023-01-09,India,Gujarat,Desktop,22,Female,Organic
1820,2023-01-06,India,Rajasthan,Desktop,50,Male,Facebook Ads
1821,2023-03-14,India,Uttar Pradesh,Mobile,32,Male,Google Ads
1822,2023-04-13,India,West Bengal,Mobile,22,Female,Facebook Ads
1823,2023-06-09,India,Karnataka,Mobile,37,Female,Facebook Ads
1824,2023-02-10,India,Odisha,Desktop,55,Female,Referral
1825,2023-04-24,India,Rajasthan,Mobile,54,Female,Organic
1826,2023-01-08,India,West Bengal,Mobile,34,Male,Facebook Ads
1827,2023-03-13,India,Rajasthan,Mobile,21,Male,Facebook Ads
1828,2023-06-27,India,Telangana,Mobile,38,Female,Organic
1829,2023-04-02,India,Delhi,Mobile,51,Female,Referral
1830,2023-03-03,India,West Bengal,Mobile,57,Female,Facebook Ads
1831,2023-03-25,India,Delhi,Desktop,22,Male,Referral
1832,2023-03-03,India,Maharashtra,Desktop,21,Male,Referral
1833,2023-04-21,India,Odisha,Mobile,39,Male,Facebook Ads
1834,2023-05-07,India,Gujarat,Mobile,31,Female,Organic
1835,2023-01-07,India,Delhi,Mobile,21,Female,Facebook Ads
1836,2023-03-25,India,West Bengal,Desktop,25,Male,Facebook Ads
1837,2023-05-12,India,Tamil Nadu,Desktop,20,Male,Google Ads
1838,2023-05-14,India,Gujarat,Mobile,46,Female,Organic
1839,2023-02-27,India,Gujarat,Mobile,43,Female,Google Ads
1840,2023-01-22,India,Uttar Pradesh,Mobile,47,Female,Organic
1841,2023-06-03,India,Delhi,Mobile,29,Female,Facebook Ads
1842,2023-05-07,India,Tamil Nadu,Mobile,32,Female,Referral
1843,2023-01-03,India,Delhi,Desktop,58,Female,Google Ads
1844,2023-05-07,India,Uttar Pradesh,Mobile,19,Female,Google Ads
1845,2023-02-10,India,Odisha,Mobile,18,Female,Google Ads
1846,2023-04-16,India,West Bengal,Desktop,45,Male,Google Ads
1847,2023-01-14,India,Telangana,Mobile,57,Male,Organic
1848,2023-01-12,India,Telangana,Desktop,52,Male,Referral
1849,2023-03-28,India,Delhi,Mobile,51,Female,Referral
1850,2023-01-12,India,Uttar Pradesh,Desktop,21,Male,Facebook Ads
1851,2023-05-21,India,Rajasthan,Mobile,35,Male,Facebook Ads
1852,2023-01-25,India,West Bengal,Mobile,29,Male,Google Ads
1853,2023-02-14,India,Delhi,Mobile,38,Female,Facebook Ads
1854,2023-05-02,India,Rajasthan,Mobile,27,Female,Facebook Ads
1855,2023-05-27,India,West Bengal,Mobile,38,Female,Organic
1856,2023-02-24,India,Rajasthan,Desktop,57,Male,Facebook Ads
1857,2023-04-10,India,Gujarat,Desktop,42,Male,Facebook Ads
1858,2023-06-22,India,Delhi,Mobile,34,Female,Facebook Ads
1859,2023-05-16,India,Uttar Pradesh,Mobile,23,Male,Referral
1860,2023-04-29,India,West Bengal,Desktop,31,Male,Referral
1861,2023-02-22,India,Telangana,Desktop,54,Female,Facebook Ads
1862,2023-02-01,India,Delhi,Mobile,57,Female,Google Ads
1863,2023-02-20,India,West Bengal,Desktop,57,Female,Referral
1864,2023-02-13,India,West Bengal,Mobile,35,Female,Organic
1865,2023-03-23,India,Rajasthan,Mobile,47,Female,Organic
1866,2023-05-26,India,Rajasthan,Mobile,26,Female,Organic
1867,2023-05-30,India,Tamil Nadu,Desktop,31,Female,Facebook Ads
1868,2023-02-06,India,Delhi,Mobile,34,Female,Google Ads
1869,2023-04-06,India,Maharashtra,Mobile,51,Female,Organic
1870,2023-02-25,India,Karnataka,Mobile,39,Female,Google Ads
1871,2023-04-15,India,Maharashtra,Mobile,49,Female,Organic
1872,2023-02-28,India,West Bengal,Mobile,29,Female,Google Ads
1873,2023-05-11,India,Tamil Nadu,Mobile,33,Male,Facebook Ads
1874,2023-06-05,India,West Bengal,Mobile,39,Female,Facebook Ads
1875,2023-02-04,India,Maharashtra,Mobile,55,Male,Organic
1876,2023-04-03,India,West Bengal,Desktop,56,Male,Organic
1877,2023-04-07,India,Rajasthan,Mobile,19,Male,Referral
1878,2023-05-15,India,Delhi,Desktop,25,Female,Organic
1879,2023-03-17,India,Telangana,Mobile,18,Female,Referral
1880,2023-02-18,India,Maharashtra,Mobile,58,Female,Referral
1881,2023-04-04,India,Karnataka,Mobile,57,Female,Facebook Ads
1882,2023-06-08,India,Karnataka,Mobile,58,Male,Facebook Ads
1883,2023-01-24,India,Rajasthan,Mobile,22,Male,Referral
1884,2023-05-28,India,Delhi,Desktop,53,Female,Organic
1885,2023-02-06,India,Odisha,Desktop,34,Female,Referral
1886,2023-01-04,India,Odisha,Mobile,58,Female,Organic
1887,2023-04-18,India,Uttar Pradesh,Mobile,47,Female,Facebook Ads
1888,2023-05-06,India,Uttar Pradesh,Desktop,32,Male,Organic
1889,2023-01-20,India,Maharashtra,Mobile,37,Female,Referral
1890,2023-06-01,India,Rajasthan,Mobile,53,Male,Organic
1891,2023-02-19,India,Rajasthan,Desktop,19,Female,Referral
1892,2023-06-26,India,West Bengal,Desktop,21,Female,Organic
1893,2023-06-28,India,Karnataka,Mobile,41,Female,Referral
1894,2023-04-06,India,Karnataka,Mobile,59,Female,Facebook Ads
1895,2023-04-15,India,Karnataka,Mobile,19,Female,Referral
1896,2023-06-13,India,Tamil Nadu,Desktop,19,Female,Facebook Ads
1897,2023-04-27,India,Delhi,Desktop,18,Male,Referral
1898,2023-04-08,India,Gujarat,Mobile,30,Male,Referral
1899,2023-03-07,India,West Bengal,Desktop,23,Female,Google Ads
1900,2023-03-20,India,Odisha,Desktop,39,Male,Google Ads
1901,2023-06-11,India,Rajasthan,Mobile,34,Female,Google Ads
1902,2023-06-13,India,Odisha,Desktop,39,Male,Google Ads
1903,2023-01-06,India,Tamil Nadu,Mobile,23,Female,Organic
1904,2023-02-08,India,Odisha,Mobile,20,Male,Facebook Ads
1905,2023-06-19,India,Karnataka,Mobile,23,Female,Facebook Ads
1906,2023-04-25,India,Telangana,Desktop,34,Male,Google Ads
1907,2023-05-05,India,West Bengal,Mobile,52,Male,Organic
1908,2023-01-12,India,Telangana,Mobile,54,Female,Referral
1909,2023-05-11,India,Uttar Pradesh,Desktop,52,Female,Referral
1910,2023-01-18,India,Telangana,Mobile,40,Female,Facebook Ads
1911,2023-02-09,India,Gujarat,Desktop,25,Female,Facebook Ads
1912,2023-01-21,India,Rajasthan,Mobile,24,Female,Organic
1913,2023-05-23,India,Tamil Nadu,Mobile,27,Male,Referral
1914,2023-04-09,India,Rajasthan,Mobile,43,Female,Organic
1915,2023-01-26,India,Gujarat,Desktop,27,Female,Referral
1916,2023-01-08,India,Rajasthan,Mobile,36,Male,Google Ads
1917,2023-04-10,India,Telangana,Mobile,40,Male,Google Ads
1918,2023-03-28,India,Delhi,Desktop,48,Male,Organic
1919,2023-02-11,India,Rajasthan,Mobile,50,Female,Facebook Ads
1920,2023-06-21,India,Uttar Pradesh,Desktop,19,Female,Organic
1921,2023-01-14,India,West Bengal,Desktop,45,Male,Organic
1922,2023-03-19,India,West Bengal,Mobile,49,Male,Referral
1923,2023-01-02,India,Odisha,Mobile,50,Female,Referral
1924,2023-04-29,India,Maharashtra,Mobile,26,Male,Referral
1925,2023-02-06,India,Telangana,Mobile,46,Female,Referral
1926,2023-03-10,India,Karnataka,Desktop,32,Male,Facebook Ads
1927,2023-06-15,India,Gujarat,Desktop,35,Male,Facebook Ads
1928,2023-02-10,India,Tamil Nadu,Mobile,35,Female,Google Ads
1929,2023-03-03,India,Telangana,Mobile,24,Male,Organic
1930,2023-03-01,India,West Bengal,Mobile,31,Male,Google Ads
1931,2023-05-05,India,Odisha,Mobile,46,Female,Referral
1932,2023-04-21,India,Rajasthan,Mobile,36,Female,Organic
1933,2023-01-14,India,Karnataka,Mobile,22,Male,Referral
1934,2023-03-25,India,Karnataka,Mobile,58,Female,Organic
1935,2023-05-10,India,Maharashtra,Mobile,22,Female,Facebook Ads
1936,2023-03-11,India,Delhi,Desktop,32,Female,Referral
1937,2023-05-25,India,Maharashtra,Mobile,43,Male,Organic
1938,2023-05-03,India,Rajasthan,Desktop,41,Male,Organic
1939,2023-03-30,India,Telangana,Mobile,36,Male,Referral
1940,2023-01-28,India,Uttar Pradesh,Desktop,37,Male,Facebook Ads
1941,2023-03-07,India,Gujarat,Mobile,26,Male,Facebook Ads
1942,2023-06-12,India,Karnataka,Desktop,45,Male,Facebook Ads
1943,2023-01-05,India,Tamil Nadu,Desktop,33,Male,Organic
1944,2023-06-17,India,Telangana,Mobile,28,Female,Facebook Ads
1945,2023-06-13,India,Tamil Nadu,Mobile,51,Female,Organic
1946,2023-02-14,India,Odisha,Desktop,42,Male,Google Ads
1947,2023-05-31,India,Tamil Nadu,Desktop,57,Male,Facebook Ads
1948,2023-02-16,India,Karnataka,Desktop,38,Female,Referral
1949,2023-01-31,India,Karnataka,Desktop,22,Male,Referral
1950,2023-05-19,India,Karnataka,Mobile,28,Male,Referral
1951,2023-01-10,India,Telangana,Mobile,26,Male,Referral
1952,2023-04-28,India,Telangana,Mobile,28,Female,Google Ads
1953,2023-01-14,India,Gujarat,Desktop,54,Female,Google Ads
1954,2023-03-21,India,West Bengal,Mobile,58,Female,Facebook Ads
1955,2023-04-03,India,Delhi,Mobile,18,Male,Facebook Ads
1956,2023-01-10,India,Rajasthan,Desktop,43,Female,Referral
1957,2023-03-17,India,Rajasthan,Desktop,27,Female,Referral
1958,2023-04-04,India,Odisha,Mobile,57,Male,Referral
1959,2023-04-15,India,Maharashtra,Mobile,36,Male,Organic
1960,2023-01-01,India,Gujarat,Mobile,33,Male,Facebook Ads
1961,2023-05-13,India,West Bengal,Mobile,54,Male,Referral
1962,2023-01-20,India,Uttar Pradesh,Desktop,58,Female,Referral
1963,2023-01-08,India,Odisha,Mobile,21,Female,Referral
1964,2023-06-20,India,Telangana,Desktop,31,Male,Google Ads
1965,2023-01-01,India,West Bengal,Desktop,47,Male,Google Ads
1966,2023-02-26,India,Karnataka,Mobile,24,Male,Google Ads
1967,2023-03-05,India,Telangana,Mobile,29,Male,Organic
1968,2023-04-28,India,Maharashtra,Mobile,41,Male,Organic
1969,2023-01-28,India,Maharashtra,Mobile,56,Female,Facebook Ads
1970,2023-05-01,India,Rajasthan,Mobile,39,Male,Referral
1971,2023-04-17,India,Delhi,Desktop,47,Female,Facebook Ads
1972,2023-06-14,India,Delhi,Mobile,56,Male,Facebook Ads
1973,2023-06-24,India,Uttar Pradesh,Desktop,37,Female,Google Ads
1974,2023-06-14,India,Telangana,Mobile,43,Male,Referral
1975,2023-02-18,India,Telangana,Mobile,22,Male,Google Ads
1976,2023-04-30,India,Maharashtra,Desktop,57,Female,Google Ads
1977,2023-02-13,India,Karnataka,Mobile,59,Female,Referral
1978,2023-02-25,India,Karnataka,Mobile,23,Female,Facebook Ads
1979,2023-06-05,India,Tamil Nadu,Mobile,51,Female,Facebook Ads
1980,2023-04-21,India,Karnataka,Mobile,22,Female,Google Ads
1981,2023-05-14,India,West Bengal,Desktop,27,Female,Referral
1982,2023-04-18,India,Delhi,Mobile,45,Female,Facebook Ads
1983,2023-05-28,India,Karnataka,Mobile,20,Female,Organic
1984,2023-04-24,India,Gujarat,Mobile,30,Male,Facebook Ads
1985,2023-03-19,India,Telangana,Desktop,19,Male,Referral
1986,2023-05-10,India,Karnataka,Mobile,52,Male,Referral
1987,2023-02-06,India,Tamil Nadu,Mobile,45,Female,Referral
1988,2023-01-20,India,Uttar Pradesh,Mobile,54,Female,Google Ads
1989,2023-01-26,India,Uttar Pradesh,Mobile,40,Male,Facebook Ads
1990,2023-01-29,India,Maharashtra,Mobile,40,Female,Organic
1991,2023-01-01,India,Karnataka,Mobile,52,Male,Google Ads
1992,2023-04-29,India,Telangana,Mobile,58,Female,Facebook Ads
1993,2023-02-04,India,Telangana,Mobile,56,Female,Referral
1994,2023-02-28,India,Delhi,Mobile,49,Female,Facebook Ads
1995,2023-03-10,India,Uttar Pradesh,Desktop,19,Female,Referral
1996,2023-06-10,India,Maharashtra,Desktop,33,Male,Referral
1997,2023-06-28,India,Karnataka,Mobile,33,Male,Facebook Ads
1998,2023-01-12,India,Uttar Pradesh,Mobile,20,Male,Facebook Ads
1999,2023-01-20,India,Uttar Pradesh,Mobile,45,Female,Organic
2000,2023-02-12,India,Telangana,Desktop,46,Male,Facebook Ads
2001,2023-05-06,India,Karnataka,Mobile,37,Male,Facebook Ads
2002,2023-02-19,India,Odisha,Desktop,53,Male,Google Ads
2003,2023-01-29,India,Karnataka,Mobile,50,Male,Referral
2004,2023-02-08,India,West Bengal,Mobile,39,Male,Referral
2005,2023-06-20,India,Uttar Pradesh,Desktop,25,Male,Organic
2006,2023-06-27,India,Delhi,Desktop,41,Female,Google Ads
2007,2023-05-31,India,Odisha,Desktop,54,Female,Organic
2008,2023-06-21,India,Tamil Nadu,Mobile,37,Female,Facebook Ads
2009,2023-02-07,India,Maharashtra,Mobile,29,Female,Organic
2010,2023-03-25,India,Karnataka,Mobile,37,Male,Referral
2011,2023-05-31,India,Delhi,Mobile,37,Male,Google Ads
2012,2023-05-08,India,Tamil Nadu,Mobile,21,Female,Facebook Ads
2013,2023-05-06,India,Tamil Nadu,Mobile,47,Male,Google Ads
2014,2023-02-14,India,Uttar Pradesh,Mobile,48,Male,Google Ads
2015,2023-02-21,India,West Bengal,Mobile,39,Male,Organic
2016,2023-03-21,India,Uttar Pradesh,Desktop,32,Female,Facebook Ads
2017,2023-06-27,India,Maharashtra,Desktop,55,Male,Google Ads
2018,2023-05-04,India,Odisha,Mobile,54,Female,Google Ads
2019,2023-04-29,India,Telangana,Mobile,45,Female,Organic
2020,2023-01-08,India,Gujarat,Mobile,28,Male,Google Ads
2021,2023-03-26,India,Odisha,Desktop,31,Female,Referral
2022,2023-05-09,India,Maharashtra,Mobile,28,Female,Referral
2023,2023-01-08,India,Telangana,Desktop,26,Female,Facebook Ads
2024,2023-06-06,India,Tamil Nadu,Desktop,41,Female,Facebook Ads
2025,2023-04-06,India,Odisha,Mobile,27,Female,Organic
2026,2023-04-12,India,Telangana,Mobile,55,Male,Google Ads
2027,2023-01-05,India,Karnataka,Desktop,58,Male,Organic
2028,2023-03-27,India,Uttar Pradesh,Mobile,54,Female,Organic
2029,2023-06-24,India,Gujarat,Mobile,59,Female,Referral
2030,2023-02-03,India,Delhi,Desktop,49,Female,Google Ads
2031,2023-02-24,India,Karnataka,Mobile,37,Female,Referral
2032,2023-04-29,India,Odisha,Desktop,31,Female,Referral
2033,2023-06-20,India,Rajasthan,Desktop,55,Female,Facebook Ads
2034,2023-06-07,India,Telangana,Desktop,21,Female,Organic
2035,2023-04-24,India,Tamil Nadu,Mobile,41,Male,Referral
2036,2023-05-25,India,Tamil Nadu,Mobile,49,Female,Facebook Ads
2037,2023-01-26,India,Rajasthan,Mobile,27,Male,Facebook Ads
2038,2023-05-16,India,Odisha,Desktop,33,Male,Google Ads
2039,2023-02-16,India,Tamil Nadu,Desktop,56,Female,Google Ads
2040,2023-04-23,India,West Bengal,Mobile,49,Male,Referral
2041,2023-03-17,India,Tamil Nadu,Mobile,35,Female,Facebook Ads
2042,2023-03-13,India,Gujarat,Mobile,42,Male,Facebook Ads
2043,2023-03-30,India,West Bengal,Desktop,24,Male,Facebook Ads
2044,2023-02-15,India,Maharashtra,Desktop,35,Female,Organic
2045,2023-02-02,India,Maharashtra,Desktop,35,Male,Facebook Ads
2046,2023-01-01,India,Telangana,Desktop,20,Male,Organic
2047,2023-05-27,India,West Bengal,Desktop,18,Male,Google Ads
2048,2023-01-31,India,Karnataka,Desktop,50,Male,Referral
2049,2023-05-22,India,Telangana,Mobile,24,Female,Google Ads
2050,2023-02-22,India,Karnataka,Mobile,27,Male,Referral
2051,2023-02-17,India,Gujarat,Desktop,25,Female,Facebook Ads
2052,2023-03-10,India,Uttar Pradesh,Mobile,49,Female,Referral
2053,2023-04-15,India,Odisha,Mobile,40,Female,Referral
2054,2023-03-31,India,West Bengal,Mobile,34,Female,Google Ads
2055,2023-03-04,India,Rajasthan,Mobile,31,Male,Referral
2056,2023-03-14,India,Delhi,Mobile,34,Male,Facebook Ads
2057,2023-06-10,India,Odisha,Mobile,42,Male,Organic
2058,2023-06-18,India,Gujarat,Mobile,38,Male,Facebook Ads
2059,2023-03-30,India,West Bengal,Mobile,23,Female,Referral
2060,2023-06-25,India,Maharashtra,Mobile,37,Female,Google Ads
2061,2023-01-13,India,Odisha,Desktop,37,Male,Facebook Ads
2062,2023-03-14,India,Karnataka,Mobile,43,Female,Referral
2063,2023-03-18,India,Rajasthan,Mobile,49,Female,Google Ads
2064,2023-06-08,India,Odisha,Mobile,25,Female,Organic
2065,2023-03-09,India,Delhi,Mobile,46,Female,Google Ads
2066,2023-04-08,India,Gujarat,Mobile,34,Female,Referral
2067,2023-05-05,India,Gujarat,Desktop,35,Female,Google Ads
2068,2023-04-12,India,Telangana,Desktop,57,Female,Referral
2069,2023-05-12,India,Gujarat,Mobile,35,Female,Google Ads
2070,2023-04-12,India,Telangana,Mobile,28,Female,Google Ads
2071,2023-01-19,India,Gujarat,Mobile,29,Male,Google Ads
2072,2023-03-23,India,Delhi,Desktop,32,Male,Referral
2073,2023-05-21,India,Gujarat,Desktop,43,Female,Google Ads
2074,2023-01-23,India,Rajasthan,Mobile,20,Male,Referral
2075,2023-03-24,India,Uttar Pradesh,Mobile,20,Female,Facebook Ads
2076,2023-04-19,India,Maharashtra,Desktop,55,Female,Organic
2077,2023-03-16,India,Rajasthan,Desktop,52,Male,Facebook Ads
2078,2023-05-09,India,Gujarat,Mobile,26,Male,Organic
2079,2023-03-29,India,West Bengal,Desktop,57,Female,Referral
2080,2023-02-23,India,Karnataka,Mobile,21,Female,Facebook Ads
2081,2023-03-30,India,Uttar Pradesh,Mobile,37,Male,Organic
2082,2023-05-23,India,Maharashtra,Desktop,32,Female,Organic
2083,2023-03-06,India,Karnataka,Mobile,46,Male,Facebook Ads
2084,2023-03-17,India,Rajasthan,Desktop,22,Female,Facebook Ads
2085,2023-05-23,India,Delhi,Mobile,56,Female,Referral
2086,2023-05-29,India,Delhi,Mobile,57,Male,Organic
2087,2023-05-27,India,Karnataka,Mobile,24,Female,Referral
2088,2023-03-01,India,West Bengal,Mobile,25,Male,Referral
2089,2023-04-03,India,Karnataka,Mobile,49,Female,Google Ads
2090,2023-06-10,India,Rajasthan,Desktop,53,Male,Referral
2091,2023-02-18,India,Karnataka,Mobile,50,Female,Organic
2092,2023-02-04,India,Maharashtra,Desktop,54,Male,Google Ads
2093,2023-06-21,India,West Bengal,Mobile,49,Male,Referral
2094,2023-04-12,India,Tamil Nadu,Desktop,53,Male,Referral
2095,2023-01-11,India,Odisha,Mobile,51,Male,Organic
2096,2023-04-09,India,Tamil Nadu,Mobile,42,Male,Google Ads
2097,2023-04-20,India,Telangana,Mobile,49,Male,Facebook Ads
2098,2023-03-15,India,Karnataka,Mobile,19,Female,Facebook Ads
2099,2023-06-23,India,Delhi,Mobile,26,Male,Google Ads
2100,2023-01-09,India,Tamil Nadu,Mobile,55,Female,Google Ads
2101,2023-01-03,India,Gujarat,Desktop,46,Female,Google Ads
2102,2023-03-26,India,Rajasthan,Desktop,55,Male,Google Ads
2103,2023-01-26,India,Tamil Nadu,Desktop,35,Female,Facebook Ads
2104,2023-03-13,India,Uttar Pradesh,Mobile,39,Female,Referral
2105,2023-02-17,India,West Bengal,Desktop,52,Male,Organic
2106,2023-06-05,India,Rajasthan,Desktop,32,Male,Facebook Ads
2107,2023-04-27,India,Delhi,Mobile,24,Male,Organic
2108,2023-06-03,India,Telangana,Mobile,30,Male,Facebook Ads
2109,2023-06-02,India,Tamil Nadu,Mobile,59,Female,Google Ads
2110,2023-01-12,India,West Bengal,Mobile,53,Male,Facebook Ads
2111,2023-05-13,India,Odisha,Mobile,33,Male,Facebook Ads
2112,2023-02-17,India,West Bengal,Mobile,58,Male,Google Ads
2113,2023-02-06,India,West Bengal,Desktop,38,Female,Referral
2114,2023-02-13,India,Rajasthan,Mobile,45,Female,Google Ads
2115,2023-01-15,India,Odisha,Mobile,27,Male,Referral
2116,2023-02-12,India,West Bengal,Desktop,36,Male,Facebook Ads
2117,2023-06-25,India,Uttar Pradesh,Desktop,34,Male,Facebook Ads
2118,2023-03-28,India,Tamil Nadu,Desktop,18,Female,Organic
2119,2023-03-11,India,Tamil Nadu,Mobile,30,Female,Organic
2120,2023-02-15,India,Uttar Pradesh,Mobile,53,Female,Facebook Ads
2121,2023-04-18,India,Tamil Nadu,Mobile,59,Female,Organic
2122,2023-05-03,India,West Bengal,Mobile,37,Male,Referral
2123,2023-06-20,India,Telangana,Mobile,58,Female,Google Ads
2124,2023-01-21,India,West Bengal,Mobile,57,Male,Facebook Ads
2125,2023-05-31,India,Rajasthan,Desktop,23,Male,Facebook Ads
2126,2023-04-17,India,Gujarat,Mobile,40,Male,Organic
2127,2023-03-21,India,Telangana,Mobile,59,Male,Facebook Ads
2128,2023-02-16,India,Delhi,Mobile,41,Female,Facebook Ads
2129,2023-04-27,India,Delhi,Desktop,22,Male,Referral
2130,2023-05-04,India,Telangana,Mobile,49,Female,Referral
2131,2023-05-23,India,West Bengal,Mobile,34,Female,Google Ads
2132,2023-01-25,India,Karnataka,Mobile,28,Female,Facebook Ads
2133,2023-02-05,India,Gujarat,Mobile,44,Male,Organic
2134,2023-02-20,India,Uttar Pradesh,Mobile,21,Male,Google Ads
2135,2023-01-15,India,West Bengal,Mobile,40,Male,Organic
2136,2023-03-09,India,Telangana,Mobile,40,Male,Facebook Ads
2137,2023-01-21,India,Karnataka,Desktop,51,Male,Organic
2138,2023-05-21,India,West Bengal,Mobile,38,Female,Organic
2139,2023-01-19,India,Karnataka,Desktop,39,Male,Google Ads
2140,2023-02-03,India,Telangana,Mobile,18,Female,Facebook Ads
2141,2023-03-19,India,West Bengal,Mobile,49,Female,Google Ads
2142,2023-05-05,India,Odisha,Mobile,45,Female,Facebook Ads
2143,2023-04-27,India,Tamil Nadu,Mobile,35,Female,Referral
2144,2023-02-21,India,Telangana,Mobile,24,Male,Google Ads
2145,2023-01-27,India,Delhi,Mobile,55,Male,Facebook Ads
2146,2023-06-06,India,Delhi,Desktop,23,Male,Referral
2147,2023-06-05,India,Gujarat,Desktop,31,Female,Referral
2148,2023-02-04,India,Maharashtra,Desktop,47,Female,Referral
2149,2023-05-16,India,Delhi,Mobile,31,Female,Google Ads
2150,2023-05-24,India,Maharashtra,Mobile,58,Female,Referral
2151,2023-04-16,India,Odisha,Mobile,26,Female,Facebook Ads
2152,2023-06-13,India,Telangana,Mobile,48,Female,Google Ads
2153,2023-06-07,India,Karnataka,Mobile,19,Male,Organic
2154,2023-05-26,India,Gujarat,Mobile,35,Female,Referral
2155,2023-01-02,India,Tamil Nadu,Desktop,22,Male,Google Ads
2156,2023-06-26,India,Uttar Pradesh,Mobile,43,Male,Organic
2157,2023-03-18,India,Maharashtra,Mobile,40,Male,Google Ads
2158,2023-05-12,India,Tamil Nadu,Mobile,29,Female,Referral
2159,2023-03-31,India,Gujarat,Mobile,31,Male,Referral
2160,2023-03-30,India,Gujarat,Desktop,30,Male,Organic
2161,2023-04-04,India,Delhi,Mobile,52,Female,Facebook Ads
2162,2023-01-07,India,Tamil Nadu,Desktop,32,Male,Referral
2163,2023-04-05,India,West Bengal,Mobile,52,Male,Organic
2164,2023-04-18,India,Rajasthan,Mobile,36,Female,Referral
2165,2023-03-15,India,Gujarat,Desktop,32,Female,Facebook Ads
2166,2023-02-08,India,Maharashtra,Mobile,25,Female,Organic
2167,2023-05-21,India,Uttar Pradesh,Mobile,40,Male,Facebook Ads
2168,2023-06-08,India,Uttar Pradesh,Mobile,30,Male,Referral
2169,2023-03-12,India,Odisha,Mobile,40,Female,Organic
2170,2023-02-25,India,Odisha,Desktop,48,Male,Google Ads
2171,2023-06-19,India,Delhi,Desktop,47,Female,Facebook Ads
2172,2023-02-11,India,West Bengal,Desktop,59,Female,Referral
2173,2023-02-05,India,Delhi,Mobile,19,Female,Referral
2174,2023-03-25,India,Uttar Pradesh,Mobile,28,Male,Facebook Ads
2175,2023-04-28,India,Karnataka,Mobile,42,Male,Organic
2176,2023-01-07,India,Uttar Pradesh,Desktop,46,Male,Google Ads
2177,2023-02-23,India,Gujarat,Desktop,39,Female,Referral
2178,2023-05-09,India,Tamil Nadu,Mobile,36,Female,Facebook Ads
2179,2023-06-21,India,Tamil Nadu,Mobile,26,Male,Facebook Ads
2180,2023-04-30,India,Gujarat,Mobile,58,Male,Google Ads
2181,2023-06-22,India,Gujarat,Mobile,55,Male,Google Ads
2182,2023-04-16,India,Uttar Pradesh,Mobile,46,Female,Referral
2183,2023-02-16,India,Tamil Nadu,Mobile,27,Female,Google Ads
2184,2023-05-03,India,Tamil Nadu,Mobile,39,Male,Facebook Ads
2185,2023-05-21,India,Telangana,Desktop,41,Male,Organic
2186,2023-04-29,India,Tamil Nadu,Desktop,25,Male,Organic
2187,2023-05-30,India,Gujarat,Desktop,23,Male,Facebook Ads
2188,2023-04-28,India,Odisha,Mobile,24,Female,Facebook Ads
2189,2023-01-21,India,West Bengal,Mobile,37,Male,Facebook Ads
2190,2023-05-17,India,Karnataka,Mobile,34,Male,Referral
2191,2023-01-26,India,Gujarat,Mobile,53,Female,Facebook Ads
2192,2023-01-09,India,Tamil Nadu,Mobile,25,Female,Google Ads
2193,2023-01-15,India,Maharashtra,Desktop,30,Male,Facebook Ads
2194,2023-01-10,India,Uttar Pradesh,Mobile,41,Female,Facebook Ads
2195,2023-05-02,India,Uttar Pradesh,Desktop,48,Male,Referral
2196,2023-05-01,India,West Bengal,Desktop,40,Male,Facebook Ads
2197,2023-05-05,India,Gujarat,Desktop,34,Male,Google Ads
2198,2023-06-19,India,West Bengal,Desktop,41,Female,Google Ads
2199,2023-03-13,India,Odisha,Mobile,27,Male,Google Ads
2200,2023-06-01,India,Rajasthan,Desktop,48,Male,Facebook Ads
2201,2023-02-18,India,Delhi,Mobile,37,Female,Referral
2202,2023-06-03,India,Maharashtra,Desktop,33,Female,Referral
2203,2023-04-01,India,Delhi,Mobile,31,Female,Referral
2204,2023-02-06,India,Rajasthan,Mobile,20,Male,Google Ads
2205,2023-03-09,India,Maharashtra,Mobile,47,Male,Referral
2206,2023-02-19,India,Delhi,Mobile,35,Male,Facebook Ads
2207,2023-06-01,India,Maharashtra,Mobile,23,Male,Facebook Ads
2208,2023-01-19,India,West Bengal,Mobile,37,Male,Organic
2209,2023-04-10,India,Karnataka,Desktop,52,Female,Google Ads
2210,2023-03-01,India,Telangana,Mobile,36,Female,Organic
2211,2023-06-16,India,Maharashtra,Mobile,43,Male,Organic
2212,2023-03-30,India,Rajasthan,Mobile,52,Male,Google Ads
2213,2023-05-26,India,West Bengal,Mobile,29,Male,Google Ads
2214,2023-05-27,India,Telangana,Mobile,25,Male,Organic
2215,2023-06-13,India,West Bengal,Desktop,54,Male,Facebook Ads
2216,2023-03-10,India,Odisha,Mobile,27,Male,Organic
2217,2023-06-24,India,Tamil Nadu,Mobile,38,Male,Google Ads
2218,2023-02-18,India,Uttar Pradesh,Mobile,58,Male,Facebook Ads
2219,2023-04-18,India,Odisha,Mobile,59,Female,Organic
2220,2023-06-10,India,Rajasthan,Mobile,46,Female,Organic
2221,2023-04-29,India,Gujarat,Desktop,48,Male,Organic
2222,2023-05-29,India,Gujarat,Mobile,57,Male,Google Ads
2223,2023-05-30,India,Uttar Pradesh,Mobile,24,Male,Organic
2224,2023-06-25,India,West Bengal,Mobile,51,Female,Google Ads
2225,2023-02-06,India,Karnataka,Mobile,51,Female,Facebook Ads
2226,2023-05-23,India,Rajasthan,Desktop,47,Male,Referral
2227,2023-06-12,India,Uttar Pradesh,Mobile,21,Male,Facebook Ads
2228,2023-06-09,India,Telangana,Mobile,58,Male,Organic
2229,2023-01-11,India,Telangana,Desktop,47,Male,Google Ads
2230,2023-05-18,India,Gujarat,Mobile,42,Male,Organic
2231,2023-03-19,India,Tamil Nadu,Desktop,31,Female,Facebook Ads
2232,2023-03-18,India,West Bengal,Mobile,41,Male,Referral
2233,2023-06-02,India,Gujarat,Mobile,48,Male,Referral
2234,2023-01-02,India,Karnataka,Desktop,56,Female,Google Ads
2235,2023-03-05,India,Uttar Pradesh,Desktop,45,Male,Facebook Ads
2236,2023-02-04,India,Maharashtra,Mobile,42,Female,Facebook Ads
2237,2023-01-07,India,Karnataka,Desktop,36,Female,Google Ads
2238,2023-03-26,India,Maharashtra,Mobile,21,Female,Google Ads
2239,2023-05-26,India,West Bengal,Mobile,51,Male,Google Ads
2240,2023-03-08,India,Uttar Pradesh,Mobile,49,Female,Organic
2241,2023-02-11,India,Telangana,Mobile,42,Female,Organic
2242,2023-04-28,India,Telangana,Desktop,39,Female,Google Ads
2243,2023-05-05,India,Odisha,Mobile,45,Male,Google Ads
2244,2023-06-16,India,Telangana,Mobile,35,Female,Referral
2245,2023-06-18,India,Rajasthan,Desktop,24,Female,Referral
2246,2023-01-24,India,Odisha,Mobile,28,Male,Organic
2247,2023-02-15,India,Odisha,Mobile,59,Male,Referral
2248,2023-01-19,India,Telangana,Mobile,28,Female,Google Ads
2249,2023-03-09,India,Gujarat,Mobile,26,Female,Facebook Ads
2250,2023-04-12,India,Tamil Nadu,Desktop,52,Female,Google Ads
2251,2023-02-11,India,Tamil Nadu,Mobile,54,Male,Referral
2252,2023-02-01,India,Rajasthan,Mobile,40,Male,Organic
2253,2023-06-16,India,Delhi,Desktop,50,Male,Google Ads
2254,2023-04-19,India,Gujarat,Mobile,18,Male,Google Ads
2255,2023-02-05,India,Delhi,Mobile,37,Male,Referral
2256,2023-04-07,India,Maharashtra,Desktop,22,Female,Facebook Ads
2257,2023-06-13,India,Gujarat,Mobile,46,Female,Google Ads
2258,2023-05-11,India,Uttar Pradesh,Mobile,43,Male,Organic
2259,2023-03-14,India,Delhi,Mobile,55,Female,Organic
2260,2023-05-16,India,Rajasthan,Mobile,20,Male,Facebook Ads
2261,2023-04-07,India,Rajasthan,Mobile,38,Female,Referral
2262,2023-05-03,India,Gujarat,Mobile,30,Female,Facebook Ads
2263,2023-03-11,India,Odisha,Desktop,48,Male,Organic
2264,2023-06-18,India,Uttar Pradesh,Mobile,34,Male,Google Ads
2265,2023-01-13,India,West Bengal,Mobile,52,Female,Organic
2266,2023-02-18,India,Uttar Pradesh,Desktop,40,Female,Facebook Ads
2267,2023-03-01,India,Rajasthan,Mobile,20,Female,Organic
2268,2023-05-10,India,Maharashtra,Desktop,19,Female,Referral
2269,2023-01-05,India,Delhi,Mobile,20,Male,Facebook Ads
2270,2023-06-21,India,Delhi,Mobile,37,Female,Organic
2271,2023-01-27,India,Maharashtra,Desktop,26,Male,Google Ads
2272,2023-06-09,India,Karnataka,Mobile,21,Female,Google Ads
2273,2023-05-29,India,Gujarat,Desktop,42,Male,Facebook Ads
2274,2023-01-08,India,Rajasthan,Mobile,18,Male,Google Ads
2275,2023-02-19,India,Tamil Nadu,Mobile,56,Male,Facebook Ads
2276,2023-03-08,India,Telangana,Mobile,29,Female,Google Ads
2277,2023-02-13,India,Maharashtra,Mobile,57,Female,Organic
2278,2023-05-05,India,Maharashtra,Desktop,57,Male,Google Ads
2279,2023-02-27,India,Uttar Pradesh,Mobile,41,Female,Organic
2280,2023-01-03,India,Gujarat,Desktop,26,Male,Facebook Ads
2281,2023-03-27,India,Gujarat,Mobile,37,Male,Google Ads
2282,2023-03-11,India,Tamil Nadu,Mobile,22,Male,Referral
2283,2023-05-10,India,Telangana,Mobile,37,Male,Referral
2284,2023-06-21,India,Gujarat,Mobile,38,Male,Referral
2285,2023-01-02,India,Odisha,Mobile,19,Female,Google Ads
2286,2023-04-12,India,Rajasthan,Mobile,38,Male,Organic
2287,2023-02-04,India,Odisha,Mobile,59,Female,Facebook Ads
2288,2023-04-08,India,Karnataka,Desktop,41,Female,Google Ads
2289,2023-01-30,India,Rajasthan,Desktop,26,Female,Facebook Ads
2290,2023-04-26,India,West Bengal,Mobile,56,Male,Facebook Ads
2291,2023-01-08,India,Rajasthan,Mobile,47,Female,Google Ads
2292,2023-05-30,India,Rajasthan,Mobile,35,Female,Organic
2293,2023-02-13,India,Tamil Nadu,Mobile,27,Female,Referral
2294,2023-02-05,India,Odisha,Mobile,58,Female,Facebook Ads
2295,2023-03-18,India,Telangana,Mobile,38,Male,Facebook Ads
2296,2023-01-31,India,Uttar Pradesh,Desktop,39,Female,Google Ads
2297,2023-02-16,India,Tamil Nadu,Mobile,34,Female,Facebook Ads
2298,2023-02-24,India,Rajasthan,Mobile,22,Male,Google Ads
2299,2023-04-16,India,Uttar Pradesh,Mobile,23,Female,Facebook Ads
2300,2023-06-07,India,Delhi,Desktop,27,Female,Organic
2301,2023-05-01,India,Uttar Pradesh,Mobile,19,Female,Organic
2302,2023-02-24,India,Maharashtra,Desktop,24,Female,Referral
2303,2023-05-24,India,Tamil Nadu,Desktop,21,Female,Referral
2304,2023-01-12,India,Tamil Nadu,Desktop,54,Male,Organic
2305,2023-05-25,India,Maharashtra,Desktop,36,Female,Referral
2306,2023-05-24,India,Delhi,Mobile,45,Female,Referral
2307,2023-05-20,India,Gujarat,Mobile,37,Male,Referral
2308,2023-05-16,India,Gujarat,Mobile,47,Female,Organic
2309,2023-01-03,India,Gujarat,Mobile,59,Female,Referral
2310,2023-05-24,India,Gujarat,Mobile,55,Female,Google Ads
2311,2023-01-30,India,Odisha,Mobile,19,Male,Referral
2312,2023-01-23,India,Maharashtra,Mobile,20,Female,Google Ads
2313,2023-04-02,India,Delhi,Desktop,59,Female,Referral
2314,2023-04-25,India,Rajasthan,Mobile,56,Female,Google Ads
2315,2023-04-14,India,Karnataka,Mobile,42,Female,Referral
2316,2023-04-28,India,Tamil Nadu,Desktop,19,Female,Google Ads
2317,2023-01-05,India,Uttar Pradesh,Mobile,56,Male,Referral
2318,2023-04-14,India,Gujarat,Desktop,32,Female,Google Ads
2319,2023-04-18,India,Uttar Pradesh,Desktop,20,Male,Organic
2320,2023-03-06,India,Karnataka,Mobile,22,Female,Facebook Ads
2321,2023-05-01,India,Tamil Nadu,Mobile,57,Female,Facebook Ads
2322,2023-01-30,India,West Bengal,Mobile,53,Female,Organic
2323,2023-05-29,India,Telangana,Desktop,57,Male,Organic
2324,2023-03-25,India,Delhi,Mobile,55,Male,Google Ads
2325,2023-05-30,India,Odisha,Mobile,54,Female,Google Ads
2326,2023-02-01,India,Uttar Pradesh,Desktop,44,Female,Referral
2327,2023-06-10,India,Gujarat,Mobile,22,Male,Referral
2328,2023-01-16,India,Maharashtra,Desktop,34,Male,Facebook Ads
2329,2023-02-07,India,Uttar Pradesh,Desktop,55,Male,Facebook Ads
2330,2023-05-22,India,Tamil Nadu,Desktop,58,Female,Google Ads
2331,2023-02-05,India,West Bengal,Desktop,29,Male,Google Ads
2332,2023-05-31,India,Delhi,Mobile,59,Male,Organic
2333,2023-04-24,India,Maharashtra,Desktop,48,Male,Google Ads
2334,2023-03-07,India,Telangana,Mobile,50,Male,Referral
2335,2023-04-15,India,Tamil Nadu,Mobile,46,Female,Organic
2336,2023-03-26,India,West Bengal,Mobile,55,Male,Google Ads
2337,2023-01-02,India,Maharashtra,Desktop,20,Male,Referral
2338,2023-03-16,India,Telangana,Desktop,55,Female,Referral
2339,2023-03-08,India,Uttar Pradesh,Desktop,58,Male,Facebook Ads
2340,2023-06-29,India,Tamil Nadu,Mobile,57,Female,Organic
2341,2023-05-31,India,Rajasthan,Desktop,47,Male,Facebook Ads
2342,2023-06-03,India,Telangana,Desktop,39,Female,Organic
2343,2023-02-24,India,West Bengal,Mobile,55,Male,Organic
2344,2023-01-06,India,Rajasthan,Mobile,49,Female,Facebook Ads
2345,2023-06-12,India,Rajasthan,Mobile,27,Female,Facebook Ads
2346,2023-05-30,India,Odisha,Mobile,49,Female,Google Ads
2347,2023-06-20,India,West Bengal,Mobile,21,Female,Organic
2348,2023-05-23,India,Rajasthan,Mobile,46,Female,Google Ads
2349,2023-03-27,India,Uttar Pradesh,Mobile,25,Female,Organic
2350,2023-03-01,India,Tamil Nadu,Mobile,37,Male,Referral
2351,2023-04-11,India,Tamil Nadu,Mobile,24,Female,Google Ads
2352,2023-01-12,India,Uttar Pradesh,Mobile,18,Female,Facebook Ads
2353,2023-02-18,India,Odisha,Desktop,42,Female,Referral
2354,2023-02-11,India,Delhi,Mobile,43,Female,Facebook Ads
2355,2023-06-15,India,Odisha,Mobile,26,Male,Referral
2356,2023-03-23,India,Tamil Nadu,Mobile,40,Female,Referral
2357,2023-06-22,India,Delhi,Mobile,57,Male,Google Ads
2358,2023-02-04,India,Odisha,Desktop,19,Female,Facebook Ads
2359,2023-06-07,India,Rajasthan,Mobile,43,Male,Google Ads
2360,2023-06-07,India,Delhi,Mobile,31,Male,Referral
2361,2023-05-14,India,Tamil Nadu,Desktop,48,Male,Organic
2362,2023-03-08,India,Uttar Pradesh,Mobile,43,Female,Organic
2363,2023-03-21,India,Gujarat,Mobile,36,Male,Referral
2364,2023-01-07,India,Rajasthan,Mobile,55,Female,Facebook Ads
2365,2023-06-29,India,Rajasthan,Mobile,22,Female,Facebook Ads
2366,2023-01-14,India,Gujarat,Desktop,23,Female,Facebook Ads
2367,2023-03-14,India,Telangana,Mobile,52,Male,Organic
2368,2023-05-23,India,Karnataka,Desktop,33,Male,Google Ads
2369,2023-05-29,India,Maharashtra,Desktop,48,Female,Facebook Ads
2370,2023-06-12,India,West Bengal,Mobile,35,Male,Google Ads
2371,2023-03-07,India,Odisha,Mobile,31,Female,Facebook Ads
2372,2023-04-01,India,Karnataka,Mobile,42,Male,Facebook Ads
2373,2023-05-10,India,Odisha,Mobile,32,Female,Facebook Ads
2374,2023-06-12,India,Karnataka,Mobile,43,Female,Google Ads
2375,2023-01-20,India,Delhi,Mobile,53,Male,Google Ads
2376,2023-01-10,India,Uttar Pradesh,Mobile,28,Male,Google Ads
2377,2023-01-25,India,West Bengal,Desktop,54,Female,Referral
2378,2023-01-25,India,West Bengal,Mobile,58,Male,Organic
2379,2023-02-23,India,Odisha,Mobile,54,Male,Referral
2380,2023-02-02,India,Gujarat,Desktop,24,Male,Organic
2381,2023-06-13,India,Delhi,Mobile,35,Male,Referral
2382,2023-04-05,India,Telangana,Mobile,37,Male,Organic
2383,2023-01-14,India,West Bengal,Mobile,19,Female,Google Ads
2384,2023-03-06,India,Maharashtra,Mobile,43,Male,Organic
2385,2023-04-20,India,Odisha,Mobile,40,Male,Facebook Ads
2386,2023-03-21,India,Rajasthan,Mobile,49,Male,Google Ads
2387,2023-02-23,India,Maharashtra,Mobile,30,Male,Referral
2388,2023-05-05,India,Tamil Nadu,Desktop,30,Female,Facebook Ads
2389,2023-06-29,India,Odisha,Mobile,34,Male,Facebook Ads
2390,2023-05-11,India,Odisha,Mobile,42,Female,Google Ads
2391,2023-06-18,India,Rajasthan,Mobile,39,Male,Facebook Ads
2392,2023-05-14,India,Delhi,Mobile,44,Female,Google Ads
2393,2023-01-25,India,Rajasthan,Mobile,34,Male,Organic
2394,2023-05-21,India,West Bengal,Desktop,43,Male,Google Ads
2395,2023-04-27,India,Uttar Pradesh,Mobile,55,Male,Google Ads
2396,2023-05-16,India,Odisha,Mobile,31,Male,Referral
2397,2023-05-29,India,Tamil Nadu,Mobile,31,Female,Facebook Ads
2398,2023-01-25,India,Gujarat,Mobile,29,Male,Referral
2399,2023-03-20,India,Odisha,Mobile,22,Female,Referral
2400,2023-03-09,India,Rajasthan,Mobile,54,Female,Referral
2401,2023-06-22,India,Karnataka,Mobile,21,Male,Referral
2402,2023-01-12,India,Odisha,Mobile,46,Female,Referral
2403,2023-02-01,India,Odisha,Mobile,42,Female,Facebook Ads
2404,2023-05-08,India,Tamil Nadu,Mobile,21,Male,Facebook Ads
2405,2023-04-06,India,Tamil Nadu,Mobile,33,Male,Facebook Ads
2406,2023-04-02,India,Odisha,Desktop,19,Male,Referral
2407,2023-05-21,India,Karnataka,Mobile,40,Male,Facebook Ads
2408,2023-01-31,India,Uttar Pradesh,Desktop,21,Male,Referral
2409,2023-03-19,India,Telangana,Mobile,37,Male,Facebook Ads
2410,2023-01-20,India,Karnataka,Mobile,34,Male,Facebook Ads
2411,2023-05-26,India,Karnataka,Mobile,23,Female,Facebook Ads
2412,2023-03-01,India,Karnataka,Mobile,35,Female,Facebook Ads
2413,2023-05-14,India,Uttar Pradesh,Mobile,37,Male,Google Ads
2414,2023-06-09,India,Delhi,Mobile,56,Female,Facebook Ads
2415,2023-04-03,India,Delhi,Desktop,58,Female,Facebook Ads
2416,2023-02-12,India,Karnataka,Mobile,51,Female,Google Ads
2417,2023-05-10,India,Telangana,Mobile,57,Male,Organic
2418,2023-03-01,India,Rajasthan,Mobile,41,Female,Organic
2419,2023-05-31,India,Maharashtra,Desktop,35,Male,Google Ads
2420,2023-01-31,India,Delhi,Desktop,47,Female,Organic
2421,2023-01-05,India,Gujarat,Mobile,18,Male,Facebook Ads
2422,2023-06-11,India,Tamil Nadu,Desktop,40,Female,Referral
2423,2023-01-10,India,Uttar Pradesh,Mobile,46,Female,Referral
2424,2023-03-30,India,Uttar Pradesh,Mobile,58,Male,Facebook Ads
2425,2023-05-10,India,Maharashtra,Mobile,58,Female,Facebook Ads
2426,2023-05-06,India,Delhi,Desktop,49,Male,Organic
2427,2023-01-11,India,Telangana,Desktop,19,Male,Google Ads
2428,2023-06-27,India,Telangana,Desktop,53,Male,Referral
2429,2023-06-08,India,Tamil Nadu,Mobile,34,Female,Facebook Ads
2430,2023-02-25,India,Karnataka,Desktop,19,Female,Google Ads
2431,2023-03-24,India,Rajasthan,Mobile,21,Male,Google Ads
2432,2023-05-17,India,Delhi,Mobile,51,Male,Facebook Ads
2433,2023-04-09,India,Telangana,Mobile,18,Male,Google Ads
2434,2023-05-29,India,Maharashtra,Mobile,40,Female,Referral
2435,2023-03-14,India,Tamil Nadu,Mobile,23,Female,Referral
2436,2023-06-05,India,Odisha,Mobile,33,Male,Google Ads
2437,2023-04-25,India,Tamil Nadu,Desktop,19,Female,Facebook Ads
2438,2023-01-07,India,Telangana,Mobile,29,Female,Google Ads
2439,2023-03-21,India,Odisha,Mobile,44,Male,Organic
2440,2023-05-24,India,Gujarat,Desktop,36,Male,Facebook Ads
2441,2023-04-07,India,West Bengal,Mobile,45,Female,Facebook Ads
2442,2023-01-04,India,Tamil Nadu,Mobile,52,Male,Facebook Ads
2443,2023-01-04,India,Maharashtra,Mobile,21,Male,Referral
2444,2023-04-13,India,Maharashtra,Mobile,24,Female,Facebook Ads
2445,2023-02-09,India,Rajasthan,Mobile,54,Male,Facebook Ads
2446,2023-01-17,India,Karnataka,Mobile,42,Male,Referral
2447,2023-04-11,India,Tamil Nadu,Desktop,58,Female,Referral
2448,2023-04-13,India,Telangana,Mobile,34,Male,Referral
2449,2023-05-04,India,West Bengal,Mobile,58,Female,Facebook Ads
2450,2023-02-21,India,Delhi,Mobile,31,Male,Facebook Ads
2451,2023-02-21,India,Telangana,Mobile,54,Female,Referral
2452,2023-06-13,India,Maharashtra,Mobile,19,Female,Referral
2453,2023-05-04,India,Gujarat,Desktop,41,Male,Organic
2454,2023-06-15,India,Telangana,Desktop,32,Male,Referral
2455,2023-06-27,India,Uttar Pradesh,Mobile,50,Male,Google Ads
2456,2023-03-04,India,Maharashtra,Desktop,29,Female,Organic
2457,2023-04-26,India,Tamil Nadu,Mobile,36,Female,Referral
2458,2023-03-03,India,Gujarat,Mobile,22,Male,Referral
2459,2023-01-07,India,Uttar Pradesh,Mobile,18,Male,Referral
2460,2023-06-04,India,Odisha,Mobile,26,Female,Referral
2461,2023-04-02,India,West Bengal,Desktop,56,Male,Google Ads
2462,2023-01-14,India,Maharashtra,Mobile,51,Female,Referral
2463,2023-03-27,India,Tamil Nadu,Mobile,46,Male,Facebook Ads
2464,2023-05-13,India,Uttar Pradesh,Desktop,19,Male,Organic
2465,2023-05-10,India,Uttar Pradesh,Desktop,36,Male,Referral
2466,2023-03-03,India,Karnataka,Desktop,45,Female,Facebook Ads
2467,2023-05-29,India,Uttar Pradesh,Mobile,52,Male,Google Ads
2468,2023-03-20,India,West Bengal,Mobile,57,Female,Organic
2469,2023-05-29,India,Gujarat,Mobile,39,Female,Referral
2470,2023-05-18,India,Gujarat,Mobile,21,Male,Organic
2471,2023-02-27,India,Uttar Pradesh,Desktop,25,Male,Referral
2472,2023-04-30,India,Tamil Nadu,Desktop,18,Female,Google Ads
2473,2023-06-16,India,Maharashtra,Desktop,53,Male,Google Ads
2474,2023-05-13,India,Tamil Nadu,Mobile,24,Male,Organic
2475,2023-03-06,India,Rajasthan,Desktop,42,Female,Organic
2476,2023-01-13,India,Maharashtra,Desktop,46,Male,Organic
2477,2023-03-23,India,Odisha,Mobile,18,Female,Google Ads
2478,2023-06-22,India,West Bengal,Mobile,35,Female,Facebook Ads
2479,2023-06-09,India,Tamil Nadu,Desktop,21,Female,Organic
2480,2023-06-13,India,Karnataka,Mobile,37,Female,Referral
2481,2023-05-19,India,Gujarat,Desktop,25,Female,Google Ads
2482,2023-05-29,India,Uttar Pradesh,Mobile,44,Male,Organic
2483,2023-02-21,India,Maharashtra,Desktop,56,Female,Google Ads
2484,2023-04-27,India,Uttar Pradesh,Desktop,52,Female,Organic
2485,2023-01-26,India,Odisha,Mobile,42,Male,Google Ads
2486,2023-02-03,India,Rajasthan,Desktop,31,Female,Google Ads
2487,2023-02-21,India,Uttar Pradesh,Mobile,57,Female,Organic
2488,2023-04-22,India,Tamil Nadu,Mobile,48,Male,Referral
2489,2023-03-23,India,Maharashtra,Mobile,22,Male,Google Ads
2490,2023-06-29,India,Karnataka,Mobile,34,Male,Referral
2491,2023-06-06,India,Odisha,Desktop,27,Female,Referral
2492,2023-06-15,India,Telangana,Desktop,33,Female,Google Ads
2493,2023-02-11,India,West Bengal,Mobile,21,Female,Google Ads
2494,2023-01-21,India,Rajasthan,Mobile,22,Male,Google Ads
2495,2023-02-11,India,Tamil Nadu,Mobile,59,Female,Referral
2496,2023-05-21,India,West Bengal,Mobile,58,Female,Google Ads
2497,2023-04-23,India,Karnataka,Desktop,37,Female,Google Ads
2498,2023-04-15,India,West Bengal,Mobile,23,Male,Google Ads
2499,2023-01-17,India,Gujarat,Mobile,28,Male,Google Ads
2500,2023-04-30,India,Maharashtra,Mobile,34,Male,Organic
2501,2023-05-17,India,West Bengal,Mobile,58,Male,Google Ads
2502,2023-06-18,India,Tamil Nadu,Desktop,20,Female,Referral
2503,2023-05-09,India,Telangana,Mobile,33,Female,Referral
2504,2023-05-10,India,Gujarat,Mobile,53,Female,Facebook Ads
2505,2023-03-01,India,Gujarat,Desktop,43,Male,Organic
2506,2023-02-17,India,West Bengal,Desktop,41,Female,Organic
2507,2023-01-29,India,Rajasthan,Desktop,51,Female,Facebook Ads
2508,2023-04-07,India,Delhi,Desktop,37,Female,Referral
2509,2023-01-10,India,Rajasthan,Desktop,34,Female,Referral
2510,2023-02-27,India,Uttar Pradesh,Mobile,37,Male,Google Ads
2511,2023-01-21,India,Tamil Nadu,Mobile,33,Female,Facebook Ads
2512,2023-01-28,India,Delhi,Mobile,21,Male,Referral
2513,2023-02-03,India,Maharashtra,Desktop,35,Female,Facebook Ads
2514,2023-01-08,India,Gujarat,Mobile,53,Male,Facebook Ads
2515,2023-06-26,India,Tamil Nadu,Mobile,52,Male,Organic
2516,2023-03-20,India,Karnataka,Mobile,47,Male,Referral
2517,2023-05-25,India,Uttar Pradesh,Desktop,35,Female,Referral
2518,2023-03-28,India,Telangana,Mobile,38,Male,Google Ads
2519,2023-03-29,India,Uttar Pradesh,Mobile,49,Male,Referral
2520,2023-06-22,India,Tamil Nadu,Mobile,22,Female,Organic
2521,2023-03-10,India,Maharashtra,Desktop,58,Female,Referral
2522,2023-06-09,India,Gujarat,Mobile,40,Female,Google Ads
2523,2023-06-21,India,Odisha,Mobile,47,Female,Referral
2524,2023-03-28,India,Odisha,Mobile,44,Male,Facebook Ads
2525,2023-04-11,India,Tamil Nadu,Mobile,32,Male,Organic
2526,2023-01-08,India,West Bengal,Mobile,58,Female,Google Ads
2527,2023-03-18,India,Rajasthan,Mobile,31,Male,Google Ads
2528,2023-03-28,India,Uttar Pradesh,Mobile,38,Male,Facebook Ads
2529,2023-02-12,India,Maharashtra,Desktop,51,Male,Organic
2530,2023-05-09,India,Uttar Pradesh,Mobile,43,Male,Referral
2531,2023-04-19,India,Karnataka,Mobile,42,Male,Organic
2532,2023-06-28,India,Odisha,Desktop,48,Female,Organic
2533,2023-06-01,India,Gujarat,Desktop,23,Female,Organic
2534,2023-06-01,India,Karnataka,Mobile,21,Female,Organic
2535,2023-01-17,India,Gujarat,Mobile,41,Female,Organic
2536,2023-05-13,India,Uttar Pradesh,Desktop,59,Female,Organic
2537,2023-05-28,India,Maharashtra,Desktop,48,Female,Facebook Ads
2538,2023-01-21,India,Odisha,Mobile,36,Female,Google Ads
2539,2023-02-27,India,Uttar Pradesh,Mobile,28,Male,Facebook Ads
2540,2023-06-08,India,Odisha,Mobile,46,Female,Referral
2541,2023-04-20,India,Tamil Nadu,Mobile,22,Male,Google Ads
2542,2023-05-19,India,Telangana,Mobile,35,Male,Google Ads
2543,2023-06-29,India,Telangana,Mobile,20,Male,Referral
2544,2023-05-23,India,Gujarat,Mobile,57,Male,Google Ads
2545,2023-05-15,India,Uttar Pradesh,Mobile,28,Male,Referral
2546,2023-01-28,India,Delhi,Mobile,38,Female,Organic
2547,2023-02-20,India,Odisha,Mobile,47,Male,Organic
2548,2023-01-05,India,Odisha,Mobile,36,Female,Google Ads
2549,2023-01-05,India,Delhi,Mobile,42,Female,Google Ads
2550,2023-04-04,India,West Bengal,Desktop,52,Female,Organic
2551,2023-04-06,India,Uttar Pradesh,Mobile,29,Male,Organic
2552,2023-01-08,India,Delhi,Desktop,43,Male,Referral
2553,2023-03-05,India,Telangana,Mobile,22,Female,Google Ads
2554,2023-05-18,India,Odisha,Mobile,36,Female,Google Ads
2555,2023-02-07,India,Telangana,Mobile,44,Female,Facebook Ads
2556,2023-04-21,India,Uttar Pradesh,Desktop,55,Female,Organic
2557,2023-04-22,India,Maharashtra,Mobile,46,Female,Organic
2558,2023-03-22,India,Maharashtra,Mobile,29,Male,Google Ads
2559,2023-05-16,India,Gujarat,Mobile,36,Female,Facebook Ads
2560,2023-04-14,India,Telangana,Desktop,26,Female,Referral
2561,2023-06-02,India,Telangana,Desktop,35,Female,Referral
2562,2023-03-14,India,Telangana,Mobile,46,Female,Organic
2563,2023-06-27,India,West Bengal,Mobile,20,Male,Facebook Ads
2564,2023-02-18,India,Telangana,Mobile,40,Female,Facebook Ads
2565,2023-02-05,India,Maharashtra,Mobile,47,Female,Referral
2566,2023-05-06,India,West Bengal,Mobile,41,Male,Organic
2567,2023-03-09,India,Gujarat,Desktop,54,Female,Google Ads
2568,2023-03-19,India,Tamil Nadu,Desktop,54,Male,Facebook Ads
2569,2023-04-15,India,Karnataka,Mobile,21,Male,Google Ads
2570,2023-06-18,India,Gujarat,Mobile,45,Female,Organic
2571,2023-05-02,India,Rajasthan,Mobile,33,Female,Referral
2572,2023-04-29,India,West Bengal,Mobile,30,Male,Facebook Ads
2573,2023-04-24,India,Maharashtra,Mobile,25,Male,Google Ads
2574,2023-01-10,India,Maharashtra,Mobile,42,Female,Facebook Ads
2575,2023-05-29,India,Uttar Pradesh,Mobile,19,Female,Facebook Ads
2576,2023-06-13,India,Odisha,Mobile,47,Male,Facebook Ads
2577,2023-05-20,India,Telangana,Desktop,57,Female,Organic
2578,2023-04-01,India,Maharashtra,Mobile,20,Male,Google Ads
2579,2023-01-02,India,Telangana,Mobile,40,Female,Facebook Ads
2580,2023-04-28,India,Delhi,Mobile,46,Female,Google Ads
2581,2023-01-13,India,Odisha,Mobile,58,Male,Organic
2582,2023-06-09,India,Delhi,Desktop,47,Male,Facebook Ads
2583,2023-04-05,India,Telangana,Desktop,28,Female,Facebook Ads
2584,2023-05-24,India,West Bengal,Mobile,38,Male,Facebook Ads
2585,2023-02-01,India,Rajasthan,Desktop,44,Female,Google Ads
2586,2023-02-01,India,Odisha,Mobile,41,Female,Google Ads
2587,2023-05-04,India,West Bengal,Desktop,48,Male,Facebook Ads
2588,2023-01-11,India,Maharashtra,Mobile,47,Female,Google Ads
2589,2023-01-10,India,Rajasthan,Mobile,18,Female,Google Ads
2590,2023-01-15,India,Tamil Nadu,Mobile,18,Male,Facebook Ads
2591,2023-01-17,India,Maharashtra,Desktop,25,Male,Facebook Ads
2592,2023-06-17,India,Karnataka,Mobile,59,Male,Referral
2593,2023-05-26,India,Gujarat,Desktop,51,Female,Referral
2594,2023-06-02,India,Odisha,Mobile,33,Male,Facebook Ads
2595,2023-02-28,India,Karnataka,Desktop,44,Female,Organic
2596,2023-03-19,India,Telangana,Mobile,21,Male,Facebook Ads
2597,2023-05-04,India,Odisha,Desktop,36,Female,Facebook Ads
2598,2023-04-24,India,Gujarat,Mobile,46,Female,Facebook Ads
2599,2023-01-22,India,Odisha,Mobile,58,Male,Facebook Ads
2600,2023-06-07,India,West Bengal,Desktop,20,Female,Facebook Ads
2601,2023-06-21,India,Delhi,Desktop,28,Female,Facebook Ads
2602,2023-02-01,India,Uttar Pradesh,Mobile,25,Male,Facebook Ads
2603,2023-06-28,India,West Bengal,Mobile,56,Female,Facebook Ads
2604,2023-06-23,India,Gujarat,Mobile,50,Female,Referral
2605,2023-04-23,India,Odisha,Mobile,25,Female,Referral
2606,2023-04-30,India,West Bengal,Mobile,42,Female,Referral
2607,2023-05-29,India,Delhi,Mobile,41,Female,Organic
2608,2023-05-02,India,Karnataka,Mobile,43,Female,Google Ads
2609,2023-02-01,India,West Bengal,Desktop,43,Male,Organic
2610,2023-04-29,India,Telangana,Desktop,34,Male,Organic
2611,2023-02-08,India,Karnataka,Mobile,44,Male,Facebook Ads
2612,2023-01-12,India,Gujarat,Mobile,46,Female,Referral
2613,2023-06-24,India,Karnataka,Mobile,56,Male,Facebook Ads
2614,2023-01-18,India,Odisha,Mobile,26,Male,Facebook Ads
2615,2023-05-29,India,Rajasthan,Mobile,31,Female,Referral
2616,2023-05-21,India,Rajasthan,Mobile,22,Male,Facebook Ads
2617,2023-05-29,India,Tamil Nadu,Mobile,47,Male,Google Ads
2618,2023-05-06,India,Telangana,Mobile,45,Female,Google Ads
2619,2023-05-16,India,Odisha,Desktop,54,Male,Organic
2620,2023-02-15,India,Gujarat,Desktop,25,Male,Referral
2621,2023-04-14,India,Maharashtra,Mobile,32,Male,Google Ads
2622,2023-05-15,India,Rajasthan,Mobile,45,Male,Organic
2623,2023-05-31,India,Gujarat,Desktop,53,Male,Facebook Ads
2624,2023-03-27,India,Karnataka,Mobile,50,Male,Organic
2625,2023-05-30,India,West Bengal,Desktop,23,Female,Organic
2626,2023-03-30,India,Rajasthan,Desktop,29,Female,Google Ads
2627,2023-01-22,India,Odisha,Desktop,24,Male,Organic
2628,2023-04-02,India,Rajasthan,Mobile,45,Male,Referral
2629,2023-01-29,India,Delhi,Mobile,24,Male,Facebook Ads
2630,2023-01-13,India,Delhi,Desktop,58,Female,Referral
2631,2023-01-02,India,Delhi,Mobile,18,Male,Facebook Ads
2632,2023-01-29,India,Telangana,Mobile,41,Female,Referral
2633,2023-06-29,India,Rajasthan,Mobile,36,Female,Facebook Ads
2634,2023-01-27,India,Tamil Nadu,Mobile,49,Male,Referral
2635,2023-02-19,India,Gujarat,Desktop,47,Female,Facebook Ads
2636,2023-04-05,India,Delhi,Mobile,18,Male,Google Ads
2637,2023-05-31,India,Karnataka,Desktop,49,Female,Organic
2638,2023-03-29,India,Odisha,Desktop,37,Male,Organic
2639,2023-02-13,India,Telangana,Mobile,38,Male,Organic
2640,2023-01-22,India,Uttar Pradesh,Mobile,36,Female,Organic
2641,2023-06-20,India,Delhi,Desktop,47,Male,Facebook Ads
2642,2023-06-14,India,Gujarat,Mobile,45,Female,Referral
2643,2023-04-07,India,Karnataka,Desktop,49,Male,Referral
2644,2023-01-03,India,Odisha,Desktop,47,Female,Google Ads
2645,2023-04-28,India,West Bengal,Mobile,40,Male,Organic
2646,2023-01-19,India,Maharashtra,Desktop,44,Male,Organic
2647,2023-01-23,India,Karnataka,Mobile,54,Male,Google Ads
2648,2023-06-06,India,Tamil Nadu,Mobile,43,Female,Organic
2649,2023-01-30,India,Karnataka,Desktop,20,Female,Google Ads
2650,2023-02-08,India,Karnataka,Desktop,48,Male,Organic
2651,2023-04-18,India,Tamil Nadu,Mobile,19,Male,Referral
2652,2023-04-21,India,West Bengal,Mobile,27,Male,Google Ads
2653,2023-01-25,India,Telangana,Mobile,55,Female,Referral
2654,2023-05-08,India,Rajasthan,Mobile,36,Male,Organic
2655,2023-04-21,India,Odisha,Mobile,48,Male,Referral
2656,2023-05-16,India,Karnataka,Mobile,46,Male,Referral
2657,2023-04-16,India,Karnataka,Mobile,42,Female,Facebook Ads
2658,2023-05-24,India,Tamil Nadu,Desktop,49,Male,Organic
2659,2023-03-13,India,Gujarat,Mobile,34,Male,Facebook Ads
2660,2023-05-09,India,Karnataka,Mobile,40,Female,Google Ads
2661,2023-04-18,India,Karnataka,Desktop,35,Male,Facebook Ads
2662,2023-01-05,India,Tamil Nadu,Desktop,28,Female,Organic
2663,2023-01-03,India,Gujarat,Desktop,37,Female,Facebook Ads
2664,2023-05-12,India,Tamil Nadu,Mobile,30,Female,Facebook Ads
2665,2023-04-14,India,Telangana,Mobile,41,Female,Organic
2666,2023-03-05,India,Karnataka,Mobile,37,Female,Referral
2667,2023-04-16,India,Delhi,Mobile,59,Male,Google Ads
2668,2023-04-08,India,Odisha,Mobile,45,Male,Facebook Ads
2669,2023-01-10,India,Gujarat,Mobile,52,Male,Organic
2670,2023-05-29,India,Delhi,Mobile,38,Male,Facebook Ads
2671,2023-05-08,India,Tamil Nadu,Mobile,23,Male,Google Ads
2672,2023-02-15,India,Karnataka,Mobile,24,Male,Google Ads
2673,2023-06-04,India,Tamil Nadu,Mobile,46,Male,Google Ads
2674,2023-03-07,India,Rajasthan,Mobile,40,Male,Facebook Ads
2675,2023-06-18,India,Rajasthan,Mobile,22,Female,Referral
2676,2023-04-22,India,Telangana,Mobile,39,Male,Referral
2677,2023-01-13,India,Karnataka,Mobile,26,Male,Referral
2678,2023-05-17,India,Karnataka,Mobile,49,Female,Organic
2679,2023-06-13,India,Delhi,Mobile,27,Male,Referral
2680,2023-03-27,India,Uttar Pradesh,Mobile,45,Female,Referral
2681,2023-03-31,India,Karnataka,Desktop,28,Male,Google Ads
2682,2023-02-27,India,Telangana,Mobile,24,Male,Organic
2683,2023-02-23,India,Gujarat,Mobile,47,Female,Google Ads
2684,2023-01-12,India,Gujarat,Desktop,55,Male,Facebook Ads
2685,2023-01-14,India,Tamil Nadu,Mobile,51,Female,Facebook Ads
2686,2023-05-01,India,Delhi,Mobile,45,Female,Google Ads
2687,2023-06-11,India,West Bengal,Mobile,49,Female,Organic
2688,2023-05-01,India,Maharashtra,Desktop,33,Male,Referral
2689,2023-01-20,India,Tamil Nadu,Mobile,56,Female,Referral
2690,2023-03-16,India,Karnataka,Mobile,18,Female,Organic
2691,2023-05-24,India,Tamil Nadu,Mobile,51,Male,Referral
2692,2023-03-11,India,West Bengal,Mobile,58,Female,Referral
2693,2023-02-25,India,Maharashtra,Mobile,40,Female,Google Ads
2694,2023-04-11,India,West Bengal,Desktop,37,Male,Facebook Ads
2695,2023-05-12,India,West Bengal,Mobile,35,Male,Organic
2696,2023-04-21,India,Rajasthan,Mobile,35,Male,Organic
2697,2023-05-05,India,Gujarat,Mobile,59,Female,Referral
2698,2023-05-12,India,Uttar Pradesh,Mobile,57,Female,Referral
2699,2023-01-20,India,Karnataka,Desktop,38,Male,Facebook Ads
2700,2023-05-18,India,Telangana,Mobile,25,Female,Organic
2701,2023-01-24,India,Delhi,Mobile,51,Female,Google Ads
2702,2023-06-03,India,Tamil Nadu,Mobile,28,Male,Facebook Ads
2703,2023-02-06,India,Karnataka,Mobile,27,Male,Google Ads
2704,2023-02-23,India,Rajasthan,Mobile,25,Male,Facebook Ads
2705,2023-04-13,India,Gujarat,Desktop,25,Female,Google Ads
2706,2023-05-29,India,Tamil Nadu,Mobile,36,Male,Google Ads
2707,2023-02-07,India,Delhi,Desktop,18,Female,Google Ads
2708,2023-06-23,India,Uttar Pradesh,Desktop,20,Male,Organic
2709,2023-01-04,India,Karnataka,Desktop,49,Female,Referral
2710,2023-02-26,India,Telangana,Mobile,33,Male,Organic
2711,2023-06-22,India,Gujarat,Mobile,47,Female,Google Ads
2712,2023-01-20,India,Odisha,Desktop,45,Female,Referral
2713,2023-01-17,India,Karnataka,Desktop,45,Female,Google Ads
2714,2023-04-29,India,West Bengal,Desktop,33,Female,Facebook Ads
2715,2023-03-12,India,West Bengal,Mobile,58,Female,Referral
2716,2023-01-04,India,Telangana,Mobile,50,Female,Organic
2717,2023-01-14,India,Maharashtra,Desktop,42,Female,Google Ads
2718,2023-01-03,India,Telangana,Mobile,35,Male,Referral
2719,2023-03-21,India,Gujarat,Mobile,43,Female,Organic
2720,2023-02-24,India,West Bengal,Mobile,23,Female,Facebook Ads
2721,2023-05-12,India,Uttar Pradesh,Mobile,55,Female,Google Ads
2722,2023-04-30,India,Uttar Pradesh,Mobile,20,Female,Organic
2723,2023-01-24,India,West Bengal,Mobile,23,Female,Referral
2724,2023-06-11,India,Gujarat,Mobile,31,Male,Facebook Ads
2725,2023-06-07,India,Rajasthan,Mobile,35,Male,Google Ads
2726,2023-03-23,India,Delhi,Mobile,33,Male,Organic
2727,2023-05-27,India,Delhi,Mobile,41,Female,Facebook Ads
2728,2023-06-08,India,Gujarat,Desktop,30,Female,Facebook Ads
2729,2023-03-01,India,Odisha,Mobile,18,Female,Organic
2730,2023-05-27,India,Delhi,Mobile,55,Male,Google Ads
2731,2023-02-18,India,Tamil Nadu,Desktop,31,Male,Organic
2732,2023-03-04,India,Delhi,Desktop,34,Male,Facebook Ads
2733,2023-04-20,India,Tamil Nadu,Mobile,30,Female,Facebook Ads
2734,2023-05-30,India,West Bengal,Mobile,30,Female,Referral
2735,2023-06-01,India,Rajasthan,Mobile,26,Female,Google Ads
2736,2023-04-19,India,Telangana,Mobile,23,Female,Organic
2737,2023-03-17,India,Rajasthan,Desktop,23,Male,Google Ads
2738,2023-01-30,India,Delhi,Desktop,47,Male,Google Ads
2739,2023-02-27,India,Delhi,Desktop,54,Male,Facebook Ads
2740,2023-04-27,India,Gujarat,Mobile,31,Male,Referral
2741,2023-06-08,India,Telangana,Mobile,21,Male,Organic
2742,2023-04-10,India,Delhi,Desktop,51,Female,Organic
2743,2023-01-19,India,Maharashtra,Mobile,19,Male,Referral
2744,2023-06-25,India,Maharashtra,Mobile,34,Female,Referral
2745,2023-06-22,India,Odisha,Desktop,59,Female,Facebook Ads
2746,2023-04-04,India,West Bengal,Mobile,31,Male,Facebook Ads
2747,2023-04-23,India,Tamil Nadu,Mobile,34,Male,Organic
2748,2023-05-26,India,Rajasthan,Desktop,47,Female,Referral
2749,2023-03-04,India,West Bengal,Mobile,46,Female,Google Ads
2750,2023-04-26,India,Tamil Nadu,Mobile,24,Female,Google Ads
2751,2023-04-23,India,Tamil Nadu,Mobile,26,Female,Referral
2752,2023-02-16,India,Karnataka,Mobile,40,Male,Organic
2753,2023-02-26,India,Delhi,Mobile,53,Female,Google Ads
2754,2023-04-28,India,Odisha,Mobile,31,Male,Google Ads
2755,2023-02-14,India,Delhi,Mobile,37,Male,Referral
2756,2023-06-10,India,Odisha,Desktop,34,Male,Facebook Ads
2757,2023-05-25,India,West Bengal,Mobile,49,Male,Google Ads
2758,2023-01-04,India,Gujarat,Desktop,42,Female,Facebook Ads
2759,2023-05-28,India,Gujarat,Mobile,47,Female,Google Ads
2760,2023-02-16,India,West Bengal,Mobile,44,Male,Organic
2761,2023-05-23,India,Telangana,Mobile,44,Female,Facebook Ads
2762,2023-02-16,India,Maharashtra,Mobile,48,Male,Organic
2763,2023-03-19,India,Tamil Nadu,Desktop,43,Male,Facebook Ads
2764,2023-05-04,India,Odisha,Mobile,31,Female,Referral
2765,2023-03-16,India,Uttar Pradesh,Mobile,38,Female,Referral
2766,2023-04-13,India,Delhi,Mobile,45,Female,Google Ads
2767,2023-05-17,India,West Bengal,Mobile,32,Female,Organic
2768,2023-03-31,India,Tamil Nadu,Mobile,47,Male,Facebook Ads
2769,2023-05-24,India,Odisha,Mobile,42,Male,Organic
2770,2023-03-10,India,Rajasthan,Mobile,28,Male,Organic
2771,2023-03-02,India,Telangana,Mobile,28,Female,Google Ads
2772,2023-05-18,India,Delhi,Mobile,45,Female,Referral
2773,2023-02-19,India,Gujarat,Mobile,22,Male,Facebook Ads
2774,2023-01-03,India,West Bengal,Mobile,45,Female,Google Ads
2775,2023-04-17,India,Gujarat,Mobile,25,Male,Organic
2776,2023-04-23,India,Odisha,Desktop,43,Male,Referral
2777,2023-04-04,India,Gujarat,Desktop,23,Male,Referral
2778,2023-04-28,India,Delhi,Desktop,49,Female,Facebook Ads
2779,2023-03-22,India,Maharashtra,Mobile,49,Female,Referral
2780,2023-04-19,India,Tamil Nadu,Desktop,29,Male,Organic
2781,2023-02-20,India,Maharashtra,Mobile,23,Female,Referral
2782,2023-05-27,India,West Bengal,Desktop,30,Female,Organic
2783,2023-06-19,India,Maharashtra,Mobile,56,Female,Facebook Ads
2784,2023-02-04,India,Karnataka,Mobile,57,Male,Organic
2785,2023-02-15,India,Tamil Nadu,Mobile,51,Female,Referral
2786,2023-06-03,India,Odisha,Mobile,40,Female,Referral
2787,2023-03-10,India,Tamil Nadu,Desktop,58,Female,Facebook Ads
2788,2023-04-03,India,Karnataka,Desktop,34,Male,Facebook Ads
2789,2023-03-05,India,Uttar Pradesh,Desktop,18,Male,Referral
2790,2023-06-14,India,Maharashtra,Mobile,24,Male,Facebook Ads
2791,2023-02-18,India,Tamil Nadu,Mobile,30,Female,Organic
2792,2023-05-29,India,Gujarat,Mobile,31,Male,Google Ads
2793,2023-03-15,India,Odisha,Desktop,34,Female,Organic
2794,2023-01-05,India,Rajasthan,Mobile,47,Male,Organic
2795,2023-04-10,India,West Bengal,Desktop,51,Female,Facebook Ads
2796,2023-03-11,India,West Bengal,Mobile,44,Male,Google Ads
2797,2023-03-31,India,West Bengal,Mobile,42,Male,Referral
2798,2023-01-04,India,Tamil Nadu,Desktop,52,Female,Facebook Ads
2799,2023-05-06,India,Maharashtra,Mobile,26,Male,Organic
2800,2023-02-08,India,Tamil Nadu,Mobile,23,Female,Google Ads
2801,2023-06-12,India,Delhi,Mobile,43,Female,Facebook Ads
2802,2023-05-09,India,Gujarat,Desktop,55,Female,Organic
2803,2023-01-24,India,Rajasthan,Mobile,56,Female,Organic
2804,2023-02-26,India,Rajasthan,Mobile,44,Female,Referral
2805,2023-04-10,India,Gujarat,Mobile,57,Female,Referral
2806,2023-03-11,India,Karnataka,Mobile,48,Male,Google Ads
2807,2023-02-10,India,Telangana,Mobile,20,Male,Organic
2808,2023-06-23,India,Delhi,Mobile,41,Male,Organic
2809,2023-03-01,India,Odisha,Desktop,32,Male,Referral
2810,2023-04-18,India,Rajasthan,Desktop,23,Male,Organic
2811,2023-02-26,India,West Bengal,Mobile,28,Male,Referral
2812,2023-01-31,India,Tamil Nadu,Desktop,47,Female,Organic
2813,2023-03-25,India,Karnataka,Mobile,52,Female,Referral
2814,2023-06-01,India,Telangana,Mobile,55,Female,Referral
2815,2023-02-05,India,Gujarat,Mobile,57,Male,Google Ads
2816,2023-06-07,India,Uttar Pradesh,Mobile,46,Female,Organic
2817,2023-06-01,India,Odisha,Mobile,40,Female,Organic
2818,2023-04-18,India,Telangana,Mobile,59,Female,Referral
2819,2023-04-16,India,West Bengal,Desktop,59,Female,Organic
2820,2023-06-07,India,Telangana,Mobile,20,Male,Referral
2821,2023-03-27,India,Rajasthan,Mobile,43,Female,Google Ads
2822,2023-05-15,India,Tamil Nadu,Mobile,31,Female,Google Ads
2823,2023-06-12,India,Gujarat,Mobile,36,Female,Referral
2824,2023-01-14,India,Telangana,Mobile,38,Male,Facebook Ads
2825,2023-04-30,India,Odisha,Mobile,38,Male,Google Ads
2826,2023-05-18,India,Telangana,Desktop,26,Female,Organic
2827,2023-03-21,India,Uttar Pradesh,Desktop,30,Female,Referral
2828,2023-05-24,India,Karnataka,Mobile,58,Male,Referral
2829,2023-04-16,India,Rajasthan,Mobile,54,Male,Google Ads
2830,2023-03-11,India,Tamil Nadu,Desktop,55,Female,Referral
2831,2023-02-13,India,West Bengal,Mobile,41,Male,Google Ads
2832,2023-03-14,India,Gujarat,Mobile,55,Male,Referral
2833,2023-02-14,India,Gujarat,Mobile,28,Male,Google Ads
2834,2023-04-17,India,Karnataka,Mobile,46,Female,Organic
2835,2023-03-25,India,Maharashtra,Desktop,55,Male,Facebook Ads
2836,2023-03-23,India,Maharashtra,Mobile,58,Male,Facebook Ads
2837,2023-04-17,India,West Bengal,Mobile,34,Female,Facebook Ads
2838,2023-01-21,India,Telangana,Mobile,43,Female,Facebook Ads
2839,2023-06-27,India,Uttar Pradesh,Mobile,43,Female,Google Ads
2840,2023-06-10,India,Gujarat,Desktop,29,Male,Referral
2841,2023-01-07,India,Telangana,Mobile,35,Male,Facebook Ads
2842,2023-03-11,India,Gujarat,Mobile,26,Female,Referral
2843,2023-05-07,India,Gujarat,Desktop,20,Female,Google Ads
2844,2023-05-23,India,Telangana,Mobile,27,Female,Google Ads
2845,2023-06-09,India,Karnataka,Mobile,19,Female,Facebook Ads
2846,2023-05-28,India,Maharashtra,Mobile,25,Female,Organic
2847,2023-05-23,India,Delhi,Mobile,35,Male,Facebook Ads
2848,2023-06-25,India,Odisha,Mobile,56,Male,Referral
2849,2023-05-29,India,Karnataka,Mobile,48,Female,Facebook Ads
2850,2023-06-19,India,Rajasthan,Mobile,31,Male,Google Ads
2851,2023-06-03,India,Uttar Pradesh,Desktop,56,Female,Google Ads
2852,2023-04-30,India,Uttar Pradesh,Mobile,50,Male,Referral
2853,2023-05-08,India,Odisha,Mobile,46,Male,Referral
2854,2023-05-22,India,Uttar Pradesh,Mobile,50,Female,Referral
2855,2023-02-26,India,Telangana,Desktop,52,Female,Facebook Ads
2856,2023-06-14,India,Uttar Pradesh,Mobile,19,Female,Facebook Ads
2857,2023-02-27,India,Delhi,Desktop,52,Female,Organic
2858,2023-01-21,India,Uttar Pradesh,Mobile,49,Male,Referral
2859,2023-03-23,India,Gujarat,Desktop,53,Male,Organic
2860,2023-03-10,India,Karnataka,Mobile,40,Female,Organic
2861,2023-05-11,India,Telangana,Mobile,22,Male,Google Ads
2862,2023-03-28,India,Maharashtra,Mobile,33,Female,Organic
2863,2023-06-14,India,Uttar Pradesh,Desktop,57,Female,Google Ads
2864,2023-02-18,India,West Bengal,Mobile,41,Female,Referral
2865,2023-05-27,India,West Bengal,Mobile,57,Female,Google Ads
2866,2023-04-25,India,West Bengal,Mobile,45,Female,Referral
2867,2023-03-30,India,Uttar Pradesh,Desktop,42,Male,Facebook Ads
2868,2023-03-26,India,Rajasthan,Desktop,24,Male,Organic
2869,2023-05-08,India,Gujarat,Mobile,55,Male,Referral
2870,2023-05-20,India,Tamil Nadu,Mobile,24,Female,Facebook Ads
2871,2023-06-18,India,Uttar Pradesh,Mobile,39,Female,Facebook Ads
2872,2023-06-10,India,Rajasthan,Desktop,39,Male,Referral
2873,2023-06-27,India,Tamil Nadu,Desktop,44,Male,Google Ads
2874,2023-04-27,India,Odisha,Mobile,50,Female,Referral
2875,2023-05-07,India,Delhi,Mobile,49,Male,Organic
2876,2023-03-12,India,Gujarat,Desktop,56,Female,Facebook Ads
2877,2023-03-27,India,Uttar Pradesh,Desktop,49,Female,Google Ads
2878,2023-02-02,India,Karnataka,Mobile,18,Female,Referral
2879,2023-03-22,India,Telangana,Mobile,27,Male,Referral
2880,2023-06-01,India,Karnataka,Mobile,21,Female,Facebook Ads
2881,2023-03-02,India,Karnataka,Mobile,46,Female,Referral
2882,2023-03-02,India,Odisha,Mobile,24,Male,Organic
2883,2023-04-08,India,Telangana,Mobile,55,Female,Google Ads
2884,2023-01-28,India,Odisha,Mobile,23,Female,Organic
2885,2023-02-12,India,Tamil Nadu,Mobile,28,Male,Facebook Ads
2886,2023-06-18,India,Odisha,Mobile,26,Male,Google Ads
2887,2023-06-16,India,West Bengal,Mobile,47,Female,Facebook Ads
2888,2023-03-27,India,Delhi,Desktop,39,Male,Facebook Ads
2889,2023-06-26,India,West Bengal,Mobile,56,Male,Organic
2890,2023-01-17,India,Uttar Pradesh,Mobile,26,Female,Google Ads
2891,2023-04-08,India,Tamil Nadu,Mobile,55,Female,Facebook Ads
2892,2023-04-08,India,Rajasthan,Desktop,50,Female,Organic
2893,2023-03-06,India,Tamil Nadu,Desktop,43,Female,Organic
2894,2023-03-15,India,Rajasthan,Mobile,33,Female,Google Ads
2895,2023-03-26,India,Delhi,Desktop,26,Female,Referral
2896,2023-01-05,India,Odisha,Mobile,40,Male,Referral
2897,2023-01-02,India,Odisha,Desktop,32,Female,Facebook Ads
2898,2023-01-22,India,Telangana,Mobile,36,Male,Referral
2899,2023-04-22,India,Uttar Pradesh,Mobile,59,Male,Google Ads
2900,2023-02-26,India,Karnataka,Mobile,33,Female,Referral
2901,2023-03-07,India,Maharashtra,Mobile,42,Male,Google Ads
2902,2023-03-15,India,Tamil Nadu,Mobile,52,Female,Facebook Ads
2903,2023-04-08,India,Tamil Nadu,Desktop,30,Male,Referral
2904,2023-05-24,India,Uttar Pradesh,Desktop,24,Male,Google Ads
2905,2023-04-22,India,West Bengal,Mobile,51,Male,Google Ads
2906,2023-06-28,India,Gujarat,Mobile,31,Male,Google Ads
2907,2023-05-05,India,Uttar Pradesh,Mobile,40,Male,Organic
2908,2023-06-16,India,Maharashtra,Mobile,40,Male,Facebook Ads
2909,2023-03-27,India,Odisha,Mobile,34,Female,Google Ads
2910,2023-03-17,India,Rajasthan,Mobile,30,Male,Organic
2911,2023-03-29,India,West Bengal,Desktop,44,Female,Organic
2912,2023-06-17,India,West Bengal,Mobile,19,Female,Google Ads
2913,2023-02-07,India,Telangana,Mobile,54,Male,Facebook Ads
2914,2023-02-28,India,Delhi,Mobile,47,Male,Referral
2915,2023-05-18,India,Maharashtra,Mobile,21,Male,Organic
2916,2023-04-09,India,West Bengal,Mobile,47,Female,Google Ads
2917,2023-03-04,India,Maharashtra,Desktop,20,Male,Facebook Ads
2918,2023-02-18,India,Uttar Pradesh,Mobile,31,Female,Facebook Ads
2919,2023-02-01,India,Rajasthan,Mobile,28,Male,Google Ads
2920,2023-05-15,India,Rajasthan,Desktop,57,Male,Organic
2921,2023-01-21,India,Tamil Nadu,Mobile,40,Female,Referral
2922,2023-01-20,India,Odisha,Desktop,58,Male,Facebook Ads
2923,2023-06-03,India,Tamil Nadu,Mobile,49,Female,Referral
2924,2023-05-07,India,West Bengal,Mobile,20,Male,Facebook Ads
2925,2023-03-09,India,Delhi,Desktop,59,Male,Facebook Ads
2926,2023-04-20,India,Tamil Nadu,Desktop,18,Male,Facebook Ads
2927,2023-04-26,India,Tamil Nadu,Mobile,26,Male,Organic
2928,2023-05-23,India,Tamil Nadu,Mobile,26,Male,Organic
2929,2023-04-30,India,Maharashtra,Desktop,29,Female,Google Ads
2930,2023-03-20,India,Uttar Pradesh,Mobile,18,Female,Referral
2931,2023-04-26,India,Delhi,Mobile,33,Female,Referral
2932,2023-04-02,India,Rajasthan,Desktop,47,Female,Google Ads
2933,2023-01-14,India,Telangana,Mobile,25,Female,Organic
2934,2023-06-04,India,Maharashtra,Desktop,27,Male,Referral
2935,2023-05-05,India,West Bengal,Desktop,50,Male,Google Ads
2936,2023-06-17,India,Delhi,Mobile,55,Male,Facebook Ads
2937,2023-02-27,India,Rajasthan,Desktop,58,Male,Referral
2938,2023-01-28,India,Delhi,Mobile,39,Male,Organic
2939,2023-01-26,India,Gujarat,Mobile,33,Female,Referral
2940,2023-04-23,India,Gujarat,Mobile,36,Female,Facebook Ads
2941,2023-03-07,India,Tamil Nadu,Desktop,28,Female,Organic
2942,2023-06-02,India,Tamil Nadu,Desktop,28,Female,Organic
2943,2023-05-11,India,Gujarat,Mobile,31,Female,Google Ads
2944,2023-02-13,India,Telangana,Mobile,56,Male,Organic
2945,2023-04-07,India,Rajasthan,Desktop,43,Male,Google Ads
2946,2023-02-11,India,West Bengal,Mobile,37,Male,Organic
2947,2023-01-06,India,Odisha,Mobile,37,Male,Facebook Ads
2948,2023-06-16,India,Odisha,Mobile,22,Female,Facebook Ads
2949,2023-06-29,India,Maharashtra,Desktop,18,Female,Facebook Ads
2950,2023-01-23,India,Telangana,Desktop,28,Male,Facebook Ads
2951,2023-03-30,India,Telangana,Desktop,27,Male,Facebook Ads
2952,2023-05-03,India,West Bengal,Mobile,45,Male,Referral
2953,2023-06-27,India,Delhi,Desktop,51,Male,Facebook Ads
2954,2023-06-20,India,Odisha,Mobile,30,Male,Organic
2955,2023-05-27,India,Delhi,Desktop,42,Male,Google Ads
2956,2023-02-20,India,Delhi,Mobile,40,Female,Referral
2957,2023-01-11,India,Telangana,Mobile,53,Female,Organic
2958,2023-01-12,India,Delhi,Mobile,29,Female,Facebook Ads
2959,2023-03-15,India,Odisha,Mobile,19,Female,Facebook Ads
2960,2023-01-08,India,Rajasthan,Desktop,37,Male,Organic
2961,2023-06-01,India,Karnataka,Desktop,33,Male,Referral
2962,2023-02-10,India,Delhi,Mobile,31,Male,Google Ads
2963,2023-06-13,India,West Bengal,Desktop,19,Male,Google Ads
2964,2023-03-26,India,Uttar Pradesh,Mobile,33,Female,Google Ads
2965,2023-03-13,India,Tamil Nadu,Desktop,21,Male,Google Ads
2966,2023-02-24,India,West Bengal,Desktop,30,Male,Facebook Ads
2967,2023-05-17,India,Gujarat,Desktop,55,Female,Referral
2968,2023-02-16,India,Odisha,Mobile,18,Male,Facebook Ads
2969,2023-05-23,India,Uttar Pradesh,Mobile,26,Female,Referral
2970,2023-06-25,India,Tamil Nadu,Desktop,38,Male,Google Ads
2971,2023-04-14,India,West Bengal,Mobile,35,Female,Organic
2972,2023-02-11,India,Uttar Pradesh,Desktop,49,Female,Organic
2973,2023-03-01,India,Karnataka,Desktop,51,Male,Facebook Ads
2974,2023-01-12,India,Odisha,Mobile,37,Male,Organic
2975,2023-05-10,India,Rajasthan,Desktop,19,Female,Facebook Ads
2976,2023-01-07,India,Maharashtra,Desktop,21,Male,Facebook Ads
2977,2023-03-21,India,Telangana,Mobile,55,Female,Referral
2978,2023-05-11,India,Karnataka,Mobile,24,Male,Google Ads
2979,2023-04-19,India,Gujarat,Desktop,39,Female,Google Ads
2980,2023-01-03,India,Telangana,Mobile,37,Male,Google Ads
2981,2023-01-27,India,Rajasthan,Mobile,52,Female,Google Ads
2982,2023-04-24,India,Karnataka,Desktop,21,Female,Referral
2983,2023-04-17,India,Tamil Nadu,Mobile,37,Male,Google Ads
2984,2023-02-09,India,Uttar Pradesh,Desktop,52,Male,Google Ads
2985,2023-06-10,India,Odisha,Mobile,50,Female,Organic
2986,2023-05-09,India,Uttar Pradesh,Mobile,38,Female,Google Ads
2987,2023-01-08,India,Delhi,Desktop,31,Female,Google Ads
2988,2023-04-11,India,West Bengal,Mobile,48,Male,Facebook Ads
2989,2023-06-09,India,Gujarat,Desktop,39,Female,Facebook Ads
2990,2023-05-04,India,Delhi,Desktop,47,Female,Google Ads
2991,2023-06-25,India,Delhi,Desktop,46,Male,Facebook Ads
2992,2023-04-17,India,Gujarat,Mobile,53,Female,Organic
2993,2023-04-11,India,West Bengal,Mobile,59,Male,Organic
2994,2023-01-04,India,Tamil Nadu,Desktop,46,Female,Organic
2995,2023-04-20,India,West Bengal,Mobile,24,Male,Referral
2996,2023-01-19,India,Odisha,Mobile,49,Male,Organic
2997,2023-02-01,India,Uttar Pradesh,Mobile,30,Male,Google Ads
2998,2023-05-17,India,Tamil Nadu,Mobile,30,Male,Organic
2999,2023-01-12,India,Maharashtra,Desktop,31,Male,Organic
3000,2023-05-19,India,Uttar Pradesh,Desktop,23,Male,Organic
3001,2023-02-15,India,Tamil Nadu,Desktop,33,Female,Organic
3002,2023-04-29,India,West Bengal,Mobile,58,Male,Facebook Ads
3003,2023-01-16,India,Gujarat,Desktop,38,Female,Organic
3004,2023-05-09,India,West Bengal,Mobile,33,Male,Organic
3005,2023-03-04,India,Maharashtra,Mobile,22,Male,Facebook Ads
3006,2023-04-19,India,Tamil Nadu,Mobile,41,Female,Facebook Ads
3007,2023-04-29,India,Odisha,Desktop,18,Male,Referral
3008,2023-01-21,India,West Bengal,Desktop,27,Female,Google Ads
3009,2023-06-07,India,Tamil Nadu,Desktop,52,Female,Referral
3010,2023-01-13,India,Uttar Pradesh,Desktop,48,Female,Facebook Ads
3011,2023-06-11,India,Maharashtra,Desktop,32,Male,Facebook Ads
3012,2023-01-04,India,Odisha,Mobile,28,Female,Facebook Ads
3013,2023-06-05,India,Tamil Nadu,Desktop,26,Female,Referral
3014,2023-04-12,India,Karnataka,Mobile,19,Female,Organic
3015,2023-02-28,India,West Bengal,Mobile,47,Male,Google Ads
3016,2023-05-08,India,Maharashtra,Mobile,33,Male,Google Ads
3017,2023-01-27,India,Odisha,Mobile,18,Male,Organic
3018,2023-03-10,India,Odisha,Mobile,23,Male,Google Ads
3019,2023-01-25,India,Delhi,Mobile,28,Male,Organic
3020,2023-05-11,India,Telangana,Mobile,50,Female,Referral
3021,2023-04-07,India,Maharashtra,Desktop,34,Female,Facebook Ads
3022,2023-01-25,India,Odisha,Desktop,51,Female,Organic
3023,2023-05-28,India,Tamil Nadu,Mobile,57,Female,Organic
3024,2023-06-11,India,Delhi,Mobile,42,Male,Facebook Ads
3025,2023-06-03,India,Telangana,Mobile,39,Male,Facebook Ads
3026,2023-05-06,India,Uttar Pradesh,Mobile,43,Male,Google Ads
3027,2023-05-13,India,Tamil Nadu,Mobile,44,Male,Organic
3028,2023-01-09,India,West Bengal,Desktop,55,Female,Facebook Ads
3029,2023-04-26,India,Telangana,Mobile,26,Female,Google Ads
3030,2023-06-27,India,Maharashtra,Mobile,54,Female,Referral
3031,2023-05-14,India,West Bengal,Mobile,22,Male,Organic
3032,2023-03-01,India,Rajasthan,Mobile,35,Female,Referral
3033,2023-06-21,India,Rajasthan,Mobile,39,Female,Facebook Ads
3034,2023-05-01,India,Maharashtra,Mobile,29,Male,Facebook Ads
3035,2023-05-19,India,Uttar Pradesh,Desktop,39,Male,Organic
3036,2023-06-24,India,Telangana,Mobile,23,Female,Referral
3037,2023-04-18,India,Delhi,Mobile,53,Male,Facebook Ads
3038,2023-04-18,India,Karnataka,Mobile,44,Female,Organic
3039,2023-05-11,India,Odisha,Mobile,32,Female,Organic
3040,2023-03-17,India,Karnataka,Mobile,34,Female,Organic
3041,2023-01-30,India,Rajasthan,Mobile,20,Female,Facebook Ads
3042,2023-01-21,India,Rajasthan,Mobile,27,Female,Facebook Ads
3043,2023-06-05,India,Uttar Pradesh,Mobile,42,Male,Organic
3044,2023-06-10,India,Karnataka,Mobile,38,Male,Google Ads
3045,2023-06-12,India,Karnataka,Mobile,57,Male,Organic
3046,2023-06-29,India,Delhi,Mobile,26,Female,Organic
3047,2023-02-03,India,Uttar Pradesh,Mobile,41,Female,Organic
3048,2023-02-10,India,Uttar Pradesh,Mobile,49,Male,Google Ads
3049,2023-02-20,India,Maharashtra,Mobile,20,Male,Referral
3050,2023-06-24,India,West Bengal,Mobile,50,Male,Facebook Ads
3051,2023-03-23,India,Uttar Pradesh,Mobile,29,Female,Facebook Ads
3052,2023-02-27,India,Uttar Pradesh,Mobile,46,Male,Referral
3053,2023-03-16,India,Tamil Nadu,Mobile,38,Male,Organic
3054,2023-01-23,India,Telangana,Mobile,56,Female,Organic
3055,2023-06-25,India,Telangana,Desktop,51,Male,Facebook Ads
3056,2023-05-08,India,Gujarat,Desktop,50,Male,Organic
3057,2023-05-30,India,Karnataka,Desktop,49,Female,Referral
3058,2023-01-17,India,Odisha,Desktop,37,Female,Facebook Ads
3059,2023-03-10,India,Karnataka,Desktop,20,Male,Google Ads
3060,2023-04-18,India,Maharashtra,Desktop,21,Female,Organic
3061,2023-05-19,India,Maharashtra,Mobile,34,Male,Referral
3062,2023-04-04,India,Maharashtra,Mobile,34,Male,Facebook Ads
3063,2023-01-15,India,West Bengal,Mobile,36,Male,Facebook Ads
3064,2023-04-01,India,Odisha,Mobile,21,Male,Google Ads
3065,2023-06-12,India,Telangana,Desktop,46,Female,Organic
3066,2023-02-02,India,Delhi,Mobile,34,Female,Google Ads
3067,2023-05-05,India,Telangana,Desktop,39,Female,Referral
3068,2023-01-16,India,West Bengal,Mobile,19,Male,Facebook Ads
3069,2023-06-11,India,Maharashtra,Mobile,59,Male,Facebook Ads
3070,2023-03-07,India,West Bengal,Mobile,29,Male,Google Ads
3071,2023-06-17,India,Telangana,Mobile,28,Female,Google Ads
3072,2023-06-05,India,Delhi,Mobile,57,Male,Google Ads
3073,2023-02-16,India,Gujarat,Desktop,46,Male,Organic
3074,2023-06-16,India,Odisha,Desktop,37,Male,Facebook Ads
3075,2023-05-28,India,West Bengal,Desktop,22,Female,Organic
3076,2023-05-04,India,Telangana,Mobile,42,Male,Referral
3077,2023-01-01,India,Odisha,Desktop,51,Male,Organic
3078,2023-03-28,India,Telangana,Mobile,29,Female,Google Ads
3079,2023-05-08,India,Telangana,Mobile,45,Female,Referral
3080,2023-03-08,India,Delhi,Desktop,51,Male,Referral
3081,2023-01-04,India,Gujarat,Mobile,23,Male,Organic
3082,2023-06-02,India,Odisha,Mobile,36,Female,Organic
3083,2023-02-16,India,Maharashtra,Mobile,29,Female,Google Ads
3084,2023-02-07,India,Odisha,Desktop,42,Female,Google Ads
3085,2023-05-23,India,Uttar Pradesh,Mobile,30,Male,Referral
3086,2023-01-21,India,Maharashtra,Mobile,34,Female,Google Ads
3087,2023-02-26,India,Odisha,Mobile,29,Male,Facebook Ads
3088,2023-04-27,India,Tamil Nadu,Desktop,20,Female,Facebook Ads
3089,2023-02-15,India,Tamil Nadu,Desktop,41,Male,Referral
3090,2023-05-22,India,Telangana,Mobile,25,Male,Organic
3091,2023-05-25,India,Maharashtra,Mobile,53,Female,Organic
3092,2023-02-08,India,Odisha,Mobile,43,Female,Facebook Ads
3093,2023-05-17,India,Telangana,Mobile,25,Male,Organic
3094,2023-04-09,India,Karnataka,Desktop,49,Female,Google Ads
3095,2023-03-18,India,Telangana,Mobile,49,Male,Facebook Ads
3096,2023-04-25,India,West Bengal,Mobile,18,Male,Referral
3097,2023-05-14,India,Tamil Nadu,Desktop,20,Female,Organic
3098,2023-05-31,India,Karnataka,Mobile,18,Male,Referral
3099,2023-04-01,India,Rajasthan,Desktop,32,Female,Referral
3100,2023-04-08,India,West Bengal,Desktop,37,Male,Organic
3101,2023-04-30,India,Maharashtra,Desktop,20,Male,Organic
3102,2023-02-15,India,Telangana,Mobile,32,Female,Facebook Ads
3103,2023-02-07,India,Tamil Nadu,Mobile,54,Male,Facebook Ads
3104,2023-05-22,India,Gujarat,Desktop,38,Male,Referral
3105,2023-04-10,India,Tamil Nadu,Mobile,59,Male,Referral
3106,2023-03-13,India,Delhi,Mobile,56,Female,Facebook Ads
3107,2023-02-04,India,Tamil Nadu,Mobile,40,Female,Referral
3108,2023-05-27,India,Gujarat,Mobile,57,Male,Google Ads
3109,2023-01-30,India,Gujarat,Desktop,52,Male,Organic
3110,2023-03-19,India,Telangana,Mobile,35,Male,Organic
3111,2023-03-25,India,Maharashtra,Mobile,34,Female,Google Ads
3112,2023-04-23,India,Gujarat,Desktop,48,Male,Facebook Ads
3113,2023-01-25,India,Tamil Nadu,Desktop,43,Male,Facebook Ads
3114,2023-06-17,India,Maharashtra,Mobile,39,Female,Referral
3115,2023-03-29,India,Odisha,Mobile,53,Female,Referral
3116,2023-01-14,India,Tamil Nadu,Mobile,52,Male,Facebook Ads
3117,2023-06-03,India,Uttar Pradesh,Mobile,28,Female,Referral
3118,2023-04-12,India,Telangana,Desktop,44,Male,Google Ads
3119,2023-05-30,India,West Bengal,Mobile,51,Female,Organic
3120,2023-06-25,India,Telangana,Mobile,35,Female,Google Ads
3121,2023-03-24,India,Gujarat,Mobile,44,Female,Organic
3122,2023-04-20,India,Rajasthan,Mobile,21,Female,Organic
3123,2023-06-28,India,Delhi,Mobile,34,Male,Referral
3124,2023-05-11,India,Uttar Pradesh,Mobile,23,Male,Referral
3125,2023-06-19,India,Gujarat,Desktop,59,Female,Organic
3126,2023-01-19,India,Tamil Nadu,Mobile,28,Male,Referral
3127,2023-01-28,India,Maharashtra,Desktop,22,Male,Google Ads
3128,2023-06-22,India,Uttar Pradesh,Mobile,35,Male,Facebook Ads
3129,2023-03-12,India,Rajasthan,Mobile,42,Female,Referral
3130,2023-03-04,India,West Bengal,Mobile,27,Female,Referral
3131,2023-03-14,India,Maharashtra,Mobile,58,Male,Referral
3132,2023-05-04,India,Delhi,Mobile,33,Male,Facebook Ads
3133,2023-04-29,India,Karnataka,Mobile,27,Male,Google Ads
3134,2023-05-01,India,Delhi,Desktop,27,Male,Organic
3135,2023-01-19,India,Telangana,Desktop,53,Female,Google Ads
3136,2023-06-24,India,Uttar Pradesh,Mobile,38,Male,Referral
3137,2023-05-22,India,Telangana,Mobile,31,Male,Facebook Ads
3138,2023-04-30,India,Gujarat,Desktop,25,Male,Google Ads
3139,2023-06-15,India,Odisha,Mobile,18,Male,Referral
3140,2023-03-02,India,Gujarat,Desktop,33,Male,Referral
3141,2023-06-13,India,West Bengal,Desktop,43,Female,Organic
3142,2023-06-17,India,Uttar Pradesh,Mobile,59,Female,Facebook Ads
3143,2023-01-30,India,Odisha,Mobile,23,Female,Organic
3144,2023-01-09,India,Maharashtra,Mobile,56,Female,Google Ads
3145,2023-03-05,India,Odisha,Desktop,19,Female,Organic
3146,2023-06-10,India,West Bengal,Mobile,26,Male,Google Ads
3147,2023-04-30,India,Tamil Nadu,Desktop,22,Female,Referral
3148,2023-02-21,India,Telangana,Mobile,57,Female,Facebook Ads
3149,2023-03-30,India,Rajasthan,Mobile,22,Female,Facebook Ads
3150,2023-05-22,India,Gujarat,Mobile,25,Male,Referral
3151,2023-02-22,India,Uttar Pradesh,Mobile,22,Male,Facebook Ads
3152,2023-03-19,India,West Bengal,Mobile,22,Male,Organic
3153,2023-02-10,India,Karnataka,Mobile,34,Male,Google Ads
3154,2023-03-09,India,Rajasthan,Mobile,26,Female,Google Ads
3155,2023-01-08,India,West Bengal,Mobile,51,Female,Google Ads
3156,2023-01-02,India,Karnataka,Mobile,50,Female,Organic
3157,2023-04-15,India,Karnataka,Desktop,39,Male,Google Ads
3158,2023-05-05,India,Karnataka,Mobile,38,Female,Facebook Ads
3159,2023-04-20,India,Tamil Nadu,Mobile,32,Female,Google Ads
3160,2023-03-27,India,Odisha,Desktop,18,Male,Organic
3161,2023-06-18,India,Delhi,Desktop,24,Male,Facebook Ads
3162,2023-04-30,India,Gujarat,Mobile,40,Female,Referral
3163,2023-05-07,India,Karnataka,Mobile,23,Female,Facebook Ads
3164,2023-01-16,India,West Bengal,Desktop,37,Female,Organic
3165,2023-03-03,India,Maharashtra,Desktop,43,Female,Facebook Ads
3166,2023-04-23,India,Maharashtra,Desktop,59,Female,Google Ads
3167,2023-06-25,India,Uttar Pradesh,Mobile,29,Female,Organic
3168,2023-06-07,India,Telangana,Mobile,30,Male,Referral
3169,2023-01-12,India,Karnataka,Mobile,30,Male,Google Ads
3170,2023-02-04,India,West Bengal,Desktop,19,Female,Organic
3171,2023-01-11,India,Karnataka,Mobile,49,Male,Organic
3172,2023-03-05,India,Tamil Nadu,Mobile,48,Female,Referral
3173,2023-02-19,India,Telangana,Desktop,28,Female,Referral
3174,2023-05-29,India,Karnataka,Mobile,54,Male,Organic
3175,2023-03-10,India,Gujarat,Mobile,21,Male,Referral
3176,2023-02-17,India,Maharashtra,Mobile,51,Female,Referral
3177,2023-01-20,India,Karnataka,Mobile,33,Male,Google Ads
3178,2023-04-11,India,Gujarat,Mobile,48,Female,Organic
3179,2023-06-21,India,Gujarat,Mobile,42,Male,Facebook Ads
3180,2023-06-10,India,Odisha,Mobile,56,Female,Google Ads
3181,2023-05-17,India,Gujarat,Mobile,25,Male,Organic
3182,2023-03-09,India,Telangana,Mobile,25,Female,Organic
3183,2023-02-04,India,Maharashtra,Mobile,51,Male,Google Ads
3184,2023-03-06,India,Uttar Pradesh,Mobile,32,Male,Referral
3185,2023-01-08,India,Tamil Nadu,Mobile,22,Male,Facebook Ads
3186,2023-02-14,India,Maharashtra,Mobile,36,Female,Facebook Ads
3187,2023-03-28,India,West Bengal,Mobile,27,Male,Organic
3188,2023-06-24,India,Uttar Pradesh,Mobile,26,Male,Organic
3189,2023-06-17,India,Gujarat,Mobile,46,Female,Facebook Ads
3190,2023-03-17,India,Karnataka,Mobile,57,Female,Organic
3191,2023-03-17,India,Odisha,Mobile,54,Male,Facebook Ads
3192,2023-06-23,India,Uttar Pradesh,Desktop,36,Male,Referral
3193,2023-02-16,India,West Bengal,Mobile,30,Male,Facebook Ads
3194,2023-01-15,India,West Bengal,Mobile,57,Male,Facebook Ads
3195,2023-04-15,India,Uttar Pradesh,Mobile,33,Female,Facebook Ads
3196,2023-05-27,India,Odisha,Desktop,47,Male,Organic
3197,2023-01-26,India,Gujarat,Mobile,22,Female,Referral
3198,2023-02-21,India,Telangana,Mobile,50,Female,Google Ads
3199,2023-04-03,India,West Bengal,Mobile,36,Male,Google Ads
3200,2023-05-30,India,Gujarat,Mobile,36,Female,Facebook Ads
3201,2023-01-21,India,Telangana,Desktop,34,Male,Organic
3202,2023-02-20,India,Telangana,Mobile,41,Female,Google Ads
3203,2023-02-07,India,West Bengal,Desktop,45,Female,Google Ads
3204,2023-01-20,India,Uttar Pradesh,Mobile,59,Female,Facebook Ads
3205,2023-06-06,India,Telangana,Mobile,54,Male,Facebook Ads
3206,2023-06-28,India,Karnataka,Mobile,39,Female,Organic
3207,2023-05-12,India,Maharashtra,Mobile,56,Female,Google Ads
3208,2023-02-24,India,Tamil Nadu,Mobile,33,Female,Facebook Ads
3209,2023-04-02,India,West Bengal,Mobile,52,Female,Referral
3210,2023-01-28,India,Rajasthan,Mobile,44,Female,Referral
3211,2023-01-04,India,Telangana,Desktop,29,Female,Referral
3212,2023-05-30,India,Delhi,Mobile,45,Male,Facebook Ads
3213,2023-03-17,India,Karnataka,Mobile,18,Female,Organic
3214,2023-06-22,India,Rajasthan,Mobile,56,Female,Referral
3215,2023-03-08,India,Gujarat,Mobile,35,Male,Referral
3216,2023-03-27,India,Tamil Nadu,Mobile,40,Female,Referral
3217,2023-06-11,India,Odisha,Desktop,39,Female,Facebook Ads
3218,2023-04-01,India,Telangana,Desktop,21,Male,Facebook Ads
3219,2023-04-15,India,Odisha,Mobile,28,Male,Facebook Ads
3220,2023-01-01,India,Tamil Nadu,Mobile,35,Female,Referral
3221,2023-03-13,India,Karnataka,Mobile,24,Female,Facebook Ads
3222,2023-03-28,India,Karnataka,Desktop,38,Female,Facebook Ads
3223,2023-06-15,India,Tamil Nadu,Mobile,52,Female,Organic
3224,2023-01-06,India,Karnataka,Mobile,54,Male,Facebook Ads
3225,2023-06-02,India,Telangana,Desktop,47,Female,Google Ads
3226,2023-05-25,India,Tamil Nadu,Desktop,34,Male,Facebook Ads
3227,2023-03-02,India,West Bengal,Mobile,50,Female,Facebook Ads
3228,2023-01-12,India,Delhi,Desktop,33,Male,Google Ads
3229,2023-01-06,India,Gujarat,Mobile,32,Female,Google Ads
3230,2023-01-27,India,Maharashtra,Mobile,30,Male,Facebook Ads
3231,2023-05-16,India,Uttar Pradesh,Mobile,56,Male,Organic
3232,2023-05-04,India,Delhi,Desktop,20,Male,Referral
3233,2023-04-16,India,Maharashtra,Mobile,41,Male,Google Ads
3234,2023-04-03,India,Uttar Pradesh,Mobile,40,Male,Organic
3235,2023-04-19,India,Odisha,Desktop,18,Female,Facebook Ads
3236,2023-04-09,India,Delhi,Mobile,49,Female,Facebook Ads
3237,2023-06-17,India,Rajasthan,Desktop,50,Female,Google Ads
3238,2023-05-22,India,Delhi,Mobile,47,Male,Google Ads
3239,2023-02-04,India,Karnataka,Mobile,19,Male,Organic
3240,2023-06-25,India,Telangana,Mobile,35,Female,Facebook Ads
3241,2023-03-25,India,Telangana,Desktop,47,Male,Google Ads
3242,2023-02-25,India,Maharashtra,Mobile,35,Male,Google Ads
3243,2023-06-26,India,Karnataka,Mobile,22,Male,Referral
3244,2023-05-21,India,Odisha,Mobile,22,Male,Google Ads
3245,2023-02-18,India,Telangana,Desktop,25,Female,Organic
3246,2023-02-15,India,Gujarat,Mobile,26,Female,Facebook Ads
3247,2023-04-23,India,Odisha,Mobile,49,Female,Google Ads
3248,2023-05-16,India,Karnataka,Mobile,31,Male,Referral
3249,2023-02-12,India,Karnataka,Desktop,30,Female,Google Ads
3250,2023-05-28,India,Maharashtra,Mobile,35,Male,Google Ads
3251,2023-05-04,India,West Bengal,Mobile,21,Female,Facebook Ads
3252,2023-04-07,India,Telangana,Desktop,39,Female,Referral
3253,2023-03-31,India,Karnataka,Desktop,37,Male,Organic
3254,2023-02-08,India,Karnataka,Mobile,32,Female,Organic
3255,2023-03-26,India,Gujarat,Desktop,24,Male,Facebook Ads
3256,2023-06-26,India,Delhi,Mobile,30,Female,Organic
3257,2023-03-03,India,Delhi,Mobile,51,Female,Organic
3258,2023-04-16,India,Karnataka,Mobile,58,Female,Google Ads
3259,2023-04-17,India,Odisha,Mobile,47,Female,Organic
3260,2023-02-23,India,Gujarat,Desktop,22,Female,Referral
3261,2023-05-06,India,Odisha,Mobile,18,Female,Google Ads
3262,2023-01-09,India,Uttar Pradesh,Mobile,48,Male,Organic
3263,2023-03-29,India,West Bengal,Mobile,37,Female,Referral
3264,2023-02-06,India,Delhi,Mobile,36,Female,Google Ads
3265,2023-02-18,India,Delhi,Mobile,46,Male,Referral
3266,2023-02-10,India,Gujarat,Mobile,55,Male,Facebook Ads
3267,2023-01-17,India,Tamil Nadu,Mobile,27,Female,Facebook Ads
3268,2023-03-29,India,Odisha,Desktop,46,Female,Organic
3269,2023-01-21,India,Telangana,Mobile,48,Male,Referral
3270,2023-02-20,India,Gujarat,Mobile,28,Female,Google Ads
3271,2023-02-28,India,Maharashtra,Mobile,40,Female,Referral
3272,2023-06-16,India,Tamil Nadu,Mobile,47,Female,Referral
3273,2023-02-10,India,Rajasthan,Desktop,42,Male,Facebook Ads
3274,2023-02-08,India,Odisha,Desktop,33,Female,Facebook Ads
3275,2023-05-21,India,Tamil Nadu,Mobile,40,Male,Organic
3276,2023-01-11,India,Gujarat,Mobile,50,Female,Referral
3277,2023-05-27,India,Telangana,Mobile,54,Male,Referral
3278,2023-05-19,India,Maharashtra,Mobile,45,Male,Google Ads
3279,2023-03-18,India,West Bengal,Mobile,44,Female,Google Ads
3280,2023-05-07,India,Tamil Nadu,Desktop,23,Male,Facebook Ads
3281,2023-02-15,India,West Bengal,Desktop,55,Male,Referral
3282,2023-02-14,India,Karnataka,Mobile,54,Female,Organic
3283,2023-01-01,India,Delhi,Desktop,23,Male,Facebook Ads
3284,2023-06-17,India,Uttar Pradesh,Desktop,42,Male,Referral
3285,2023-04-18,India,Delhi,Desktop,30,Male,Facebook Ads
3286,2023-01-19,India,Rajasthan,Desktop,50,Male,Organic
3287,2023-03-17,India,Telangana,Mobile,50,Female,Referral
3288,2023-03-13,India,Maharashtra,Mobile,42,Female,Organic
3289,2023-04-19,India,West Bengal,Desktop,31,Female,Referral
3290,2023-01-12,India,Gujarat,Desktop,57,Male,Referral
3291,2023-06-10,India,West Bengal,Desktop,58,Female,Organic
3292,2023-02-14,India,Telangana,Mobile,59,Male,Google Ads
3293,2023-03-31,India,Gujarat,Mobile,55,Female,Organic
3294,2023-04-13,India,Gujarat,Mobile,26,Male,Organic
3295,2023-01-08,India,Rajasthan,Mobile,35,Female,Facebook Ads
3296,2023-06-02,India,Telangana,Mobile,32,Male,Organic
3297,2023-04-01,India,Tamil Nadu,Mobile,21,Male,Organic
3298,2023-06-23,India,Delhi,Mobile,51,Male,Facebook Ads
3299,2023-03-28,India,Karnataka,Mobile,55,Male,Google Ads
3300,2023-06-07,India,West Bengal,Mobile,34,Female,Organic
3301,2023-06-24,India,Tamil Nadu,Mobile,24,Male,Facebook Ads
3302,2023-06-26,India,Karnataka,Mobile,49,Male,Google Ads
3303,2023-06-24,India,Maharashtra,Mobile,40,Male,Google Ads
3304,2023-03-25,India,Uttar Pradesh,Desktop,37,Female,Organic
3305,2023-03-23,India,West Bengal,Mobile,19,Female,Google Ads
3306,2023-05-26,India,Rajasthan,Mobile,38,Female,Organic
3307,2023-03-09,India,Karnataka,Desktop,29,Male,Google Ads
3308,2023-06-10,India,Gujarat,Mobile,59,Male,Google Ads
3309,2023-05-07,India,Tamil Nadu,Desktop,44,Female,Google Ads
3310,2023-06-13,India,Delhi,Mobile,27,Male,Organic
3311,2023-03-23,India,Rajasthan,Desktop,25,Female,Google Ads
3312,2023-05-27,India,West Bengal,Mobile,38,Male,Referral
3313,2023-06-05,India,Telangana,Desktop,39,Male,Facebook Ads
3314,2023-06-17,India,Tamil Nadu,Desktop,30,Female,Facebook Ads
3315,2023-03-25,India,Rajasthan,Mobile,57,Male,Referral
3316,2023-04-23,India,Uttar Pradesh,Mobile,29,Male,Google Ads
3317,2023-03-17,India,West Bengal,Mobile,34,Male,Referral
3318,2023-05-02,India,Maharashtra,Mobile,26,Female,Organic
3319,2023-05-23,India,Delhi,Mobile,57,Male,Facebook Ads
3320,2023-02-10,India,Maharashtra,Desktop,29,Male,Google Ads
3321,2023-06-16,India,Karnataka,Mobile,26,Male,Facebook Ads
3322,2023-01-02,India,Telangana,Mobile,47,Male,Referral
3323,2023-01-29,India,Karnataka,Desktop,23,Female,Referral
3324,2023-04-15,India,Delhi,Mobile,42,Female,Facebook Ads
3325,2023-02-20,India,Tamil Nadu,Mobile,45,Female,Facebook Ads
3326,2023-03-16,India,Karnataka,Desktop,27,Male,Facebook Ads
3327,2023-01-10,India,Telangana,Desktop,58,Female,Facebook Ads
3328,2023-05-22,India,Odisha,Mobile,45,Female,Referral
3329,2023-02-20,India,Odisha,Desktop,46,Male,Google Ads
3330,2023-04-28,India,Rajasthan,Mobile,53,Male,Facebook Ads
3331,2023-05-01,India,Rajasthan,Mobile,28,Male,Google Ads
3332,2023-02-08,India,West Bengal,Mobile,38,Female,Facebook Ads
3333,2023-01-28,India,Rajasthan,Mobile,55,Male,Organic
3334,2023-01-03,India,Uttar Pradesh,Mobile,43,Female,Google Ads
3335,2023-03-25,India,Rajasthan,Mobile,35,Male,Organic
3336,2023-06-04,India,Uttar Pradesh,Desktop,21,Female,Referral
3337,2023-04-27,India,Rajasthan,Mobile,58,Male,Organic
3338,2023-01-02,India,Maharashtra,Desktop,32,Male,Referral
3339,2023-04-03,India,Gujarat,Mobile,40,Female,Facebook Ads
3340,2023-06-15,India,Uttar Pradesh,Desktop,58,Male,Referral
3341,2023-05-11,India,Tamil Nadu,Mobile,23,Female,Facebook Ads
3342,2023-05-24,India,West Bengal,Mobile,24,Male,Facebook Ads
3343,2023-04-04,India,Delhi,Mobile,32,Female,Facebook Ads
3344,2023-02-09,India,Uttar Pradesh,Desktop,26,Female,Referral
3345,2023-01-02,India,Karnataka,Desktop,47,Male,Facebook Ads
3346,2023-03-22,India,Gujarat,Mobile,45,Male,Organic
3347,2023-06-18,India,Maharashtra,Mobile,47,Male,Organic
3348,2023-01-12,India,Odisha,Mobile,25,Female,Facebook Ads
3349,2023-06-12,India,Maharashtra,Desktop,52,Female,Facebook Ads
3350,2023-03-06,India,Rajasthan,Desktop,52,Female,Google Ads
3351,2023-02-24,India,West Bengal,Desktop,43,Female,Referral
3352,2023-02-14,India,Gujarat,Desktop,47,Female,Google Ads
3353,2023-04-11,India,Karnataka,Desktop,52,Female,Organic
3354,2023-03-03,India,Uttar Pradesh,Mobile,55,Female,Referral
3355,2023-02-18,India,Maharashtra,Desktop,28,Male,Organic
3356,2023-05-07,India,Gujarat,Desktop,37,Female,Referral
3357,2023-06-02,India,Uttar Pradesh,Desktop,48,Male,Referral
3358,2023-01-23,India,West Bengal,Mobile,51,Female,Referral
3359,2023-06-01,India,Delhi,Mobile,29,Female,Organic
3360,2023-02-07,India,Odisha,Mobile,45,Female,Facebook Ads
3361,2023-01-28,India,West Bengal,Mobile,20,Male,Organic
3362,2023-01-21,India,Rajasthan,Mobile,59,Female,Referral
3363,2023-04-17,India,Telangana,Mobile,22,Female,Organic
3364,2023-05-26,India,Delhi,Mobile,30,Female,Organic
3365,2023-06-13,India,Rajasthan,Mobile,29,Male,Google Ads
3366,2023-04-09,India,Maharashtra,Mobile,18,Male,Referral
3367,2023-06-22,India,Delhi,Mobile,36,Female,Organic
3368,2023-04-29,India,Rajasthan,Desktop,46,Female,Referral
3369,2023-03-14,India,Delhi,Desktop,56,Female,Organic
3370,2023-05-02,India,West Bengal,Mobile,59,Male,Google Ads
3371,2023-01-30,India,Gujarat,Desktop,42,Female,Organic
3372,2023-04-18,India,Odisha,Desktop,33,Female,Facebook Ads
3373,2023-04-08,India,Odisha,Mobile,34,Female,Referral
3374,2023-02-01,India,Rajasthan,Mobile,45,Male,Google Ads
3375,2023-06-05,India,Rajasthan,Mobile,56,Female,Organic
3376,2023-06-21,India,Delhi,Mobile,22,Female,Google Ads
3377,2023-03-20,India,Maharashtra,Desktop,18,Male,Organic
3378,2023-02-10,India,Rajasthan,Mobile,20,Female,Referral
3379,2023-03-04,India,Delhi,Mobile,41,Female,Organic
3380,2023-01-23,India,Tamil Nadu,Desktop,46,Female,Google Ads
3381,2023-04-14,India,Odisha,Mobile,32,Male,Facebook Ads
3382,2023-03-16,India,Rajasthan,Desktop,21,Male,Google Ads
3383,2023-02-17,India,West Bengal,Mobile,18,Female,Facebook Ads
3384,2023-06-09,India,Karnataka,Mobile,32,Male,Facebook Ads
3385,2023-02-26,India,Delhi,Mobile,41,Female,Referral
3386,2023-04-28,India,Odisha,Mobile,48,Female,Google Ads
3387,2023-04-10,India,Rajasthan,Mobile,37,Male,Organic
3388,2023-05-04,India,Gujarat,Mobile,27,Male,Facebook Ads
3389,2023-06-10,India,Delhi,Mobile,28,Male,Google Ads
3390,2023-06-01,India,Maharashtra,Mobile,35,Female,Referral
3391,2023-06-16,India,Rajasthan,Mobile,51,Female,Organic
3392,2023-02-03,India,Delhi,Desktop,45,Female,Organic
3393,2023-06-05,India,Rajasthan,Mobile,55,Female,Organic
3394,2023-06-14,India,Telangana,Mobile,33,Male,Google Ads
3395,2023-01-07,India,Karnataka,Mobile,41,Female,Google Ads
3396,2023-06-14,India,Uttar Pradesh,Mobile,56,Male,Organic
3397,2023-02-25,India,Uttar Pradesh,Mobile,29,Female,Referral
3398,2023-03-06,India,Telangana,Mobile,59,Female,Organic
3399,2023-02-16,India,Delhi,Desktop,24,Male,Organic
3400,2023-05-28,India,Maharashtra,Mobile,53,Male,Referral
3401,2023-01-19,India,Rajasthan,Mobile,34,Female,Referral
3402,2023-06-06,India,Delhi,Mobile,21,Male,Referral
3403,2023-05-26,India,Gujarat,Desktop,54,Female,Organic
3404,2023-06-12,India,Maharashtra,Mobile,50,Female,Referral
3405,2023-06-20,India,Gujarat,Mobile,36,Female,Google Ads
3406,2023-05-06,India,Telangana,Mobile,43,Female,Referral
3407,2023-05-19,India,West Bengal,Mobile,28,Male,Organic
3408,2023-02-18,India,Uttar Pradesh,Mobile,48,Male,Facebook Ads
3409,2023-04-23,India,Uttar Pradesh,Desktop,18,Male,Facebook Ads
3410,2023-02-07,India,Rajasthan,Mobile,57,Male,Google Ads
3411,2023-03-05,India,Karnataka,Mobile,53,Female,Facebook Ads
3412,2023-03-10,India,Telangana,Desktop,46,Female,Facebook Ads
3413,2023-05-16,India,Delhi,Mobile,42,Male,Facebook Ads
3414,2023-06-11,India,Telangana,Mobile,35,Male,Google Ads
3415,2023-06-25,India,Delhi,Mobile,20,Male,Facebook Ads
3416,2023-04-26,India,Telangana,Mobile,35,Female,Organic
3417,2023-03-06,India,West Bengal,Mobile,24,Male,Facebook Ads
3418,2023-01-31,India,Tamil Nadu,Mobile,45,Female,Referral
3419,2023-05-12,India,Karnataka,Desktop,34,Male,Facebook Ads
3420,2023-04-23,India,Delhi,Desktop,42,Male,Facebook Ads
3421,2023-04-19,India,Karnataka,Desktop,35,Female,Organic
3422,2023-06-27,India,Maharashtra,Mobile,57,Female,Google Ads
3423,2023-03-10,India,Telangana,Mobile,20,Male,Google Ads
3424,2023-06-07,India,Rajasthan,Mobile,42,Male,Facebook Ads
3425,2023-04-30,India,Odisha,Mobile,24,Female,Organic
3426,2023-03-29,India,Maharashtra,Desktop,27,Female,Facebook Ads
3427,2023-03-08,India,Gujarat,Mobile,36,Female,Google Ads
3428,2023-03-16,India,Uttar Pradesh,Desktop,32,Female,Google Ads
3429,2023-02-14,India,Odisha,Mobile,38,Female,Referral
3430,2023-01-04,India,West Bengal,Mobile,38,Male,Referral
3431,2023-06-03,India,Telangana,Mobile,54,Female,Organic
3432,2023-06-04,India,Tamil Nadu,Mobile,45,Male,Organic
3433,2023-06-23,India,West Bengal,Desktop,49,Female,Google Ads
3434,2023-04-17,India,Delhi,Desktop,58,Female,Google Ads
3435,2023-02-20,India,Odisha,Mobile,44,Male,Google Ads
3436,2023-02-19,India,Uttar Pradesh,Mobile,40,Male,Facebook Ads
3437,2023-01-06,India,Rajasthan,Mobile,27,Female,Referral
3438,2023-02-28,India,Tamil Nadu,Mobile,57,Female,Referral
3439,2023-05-05,India,Karnataka,Mobile,58,Female,Google Ads
3440,2023-05-23,India,Telangana,Desktop,23,Male,Google Ads
3441,2023-01-30,India,Delhi,Mobile,41,Male,Referral
3442,2023-06-19,India,Telangana,Mobile,35,Female,Organic
3443,2023-05-02,India,West Bengal,Desktop,27,Male,Google Ads
3444,2023-05-05,India,Odisha,Mobile,32,Female,Google Ads
3445,2023-02-06,India,West Bengal,Mobile,51,Male,Organic
3446,2023-06-19,India,Odisha,Mobile,25,Female,Google Ads
3447,2023-05-04,India,Rajasthan,Mobile,52,Female,Referral
3448,2023-04-11,India,Uttar Pradesh,Mobile,44,Female,Referral
3449,2023-02-04,India,Karnataka,Mobile,42,Male,Organic
3450,2023-03-28,India,Rajasthan,Desktop,20,Female,Referral
3451,2023-05-14,India,Maharashtra,Desktop,38,Female,Organic
3452,2023-01-18,India,Uttar Pradesh,Desktop,56,Male,Organic
3453,2023-04-23,India,Rajasthan,Mobile,49,Male,Referral
3454,2023-01-29,India,Tamil Nadu,Desktop,38,Female,Organic
3455,2023-03-18,India,Telangana,Mobile,26,Female,Referral
3456,2023-02-28,India,West Bengal,Mobile,18,Female,Organic
3457,2023-06-24,India,Uttar Pradesh,Mobile,21,Female,Organic
3458,2023-05-06,India,Tamil Nadu,Mobile,21,Male,Organic
3459,2023-05-25,India,West Bengal,Mobile,43,Female,Referral
3460,2023-04-19,India,Maharashtra,Mobile,51,Male,Google Ads
3461,2023-01-22,India,Gujarat,Desktop,44,Female,Facebook Ads
3462,2023-03-09,India,Uttar Pradesh,Mobile,32,Female,Google Ads
3463,2023-03-10,India,Tamil Nadu,Desktop,49,Female,Organic
3464,2023-06-14,India,West Bengal,Mobile,58,Male,Referral
3465,2023-02-18,India,West Bengal,Mobile,24,Male,Organic
3466,2023-05-21,India,Rajasthan,Mobile,31,Male,Google Ads
3467,2023-06-11,India,Odisha,Mobile,40,Female,Facebook Ads
3468,2023-04-19,India,Rajasthan,Mobile,18,Male,Google Ads
3469,2023-03-27,India,Tamil Nadu,Mobile,49,Female,Referral
3470,2023-02-22,India,Delhi,Mobile,58,Female,Referral
3471,2023-05-03,India,Telangana,Mobile,43,Female,Google Ads
3472,2023-03-28,India,Uttar Pradesh,Desktop,26,Female,Google Ads
3473,2023-06-28,India,Rajasthan,Mobile,33,Female,Facebook Ads
3474,2023-05-11,India,West Bengal,Mobile,48,Female,Organic
3475,2023-02-11,India,West Bengal,Desktop,19,Female,Referral
3476,2023-04-08,India,Gujarat,Mobile,49,Female,Referral
3477,2023-06-09,India,Uttar Pradesh,Desktop,27,Male,Facebook Ads
3478,2023-04-19,India,Gujarat,Desktop,42,Female,Referral
3479,2023-02-20,India,Telangana,Desktop,35,Male,Referral
3480,2023-03-26,India,Maharashtra,Mobile,51,Female,Google Ads
3481,2023-06-23,India,Rajasthan,Mobile,46,Female,Google Ads
3482,2023-05-07,India,Karnataka,Mobile,41,Female,Facebook Ads
3483,2023-01-21,India,Tamil Nadu,Mobile,20,Female,Referral
3484,2023-02-13,India,Tamil Nadu,Mobile,32,Male,Facebook Ads
3485,2023-05-19,India,Maharashtra,Mobile,20,Male,Organic
3486,2023-04-13,India,Uttar Pradesh,Desktop,48,Male,Organic
3487,2023-03-09,India,Rajasthan,Mobile,27,Male,Facebook Ads
3488,2023-05-09,India,Telangana,Desktop,55,Male,Referral
3489,2023-04-02,India,Odisha,Desktop,39,Male,Organic
3490,2023-01-24,India,Gujarat,Mobile,31,Female,Referral
3491,2023-05-05,India,Maharashtra,Mobile,26,Female,Google Ads
3492,2023-05-21,India,Odisha,Mobile,35,Male,Facebook Ads
3493,2023-04-21,India,Gujarat,Desktop,25,Male,Organic
3494,2023-04-08,India,Maharashtra,Mobile,55,Male,Referral
3495,2023-05-19,India,Tamil Nadu,Mobile,32,Female,Google Ads
3496,2023-06-28,India,Tamil Nadu,Mobile,32,Female,Facebook Ads
3497,2023-01-17,India,West Bengal,Desktop,23,Female,Organic
3498,2023-04-09,India,Gujarat,Desktop,29,Female,Google Ads
3499,2023-03-23,India,Karnataka,Mobile,59,Female,Facebook Ads
3500,2023-04-14,India,Telangana,Mobile,36,Male,Organic
3501,2023-06-01,India,Delhi,Mobile,57,Female,Referral
3502,2023-01-19,India,Uttar Pradesh,Mobile,22,Male,Google Ads
3503,2023-06-14,India,Uttar Pradesh,Desktop,44,Female,Google Ads
3504,2023-03-26,India,Gujarat,Desktop,27,Male,Referral
3505,2023-01-08,India,Maharashtra,Desktop,31,Female,Google Ads
3506,2023-01-28,India,Maharashtra,Mobile,51,Female,Google Ads
3507,2023-01-05,India,Delhi,Mobile,32,Female,Facebook Ads
3508,2023-05-25,India,Telangana,Mobile,46,Female,Referral
3509,2023-04-11,India,Rajasthan,Mobile,43,Female,Google Ads
3510,2023-06-13,India,Telangana,Mobile,44,Male,Referral
3511,2023-04-28,India,Rajasthan,Desktop,20,Female,Facebook Ads
3512,2023-05-27,India,Delhi,Mobile,20,Female,Facebook Ads
3513,2023-03-05,India,Rajasthan,Desktop,52,Female,Referral
3514,2023-04-01,India,Karnataka,Mobile,52,Female,Referral
3515,2023-04-27,India,West Bengal,Mobile,23,Female,Organic
3516,2023-04-08,India,Telangana,Mobile,31,Female,Facebook Ads
3517,2023-01-11,India,Rajasthan,Mobile,43,Female,Google Ads
3518,2023-02-23,India,Tamil Nadu,Mobile,20,Female,Facebook Ads
3519,2023-06-22,India,Karnataka,Desktop,50,Female,Facebook Ads
3520,2023-02-16,India,Telangana,Mobile,59,Male,Organic
3521,2023-05-20,India,Rajasthan,Desktop,30,Male,Referral
3522,2023-05-29,India,Tamil Nadu,Desktop,46,Female,Facebook Ads
3523,2023-05-19,India,Delhi,Mobile,26,Female,Organic
3524,2023-01-05,India,Delhi,Desktop,49,Female,Referral
3525,2023-01-20,India,Gujarat,Mobile,39,Female,Facebook Ads
3526,2023-06-18,India,Uttar Pradesh,Desktop,39,Female,Organic
3527,2023-02-15,India,Odisha,Mobile,51,Male,Facebook Ads
3528,2023-01-12,India,Tamil Nadu,Mobile,27,Female,Google Ads
3529,2023-03-11,India,Gujarat,Mobile,42,Male,Referral
3530,2023-01-17,India,Karnataka,Mobile,29,Female,Referral
3531,2023-04-25,India,Rajasthan,Desktop,20,Female,Facebook Ads
3532,2023-05-27,India,Telangana,Desktop,36,Female,Organic
3533,2023-06-03,India,Maharashtra,Desktop,50,Female,Organic
3534,2023-02-17,India,Tamil Nadu,Mobile,43,Male,Google Ads
3535,2023-04-18,India,Odisha,Mobile,30,Male,Google Ads
3536,2023-02-21,India,Maharashtra,Mobile,24,Male,Organic
3537,2023-04-06,India,West Bengal,Mobile,51,Male,Referral
3538,2023-03-11,India,Odisha,Mobile,39,Male,Google Ads
3539,2023-04-12,India,Gujarat,Mobile,37,Female,Facebook Ads
3540,2023-03-16,India,Odisha,Mobile,40,Female,Facebook Ads
3541,2023-06-10,India,Rajasthan,Mobile,31,Male,Referral
3542,2023-05-31,India,Telangana,Mobile,47,Female,Referral
3543,2023-05-23,India,Karnataka,Mobile,40,Female,Google Ads
3544,2023-06-04,India,Maharashtra,Desktop,36,Female,Facebook Ads
3545,2023-06-28,India,Odisha,Mobile,56,Male,Referral
3546,2023-03-23,India,Rajasthan,Desktop,58,Male,Facebook Ads
3547,2023-04-02,India,Delhi,Mobile,53,Male,Google Ads
3548,2023-06-28,India,Odisha,Desktop,23,Male,Referral
3549,2023-06-24,India,Odisha,Mobile,40,Female,Organic
3550,2023-01-04,India,Uttar Pradesh,Mobile,27,Female,Facebook Ads
3551,2023-05-15,India,Maharashtra,Mobile,52,Female,Referral
3552,2023-04-19,India,Uttar Pradesh,Desktop,38,Female,Google Ads
3553,2023-06-12,India,Uttar Pradesh,Mobile,49,Female,Organic
3554,2023-02-17,India,Telangana,Mobile,47,Female,Referral
3555,2023-03-14,India,Rajasthan,Desktop,50,Male,Facebook Ads
3556,2023-03-13,India,Uttar Pradesh,Mobile,23,Female,Facebook Ads
3557,2023-04-26,India,Odisha,Mobile,22,Female,Google Ads
3558,2023-06-22,India,Gujarat,Mobile,32,Female,Facebook Ads
3559,2023-03-22,India,Gujarat,Mobile,42,Female,Organic
3560,2023-03-22,India,Delhi,Mobile,30,Female,Google Ads
3561,2023-04-23,India,Gujarat,Mobile,23,Male,Google Ads
3562,2023-04-06,India,Delhi,Desktop,54,Female,Referral
3563,2023-03-13,India,Gujarat,Desktop,19,Female,Google Ads
3564,2023-05-27,India,West Bengal,Mobile,34,Male,Referral
3565,2023-03-04,India,Delhi,Mobile,41,Male,Google Ads
3566,2023-02-07,India,Tamil Nadu,Desktop,29,Female,Referral
3567,2023-03-08,India,Maharashtra,Desktop,31,Female,Referral
3568,2023-03-10,India,Maharashtra,Desktop,24,Male,Referral
3569,2023-01-13,India,Maharashtra,Mobile,43,Female,Organic
3570,2023-06-24,India,Rajasthan,Desktop,49,Male,Referral
3571,2023-01-31,India,Telangana,Desktop,46,Male,Organic
3572,2023-04-24,India,Karnataka,Mobile,56,Male,Referral
3573,2023-01-22,India,Telangana,Mobile,26,Female,Referral
3574,2023-04-03,India,Delhi,Mobile,31,Male,Organic
3575,2023-06-20,India,Telangana,Mobile,34,Male,Organic
3576,2023-03-08,India,Gujarat,Desktop,42,Female,Organic
3577,2023-02-23,India,Delhi,Desktop,47,Male,Organic
3578,2023-05-18,India,Telangana,Desktop,46,Male,Referral
3579,2023-02-11,India,Telangana,Desktop,46,Female,Referral
3580,2023-03-05,India,Uttar Pradesh,Mobile,35,Female,Google Ads
3581,2023-05-06,India,West Bengal,Mobile,48,Female,Google Ads
3582,2023-01-21,India,Rajasthan,Desktop,36,Female,Referral
3583,2023-06-18,India,Delhi,Mobile,34,Female,Google Ads
3584,2023-06-01,India,Karnataka,Mobile,23,Female,Organic
3585,2023-02-04,India,Maharashtra,Mobile,29,Female,Google Ads
3586,2023-01-30,India,Odisha,Mobile,55,Female,Organic
3587,2023-02-26,India,Tamil Nadu,Mobile,20,Female,Referral
3588,2023-02-16,India,Telangana,Mobile,52,Female,Google Ads
3589,2023-06-12,India,Maharashtra,Mobile,50,Female,Organic
3590,2023-01-19,India,Gujarat,Desktop,46,Female,Referral
3591,2023-04-24,India,Tamil Nadu,Desktop,20,Female,Referral
3592,2023-01-08,India,West Bengal,Desktop,22,Female,Organic
3593,2023-01-26,India,Maharashtra,Mobile,31,Male,Organic
3594,2023-04-23,India,Uttar Pradesh,Desktop,53,Female,Referral
3595,2023-03-12,India,Maharashtra,Desktop,45,Female,Facebook Ads
3596,2023-01-30,India,West Bengal,Mobile,58,Male,Facebook Ads
3597,2023-05-15,India,Maharashtra,Desktop,49,Male,Organic
3598,2023-03-08,India,Telangana,Mobile,35,Male,Google Ads
3599,2023-03-06,India,Maharashtra,Desktop,59,Female,Organic
3600,2023-02-05,India,Uttar Pradesh,Mobile,57,Male,Referral
3601,2023-01-25,India,Rajasthan,Mobile,30,Female,Organic
3602,2023-02-06,India,West Bengal,Mobile,19,Female,Facebook Ads
3603,2023-01-01,India,Uttar Pradesh,Mobile,42,Male,Organic
3604,2023-05-23,India,Delhi,Mobile,37,Male,Facebook Ads
3605,2023-02-06,India,Maharashtra,Desktop,24,Male,Google Ads
3606,2023-05-21,India,Karnataka,Desktop,28,Female,Google Ads
3607,2023-05-16,India,Maharashtra,Desktop,22,Male,Google Ads
3608,2023-05-13,India,West Bengal,Mobile,46,Male,Organic
3609,2023-05-08,India,Tamil Nadu,Desktop,35,Male,Facebook Ads
3610,2023-05-07,India,Uttar Pradesh,Mobile,25,Male,Organic
3611,2023-01-01,India,Karnataka,Desktop,44,Male,Google Ads
3612,2023-06-13,India,Delhi,Mobile,59,Male,Organic
3613,2023-02-04,India,Gujarat,Mobile,19,Male,Facebook Ads
3614,2023-04-14,India,Delhi,Desktop,52,Male,Referral
3615,2023-01-23,India,Uttar Pradesh,Desktop,43,Female,Facebook Ads
3616,2023-01-09,India,Tamil Nadu,Mobile,40,Male,Google Ads
3617,2023-02-03,India,Uttar Pradesh,Desktop,22,Female,Google Ads
3618,2023-06-23,India,Odisha,Mobile,33,Male,Google Ads
3619,2023-05-08,India,Karnataka,Desktop,59,Female,Organic
3620,2023-01-04,India,Tamil Nadu,Mobile,28,Female,Facebook Ads
3621,2023-06-07,India,Karnataka,Mobile,36,Female,Organic
3622,2023-04-12,India,Uttar Pradesh,Mobile,33,Male,Google Ads
3623,2023-03-16,India,Rajasthan,Mobile,49,Female,Facebook Ads
3624,2023-04-09,India,Karnataka,Desktop,29,Female,Referral
3625,2023-03-13,India,Odisha,Mobile,19,Male,Google Ads
3626,2023-01-03,India,Telangana,Mobile,39,Male,Facebook Ads
3627,2023-05-22,India,Tamil Nadu,Mobile,43,Female,Facebook Ads
3628,2023-06-22,India,Odisha,Mobile,50,Male,Google Ads
3629,2023-02-03,India,Odisha,Desktop,41,Male,Referral
3630,2023-02-14,India,Gujarat,Mobile,22,Male,Facebook Ads
3631,2023-03-02,India,Rajasthan,Mobile,38,Female,Facebook Ads
3632,2023-03-24,India,Maharashtra,Mobile,35,Female,Referral
3633,2023-05-03,India,Rajasthan,Mobile,56,Male,Google Ads
3634,2023-04-12,India,West Bengal,Desktop,22,Female,Facebook Ads
3635,2023-01-16,India,Gujarat,Mobile,25,Male,Google Ads
3636,2023-03-07,India,Uttar Pradesh,Mobile,38,Male,Organic
3637,2023-06-17,India,Uttar Pradesh,Desktop,22,Male,Organic
3638,2023-05-25,India,Delhi,Mobile,30,Male,Referral
3639,2023-04-29,India,Maharashtra,Desktop,36,Male,Google Ads
3640,2023-06-11,India,West Bengal,Mobile,46,Female,Facebook Ads
3641,2023-05-04,India,Karnataka,Desktop,19,Male,Referral
3642,2023-05-24,India,Rajasthan,Mobile,54,Female,Organic
3643,2023-04-12,India,Tamil Nadu,Mobile,43,Male,Google Ads
3644,2023-03-07,India,Odisha,Mobile,46,Male,Referral
3645,2023-01-13,India,Karnataka,Desktop,22,Female,Referral
3646,2023-04-21,India,Delhi,Desktop,49,Female,Google Ads
3647,2023-06-08,India,Rajasthan,Mobile,55,Female,Facebook Ads
3648,2023-02-03,India,Tamil Nadu,Desktop,19,Female,Facebook Ads
3649,2023-02-08,India,Delhi,Mobile,22,Male,Facebook Ads
3650,2023-05-16,India,Odisha,Desktop,50,Male,Google Ads
3651,2023-04-30,India,Gujarat,Desktop,52,Female,Organic
3652,2023-05-06,India,Maharashtra,Mobile,36,Female,Referral
3653,2023-02-24,India,Gujarat,Desktop,32,Female,Google Ads
3654,2023-01-27,India,Tamil Nadu,Mobile,52,Female,Facebook Ads
3655,2023-04-28,India,Gujarat,Mobile,25,Female,Facebook Ads
3656,2023-02-22,India,Tamil Nadu,Mobile,18,Female,Referral
3657,2023-02-08,India,West Bengal,Desktop,55,Female,Referral
3658,2023-03-06,India,West Bengal,Desktop,39,Female,Referral
3659,2023-05-25,India,Telangana,Desktop,34,Male,Referral
3660,2023-06-07,India,Telangana,Desktop,33,Male,Referral
3661,2023-01-13,India,Gujarat,Desktop,18,Female,Google Ads
3662,2023-01-21,India,Uttar Pradesh,Mobile,20,Male,Facebook Ads
3663,2023-05-27,India,Gujarat,Mobile,23,Female,Facebook Ads
3664,2023-02-22,India,Gujarat,Mobile,20,Male,Google Ads
3665,2023-01-19,India,Uttar Pradesh,Mobile,47,Female,Organic
3666,2023-02-26,India,Maharashtra,Mobile,28,Male,Facebook Ads
3667,2023-01-25,India,Rajasthan,Mobile,44,Female,Organic
3668,2023-01-31,India,Uttar Pradesh,Desktop,39,Male,Organic
3669,2023-03-22,India,Tamil Nadu,Desktop,23,Male,Organic
3670,2023-01-23,India,Rajasthan,Mobile,55,Female,Organic
3671,2023-02-01,India,Odisha,Desktop,58,Male,Facebook Ads
3672,2023-03-15,India,Maharashtra,Mobile,48,Male,Facebook Ads
3673,2023-01-10,India,Odisha,Desktop,23,Male,Google Ads
3674,2023-02-23,India,Telangana,Mobile,37,Male,Facebook Ads
3675,2023-02-21,India,Karnataka,Mobile,58,Female,Google Ads
3676,2023-05-28,India,West Bengal,Desktop,28,Female,Organic
3677,2023-06-09,India,Odisha,Mobile,19,Female,Google Ads
3678,2023-04-24,India,Delhi,Mobile,48,Male,Google Ads
3679,2023-01-14,India,Gujarat,Mobile,55,Female,Facebook Ads
3680,2023-06-27,India,Tamil Nadu,Mobile,43,Male,Google Ads
3681,2023-06-05,India,Odisha,Desktop,44,Male,Organic
3682,2023-04-20,India,Odisha,Mobile,48,Male,Facebook Ads
3683,2023-02-22,India,Karnataka,Desktop,41,Female,Facebook Ads
3684,2023-06-01,India,Telangana,Mobile,30,Female,Facebook Ads
3685,2023-03-20,India,Gujarat,Mobile,42,Male,Referral
3686,2023-01-22,India,Gujarat,Mobile,54,Male,Organic
3687,2023-01-30,India,Karnataka,Desktop,58,Female,Google Ads
3688,2023-01-04,India,Uttar Pradesh,Mobile,42,Male,Referral
3689,2023-02-28,India,Karnataka,Mobile,46,Male,Facebook Ads
3690,2023-01-08,India,Delhi,Mobile,48,Female,Referral
3691,2023-01-12,India,Rajasthan,Mobile,56,Female,Referral
3692,2023-04-29,India,Delhi,Desktop,19,Male,Google Ads
3693,2023-06-08,India,Karnataka,Mobile,29,Female,Organic
3694,2023-02-03,India,West Bengal,Mobile,22,Male,Referral
3695,2023-03-23,India,Uttar Pradesh,Mobile,44,Male,Organic
3696,2023-04-08,India,West Bengal,Mobile,51,Female,Organic
3697,2023-05-07,India,Delhi,Mobile,31,Male,Facebook Ads
3698,2023-03-16,India,Gujarat,Mobile,24,Female,Facebook Ads
3699,2023-04-15,India,Delhi,Mobile,54,Female,Google Ads
3700,2023-02-18,India,Maharashtra,Mobile,53,Female,Google Ads
3701,2023-03-20,India,Telangana,Mobile,27,Male,Referral
3702,2023-04-03,India,Tamil Nadu,Desktop,46,Female,Facebook Ads
3703,2023-06-03,India,Maharashtra,Desktop,33,Male,Organic
3704,2023-01-18,India,Karnataka,Mobile,55,Male,Organic
3705,2023-04-06,India,Odisha,Mobile,38,Female,Referral
3706,2023-02-07,India,West Bengal,Desktop,55,Male,Facebook Ads
3707,2023-03-28,India,Rajasthan,Desktop,58,Female,Google Ads
3708,2023-03-29,India,Maharashtra,Mobile,50,Female,Referral
3709,2023-02-19,India,Uttar Pradesh,Desktop,46,Female,Organic
3710,2023-01-08,India,West Bengal,Desktop,34,Male,Facebook Ads
3711,2023-06-18,India,Maharashtra,Mobile,30,Female,Google Ads
3712,2023-05-14,India,Gujarat,Mobile,23,Female,Google Ads
3713,2023-03-10,India,Tamil Nadu,Desktop,19,Female,Organic
3714,2023-06-21,India,Delhi,Mobile,25,Male,Organic
3715,2023-05-01,India,Delhi,Desktop,49,Male,Organic
3716,2023-03-05,India,Maharashtra,Desktop,53,Female,Organic
3717,2023-06-06,India,Karnataka,Desktop,26,Female,Google Ads
3718,2023-06-05,India,Uttar Pradesh,Mobile,40,Female,Facebook Ads
3719,2023-05-19,India,Karnataka,Mobile,24,Male,Google Ads
3720,2023-05-01,India,West Bengal,Mobile,48,Male,Organic
3721,2023-03-06,India,Telangana,Desktop,38,Male,Facebook Ads
3722,2023-04-17,India,Tamil Nadu,Desktop,18,Female,Google Ads
3723,2023-05-27,India,Tamil Nadu,Mobile,19,Male,Facebook Ads
3724,2023-05-17,India,Delhi,Mobile,57,Female,Google Ads
3725,2023-06-04,India,Tamil Nadu,Desktop,28,Male,Facebook Ads
3726,2023-06-11,India,Karnataka,Desktop,54,Female,Google Ads
3727,2023-06-21,India,Uttar Pradesh,Mobile,35,Male,Google Ads
3728,2023-04-10,India,Uttar Pradesh,Mobile,41,Male,Referral
3729,2023-03-23,India,Delhi,Desktop,36,Male,Organic
3730,2023-05-23,India,Maharashtra,Desktop,22,Male,Referral
3731,2023-02-20,India,Uttar Pradesh,Desktop,46,Female,Google Ads
3732,2023-05-21,India,Karnataka,Mobile,56,Female,Organic
3733,2023-03-24,India,Odisha,Mobile,19,Female,Google Ads
3734,2023-06-26,India,Maharashtra,Mobile,34,Male,Referral
3735,2023-04-22,India,Telangana,Desktop,28,Female,Facebook Ads
3736,2023-02-25,India,Rajasthan,Desktop,54,Male,Facebook Ads
3737,2023-06-28,India,Gujarat,Desktop,30,Male,Organic
3738,2023-06-14,India,Tamil Nadu,Mobile,46,Male,Referral
3739,2023-05-25,India,Tamil Nadu,Desktop,49,Female,Referral
3740,2023-06-06,India,Odisha,Mobile,57,Male,Google Ads
3741,2023-06-10,India,Maharashtra,Mobile,25,Male,Organic
3742,2023-03-01,India,Delhi,Mobile,27,Male,Facebook Ads
3743,2023-04-30,India,Karnataka,Desktop,42,Male,Referral
3744,2023-05-18,India,Odisha,Desktop,28,Female,Google Ads
3745,2023-06-24,India,Gujarat,Mobile,45,Female,Organic
3746,2023-01-23,India,Uttar Pradesh,Mobile,50,Female,Referral
3747,2023-05-29,India,Delhi,Desktop,56,Female,Referral
3748,2023-01-13,India,Rajasthan,Mobile,43,Female,Facebook Ads
3749,2023-04-11,India,Delhi,Desktop,25,Male,Referral
3750,2023-06-10,India,Odisha,Mobile,55,Female,Facebook Ads
3751,2023-01-24,India,Telangana,Mobile,43,Female,Referral
3752,2023-04-18,India,Odisha,Mobile,49,Female,Google Ads
3753,2023-01-11,India,Odisha,Mobile,45,Female,Google Ads
3754,2023-01-17,India,Odisha,Mobile,24,Female,Google Ads
3755,2023-06-24,India,Delhi,Mobile,52,Male,Organic
3756,2023-01-25,India,Odisha,Mobile,19,Female,Organic
3757,2023-04-04,India,Maharashtra,Mobile,39,Male,Google Ads
3758,2023-01-21,India,Delhi,Desktop,39,Female,Google Ads
3759,2023-03-25,India,Uttar Pradesh,Mobile,20,Male,Google Ads
3760,2023-05-20,India,Maharashtra,Mobile,25,Male,Facebook Ads
3761,2023-02-06,India,Gujarat,Desktop,21,Female,Google Ads
3762,2023-02-11,India,Uttar Pradesh,Mobile,32,Female,Organic
3763,2023-05-25,India,Rajasthan,Mobile,56,Female,Facebook Ads
3764,2023-04-11,India,Tamil Nadu,Desktop,29,Male,Google Ads
3765,2023-02-17,India,Delhi,Desktop,46,Male,Organic
3766,2023-04-13,India,Tamil Nadu,Desktop,26,Female,Facebook Ads
3767,2023-01-28,India,Delhi,Mobile,59,Male,Facebook Ads
3768,2023-02-10,India,Uttar Pradesh,Desktop,57,Female,Organic
3769,2023-04-09,India,Rajasthan,Mobile,37,Male,Organic
3770,2023-02-16,India,Karnataka,Mobile,51,Female,Facebook Ads
3771,2023-05-26,India,Karnataka,Desktop,43,Male,Organic
3772,2023-04-15,India,Maharashtra,Mobile,38,Female,Facebook Ads
3773,2023-05-04,India,Odisha,Desktop,40,Male,Facebook Ads
3774,2023-01-13,India,Odisha,Mobile,35,Male,Facebook Ads
3775,2023-05-21,India,Karnataka,Mobile,41,Female,Facebook Ads
3776,2023-04-10,India,Uttar Pradesh,Desktop,59,Male,Google Ads
3777,2023-01-31,India,Rajasthan,Mobile,46,Male,Organic
3778,2023-05-10,India,Maharashtra,Desktop,55,Female,Google Ads
3779,2023-01-16,India,Uttar Pradesh,Desktop,55,Female,Google Ads
3780,2023-05-17,India,Odisha,Desktop,30,Female,Google Ads
3781,2023-03-14,India,Maharashtra,Mobile,49,Male,Google Ads
3782,2023-06-15,India,Tamil Nadu,Mobile,36,Male,Facebook Ads
3783,2023-02-23,India,West Bengal,Desktop,34,Female,Facebook Ads
3784,2023-04-10,India,Gujarat,Desktop,19,Male,Facebook Ads
3785,2023-04-19,India,Maharashtra,Mobile,35,Male,Referral
3786,2023-03-28,India,Odisha,Desktop,56,Male,Facebook Ads
3787,2023-06-22,India,Uttar Pradesh,Mobile,44,Female,Google Ads
3788,2023-06-11,India,Tamil Nadu,Desktop,31,Female,Referral
3789,2023-05-17,India,Gujarat,Mobile,32,Female,Referral
3790,2023-01-08,India,Gujarat,Mobile,25,Female,Referral
3791,2023-01-07,India,Maharashtra,Mobile,26,Male,Facebook Ads
3792,2023-02-05,India,Gujarat,Mobile,38,Female,Google Ads
3793,2023-01-18,India,Tamil Nadu,Desktop,52,Female,Facebook Ads
3794,2023-01-03,India,Rajasthan,Mobile,31,Male,Organic
3795,2023-01-28,India,Uttar Pradesh,Desktop,44,Female,Referral
3796,2023-03-11,India,Maharashtra,Mobile,25,Male,Organic
3797,2023-06-21,India,Gujarat,Mobile,52,Male,Referral
3798,2023-05-29,India,Rajasthan,Mobile,35,Male,Referral
3799,2023-01-28,India,Uttar Pradesh,Mobile,31,Male,Organic
3800,2023-02-23,India,Delhi,Mobile,25,Male,Organic
3801,2023-03-06,India,Rajasthan,Mobile,25,Female,Facebook Ads
3802,2023-04-10,India,Delhi,Desktop,54,Male,Organic
3803,2023-01-21,India,Delhi,Mobile,19,Female,Organic
3804,2023-01-13,India,Rajasthan,Mobile,34,Female,Google Ads
3805,2023-02-26,India,Gujarat,Desktop,30,Male,Organic
3806,2023-02-18,India,Delhi,Mobile,31,Male,Facebook Ads
3807,2023-04-28,India,Gujarat,Mobile,58,Female,Referral
3808,2023-02-23,India,Gujarat,Mobile,58,Male,Referral
3809,2023-05-18,India,Uttar Pradesh,Mobile,26,Female,Google Ads
3810,2023-02-22,India,Telangana,Mobile,44,Male,Facebook Ads
3811,2023-02-13,India,Tamil Nadu,Mobile,37,Male,Referral
3812,2023-02-16,India,Gujarat,Desktop,55,Male,Google Ads
3813,2023-02-22,India,Uttar Pradesh,Desktop,29,Female,Referral
3814,2023-03-15,India,West Bengal,Mobile,59,Male,Facebook Ads
3815,2023-02-15,India,Delhi,Desktop,39,Male,Organic
3816,2023-01-13,India,Maharashtra,Mobile,54,Female,Google Ads
3817,2023-06-14,India,Gujarat,Mobile,56,Female,Organic
3818,2023-04-12,India,Rajasthan,Mobile,48,Female,Facebook Ads
3819,2023-01-24,India,Delhi,Mobile,30,Male,Facebook Ads
3820,2023-01-02,India,Delhi,Mobile,18,Female,Referral
3821,2023-03-22,India,West Bengal,Mobile,55,Female,Referral
3822,2023-04-10,India,Maharashtra,Desktop,57,Female,Google Ads
3823,2023-05-22,India,Uttar Pradesh,Desktop,26,Male,Referral
3824,2023-05-18,India,West Bengal,Mobile,56,Male,Referral
3825,2023-06-12,India,Tamil Nadu,Desktop,27,Male,Facebook Ads
3826,2023-06-02,India,Delhi,Desktop,46,Female,Facebook Ads
3827,2023-05-11,India,Gujarat,Mobile,57,Male,Google Ads
3828,2023-04-21,India,Gujarat,Mobile,47,Male,Organic
3829,2023-04-12,India,West Bengal,Mobile,19,Female,Google Ads
3830,2023-01-17,India,Tamil Nadu,Mobile,35,Male,Facebook Ads
3831,2023-01-12,India,Karnataka,Mobile,45,Male,Facebook Ads
3832,2023-04-26,India,Odisha,Mobile,49,Female,Google Ads
3833,2023-01-24,India,Rajasthan,Mobile,41,Female,Google Ads
3834,2023-01-29,India,Rajasthan,Mobile,55,Female,Organic
3835,2023-06-20,India,Karnataka,Mobile,31,Female,Facebook Ads
3836,2023-06-02,India,Delhi,Mobile,42,Female,Referral
3837,2023-05-02,India,Uttar Pradesh,Mobile,42,Female,Facebook Ads
3838,2023-03-31,India,Maharashtra,Mobile,49,Female,Referral
3839,2023-03-06,India,Karnataka,Mobile,44,Female,Referral
3840,2023-03-25,India,Tamil Nadu,Desktop,49,Male,Referral
3841,2023-04-29,India,Gujarat,Mobile,48,Male,Organic
3842,2023-06-05,India,Odisha,Mobile,41,Male,Google Ads
3843,2023-01-16,India,Delhi,Mobile,52,Male,Referral
3844,2023-06-24,India,Odisha,Desktop,47,Male,Google Ads
3845,2023-04-14,India,Maharashtra,Desktop,50,Female,Referral
3846,2023-04-02,India,Gujarat,Mobile,50,Female,Organic
3847,2023-01-27,India,Tamil Nadu,Mobile,44,Female,Referral
3848,2023-06-19,India,Rajasthan,Mobile,50,Male,Google Ads
3849,2023-06-24,India,Maharashtra,Mobile,50,Male,Organic
3850,2023-06-11,India,Karnataka,Desktop,21,Female,Google Ads
3851,2023-06-14,India,Rajasthan,Mobile,47,Female,Google Ads
3852,2023-05-14,India,Rajasthan,Mobile,32,Male,Google Ads
3853,2023-05-15,India,Tamil Nadu,Mobile,46,Male,Referral
3854,2023-06-02,India,Karnataka,Mobile,45,Female,Organic
3855,2023-02-02,India,West Bengal,Desktop,49,Male,Organic
3856,2023-02-24,India,Maharashtra,Mobile,53,Male,Organic
3857,2023-01-07,India,Uttar Pradesh,Desktop,47,Female,Facebook Ads
3858,2023-02-26,India,Telangana,Mobile,59,Female,Facebook Ads
3859,2023-05-06,India,Gujarat,Mobile,55,Male,Organic
3860,2023-01-12,India,Tamil Nadu,Mobile,59,Female,Referral
3861,2023-01-16,India,Gujarat,Mobile,29,Female,Facebook Ads
3862,2023-02-12,India,Maharashtra,Mobile,20,Male,Referral
3863,2023-04-27,India,Karnataka,Mobile,32,Male,Referral
3864,2023-05-15,India,Uttar Pradesh,Desktop,27,Female,Facebook Ads
3865,2023-04-21,India,Telangana,Mobile,39,Male,Google Ads
3866,2023-02-20,India,Odisha,Mobile,40,Female,Google Ads
3867,2023-06-09,India,Uttar Pradesh,Mobile,28,Female,Google Ads
3868,2023-03-16,India,Tamil Nadu,Mobile,33,Male,Facebook Ads
3869,2023-01-08,India,Gujarat,Desktop,33,Female,Referral
3870,2023-02-14,India,Uttar Pradesh,Mobile,31,Male,Facebook Ads
3871,2023-02-28,India,Delhi,Desktop,23,Male,Organic
3872,2023-05-12,India,Karnataka,Mobile,59,Male,Referral
3873,2023-04-14,India,Karnataka,Desktop,34,Male,Facebook Ads
3874,2023-06-06,India,Delhi,Desktop,48,Female,Referral
3875,2023-06-06,India,Rajasthan,Desktop,59,Female,Facebook Ads
3876,2023-04-08,India,Rajasthan,Mobile,27,Female,Organic
3877,2023-06-05,India,Maharashtra,Mobile,37,Male,Organic
3878,2023-03-20,India,West Bengal,Mobile,26,Female,Organic
3879,2023-05-04,India,Odisha,Mobile,32,Female,Google Ads
3880,2023-06-21,India,Delhi,Mobile,56,Male,Organic
3881,2023-01-04,India,Maharashtra,Desktop,19,Male,Google Ads
3882,2023-03-31,India,Gujarat,Mobile,21,Female,Referral
3883,2023-04-14,India,Delhi,Desktop,41,Female,Referral
3884,2023-05-17,India,West Bengal,Mobile,35,Male,Referral
3885,2023-04-29,India,Delhi,Desktop,28,Male,Facebook Ads
3886,2023-05-13,India,West Bengal,Mobile,54,Male,Facebook Ads
3887,2023-02-25,India,West Bengal,Mobile,43,Female,Google Ads
3888,2023-04-06,India,West Bengal,Desktop,25,Female,Google Ads
3889,2023-06-27,India,Karnataka,Mobile,39,Male,Google Ads
3890,2023-03-16,India,Uttar Pradesh,Desktop,22,Male,Facebook Ads
3891,2023-05-23,India,Karnataka,Mobile,19,Female,Facebook Ads
3892,2023-02-01,India,Maharashtra,Mobile,22,Male,Referral
3893,2023-01-28,India,Karnataka,Desktop,52,Male,Organic
3894,2023-01-22,India,Karnataka,Mobile,49,Male,Organic
3895,2023-01-17,India,Gujarat,Desktop,36,Female,Facebook Ads
3896,2023-02-28,India,Delhi,Mobile,56,Female,Organic
3897,2023-03-31,India,Karnataka,Desktop,21,Male,Referral
3898,2023-04-16,India,Telangana,Mobile,40,Female,Organic
3899,2023-01-26,India,West Bengal,Mobile,36,Male,Google Ads
3900,2023-01-25,India,Delhi,Mobile,43,Female,Referral
3901,2023-05-18,India,Rajasthan,Mobile,43,Female,Facebook Ads
3902,2023-02-14,India,Gujarat,Mobile,24,Male,Google Ads
3903,2023-03-24,India,Uttar Pradesh,Mobile,49,Male,Facebook Ads
3904,2023-01-11,India,Gujarat,Mobile,50,Female,Facebook Ads
3905,2023-04-14,India,West Bengal,Mobile,43,Female,Google Ads
3906,2023-03-09,India,Delhi,Mobile,41,Male,Referral
3907,2023-04-05,India,Uttar Pradesh,Mobile,40,Male,Facebook Ads
3908,2023-06-05,India,Odisha,Mobile,55,Male,Google Ads
3909,2023-03-06,India,Tamil Nadu,Mobile,43,Male,Google Ads
3910,2023-02-18,India,Gujarat,Mobile,48,Male,Facebook Ads
3911,2023-06-24,India,Uttar Pradesh,Desktop,23,Female,Facebook Ads
3912,2023-02-21,India,Maharashtra,Mobile,48,Male,Referral
3913,2023-04-12,India,Uttar Pradesh,Desktop,57,Male,Google Ads
3914,2023-02-26,India,Tamil Nadu,Mobile,29,Male,Organic
3915,2023-02-16,India,West Bengal,Desktop,34,Female,Organic
3916,2023-06-08,India,Delhi,Mobile,43,Female,Facebook Ads
3917,2023-06-23,India,Odisha,Mobile,20,Female,Facebook Ads
3918,2023-01-26,India,Maharashtra,Desktop,32,Male,Referral
3919,2023-04-24,India,Uttar Pradesh,Desktop,55,Male,Organic
3920,2023-01-05,India,Telangana,Mobile,41,Female,Facebook Ads
3921,2023-03-25,India,Karnataka,Mobile,47,Female,Facebook Ads
3922,2023-02-21,India,West Bengal,Mobile,53,Male,Organic
3923,2023-04-15,India,Gujarat,Mobile,44,Female,Facebook Ads
3924,2023-02-23,India,Gujarat,Desktop,39,Female,Organic
3925,2023-06-10,India,Tamil Nadu,Mobile,19,Male,Organic
3926,2023-06-27,India,West Bengal,Mobile,24,Female,Referral
3927,2023-06-15,India,Maharashtra,Mobile,33,Male,Organic
3928,2023-06-04,India,Rajasthan,Mobile,41,Female,Facebook Ads
3929,2023-01-15,India,Odisha,Mobile,47,Female,Google Ads
3930,2023-03-02,India,Maharashtra,Desktop,18,Male,Google Ads
3931,2023-05-02,India,Odisha,Mobile,44,Female,Google Ads
3932,2023-01-21,India,Delhi,Desktop,26,Male,Referral
3933,2023-02-15,India,Delhi,Mobile,24,Female,Facebook Ads
3934,2023-05-14,India,West Bengal,Mobile,22,Female,Referral
3935,2023-02-07,India,West Bengal,Mobile,47,Male,Referral
3936,2023-03-03,India,Gujarat,Mobile,59,Male,Referral
3937,2023-03-27,India,Karnataka,Desktop,44,Female,Facebook Ads
3938,2023-03-19,India,Tamil Nadu,Mobile,27,Male,Facebook Ads
3939,2023-02-15,India,Karnataka,Mobile,42,Male,Facebook Ads
3940,2023-05-21,India,Maharashtra,Mobile,35,Male,Google Ads
3941,2023-01-03,India,Gujarat,Mobile,24,Male,Organic
3942,2023-01-06,India,Odisha,Desktop,48,Female,Facebook Ads
3943,2023-04-03,India,Rajasthan,Mobile,49,Female,Facebook Ads
3944,2023-01-08,India,Uttar Pradesh,Desktop,28,Male,Referral
3945,2023-06-21,India,Telangana,Mobile,27,Female,Facebook Ads
3946,2023-04-18,India,Delhi,Mobile,39,Female,Organic
3947,2023-06-10,India,Karnataka,Mobile,48,Female,Google Ads
3948,2023-03-16,India,Tamil Nadu,Desktop,58,Female,Facebook Ads
3949,2023-03-18,India,Rajasthan,Desktop,31,Female,Google Ads
3950,2023-02-19,India,Rajasthan,Mobile,20,Female,Facebook Ads
3951,2023-01-11,India,Delhi,Mobile,41,Male,Google Ads
3952,2023-04-05,India,Telangana,Mobile,31,Female,Facebook Ads
3953,2023-06-05,India,West Bengal,Mobile,33,Female,Referral
3954,2023-03-11,India,Rajasthan,Mobile,45,Male,Google Ads
3955,2023-06-18,India,Maharashtra,Mobile,52,Male,Referral
3956,2023-01-16,India,Maharashtra,Mobile,57,Female,Referral
3957,2023-03-09,India,West Bengal,Mobile,19,Female,Facebook Ads
3958,2023-04-09,India,Odisha,Mobile,51,Female,Referral
3959,2023-02-17,India,Gujarat,Desktop,35,Female,Referral
3960,2023-03-05,India,West Bengal,Mobile,24,Male,Facebook Ads
3961,2023-03-31,India,Telangana,Desktop,55,Male,Referral
3962,2023-03-17,India,Maharashtra,Mobile,59,Male,Google Ads
3963,2023-05-19,India,Rajasthan,Mobile,24,Male,Google Ads
3964,2023-04-11,India,Maharashtra,Mobile,21,Male,Organic
3965,2023-03-30,India,Uttar Pradesh,Mobile,33,Male,Organic
3966,2023-01-18,India,Gujarat,Mobile,23,Female,Organic
3967,2023-01-19,India,Tamil Nadu,Mobile,37,Female,Organic
3968,2023-02-24,India,Uttar Pradesh,Desktop,48,Female,Referral
3969,2023-04-12,India,Odisha,Mobile,36,Male,Google Ads
3970,2023-04-28,India,Delhi,Desktop,39,Female,Organic
3971,2023-06-03,India,Uttar Pradesh,Mobile,38,Male,Referral
3972,2023-05-14,India,Odisha,Mobile,35,Male,Facebook Ads
3973,2023-01-04,India,Odisha,Mobile,49,Female,Google Ads
3974,2023-04-18,India,Tamil Nadu,Desktop,51,Female,Facebook Ads
3975,2023-04-25,India,Delhi,Mobile,44,Female,Organic
3976,2023-01-29,India,Karnataka,Desktop,55,Female,Organic
3977,2023-02-28,India,West Bengal,Mobile,47,Male,Organic
3978,2023-05-05,India,Rajasthan,Desktop,50,Female,Google Ads
3979,2023-04-08,India,Telangana,Mobile,44,Male,Facebook Ads
3980,2023-01-17,India,Telangana,Mobile,40,Male,Facebook Ads
3981,2023-04-17,India,Telangana,Mobile,36,Female,Google Ads
3982,2023-02-12,India,Karnataka,Mobile,48,Male,Organic
3983,2023-03-21,India,West Bengal,Mobile,21,Female,Organic
3984,2023-06-11,India,Telangana,Mobile,36,Male,Referral
3985,2023-01-08,India,West Bengal,Mobile,55,Male,Google Ads
3986,2023-05-21,India,Rajasthan,Mobile,57,Male,Facebook Ads
3987,2023-04-16,India,Telangana,Mobile,39,Female,Referral
3988,2023-01-08,India,Delhi,Mobile,26,Female,Facebook Ads
3989,2023-04-06,India,Odisha,Mobile,48,Female,Facebook Ads
3990,2023-04-04,India,Telangana,Desktop,27,Female,Referral
3991,2023-03-06,India,West Bengal,Desktop,27,Male,Facebook Ads
3992,2023-06-20,India,Odisha,Mobile,47,Female,Referral
3993,2023-02-08,India,Tamil Nadu,Desktop,27,Male,Referral
3994,2023-03-22,India,Telangana,Mobile,53,Female,Referral
3995,2023-03-25,India,Telangana,Mobile,35,Male,Organic
3996,2023-03-29,India,Uttar Pradesh,Mobile,36,Male,Organic
3997,2023-03-27,India,Odisha,Desktop,40,Male,Google Ads
3998,2023-04-03,India,Telangana,Mobile,21,Male,Google Ads
3999,2023-03-27,India,Delhi,Desktop,29,Male,Referral
4000,2023-02-13,India,Rajasthan,Desktop,41,Male,Google Ads
4001,2023-05-17,India,Odisha,Mobile,30,Female,Organic
4002,2023-06-14,India,Rajasthan,Mobile,21,Male,Organic
4003,2023-03-15,India,Gujarat,Mobile,44,Female,Referral
4004,2023-02-05,India,West Bengal,Mobile,55,Female,Organic
4005,2023-04-11,India,Tamil Nadu,Mobile,56,Female,Referral
4006,2023-06-05,India,Uttar Pradesh,Mobile,25,Male,Google Ads
4007,2023-06-19,India,Delhi,Mobile,43,Male,Organic
4008,2023-06-20,India,Tamil Nadu,Mobile,51,Male,Referral
4009,2023-06-19,India,Uttar Pradesh,Mobile,26,Male,Referral
4010,2023-04-14,India,Tamil Nadu,Mobile,27,Male,Facebook Ads
4011,2023-03-07,India,Tamil Nadu,Mobile,18,Female,Referral
4012,2023-02-24,India,Maharashtra,Mobile,25,Male,Referral
4013,2023-06-25,India,West Bengal,Mobile,27,Female,Organic
4014,2023-04-01,India,Karnataka,Desktop,42,Male,Facebook Ads
4015,2023-01-22,India,Uttar Pradesh,Mobile,48,Male,Facebook Ads
4016,2023-04-11,India,Delhi,Mobile,56,Female,Facebook Ads
4017,2023-06-04,India,Odisha,Desktop,20,Female,Organic
4018,2023-05-01,India,Tamil Nadu,Mobile,56,Male,Google Ads
4019,2023-04-03,India,Tamil Nadu,Desktop,55,Male,Referral
4020,2023-04-18,India,Uttar Pradesh,Mobile,52,Female,Facebook Ads
4021,2023-05-21,India,Gujarat,Desktop,25,Male,Facebook Ads
4022,2023-06-22,India,Karnataka,Desktop,18,Male,Organic
4023,2023-01-10,India,Tamil Nadu,Mobile,22,Male,Organic
4024,2023-01-09,India,Telangana,Mobile,44,Male,Facebook Ads
4025,2023-06-04,India,Maharashtra,Desktop,43,Male,Google Ads
4026,2023-02-03,India,Rajasthan,Desktop,43,Male,Organic
4027,2023-05-09,India,Maharashtra,Desktop,28,Female,Facebook Ads
4028,2023-06-09,India,Karnataka,Mobile,51,Male,Google Ads
4029,2023-03-30,India,Telangana,Desktop,58,Female,Organic
4030,2023-04-03,India,Maharashtra,Mobile,19,Male,Google Ads
4031,2023-03-12,India,Rajasthan,Mobile,38,Female,Facebook Ads
4032,2023-03-08,India,Odisha,Mobile,43,Male,Google Ads
4033,2023-05-28,India,West Bengal,Mobile,29,Female,Facebook Ads
4034,2023-04-27,India,Odisha,Mobile,26,Female,Organic
4035,2023-04-04,India,West Bengal,Mobile,58,Male,Referral
4036,2023-06-12,India,Gujarat,Mobile,40,Female,Referral
4037,2023-04-09,India,Gujarat,Mobile,59,Female,Facebook Ads
4038,2023-04-23,India,Gujarat,Desktop,22,Male,Referral
4039,2023-04-13,India,Maharashtra,Mobile,26,Male,Facebook Ads
4040,2023-04-01,India,Gujarat,Mobile,27,Female,Referral
4041,2023-03-31,India,West Bengal,Mobile,27,Male,Referral
4042,2023-01-17,India,Odisha,Mobile,31,Female,Organic
4043,2023-01-18,India,Uttar Pradesh,Mobile,53,Male,Facebook Ads
4044,2023-06-22,India,Tamil Nadu,Mobile,27,Female,Google Ads
4045,2023-04-26,India,West Bengal,Mobile,54,Female,Organic
4046,2023-04-03,India,Odisha,Desktop,58,Female,Google Ads
4047,2023-04-01,India,Odisha,Mobile,55,Female,Organic
4048,2023-03-23,India,Tamil Nadu,Mobile,39,Male,Facebook Ads
4049,2023-03-09,India,Telangana,Mobile,40,Female,Google Ads
4050,2023-04-24,India,Uttar Pradesh,Mobile,33,Male,Organic
4051,2023-01-01,India,Telangana,Mobile,28,Male,Referral
4052,2023-02-27,India,Telangana,Mobile,52,Female,Google Ads
4053,2023-06-03,India,Odisha,Mobile,37,Female,Organic
4054,2023-04-19,India,Rajasthan,Mobile,54,Female,Organic
4055,2023-05-28,India,Delhi,Mobile,58,Female,Google Ads
4056,2023-04-26,India,West Bengal,Mobile,22,Male,Referral
4057,2023-03-28,India,Maharashtra,Desktop,53,Female,Google Ads
4058,2023-01-10,India,Telangana,Mobile,30,Female,Google Ads
4059,2023-02-28,India,Gujarat,Mobile,34,Male,Google Ads
4060,2023-02-10,India,Maharashtra,Mobile,43,Male,Organic
4061,2023-04-15,India,Karnataka,Desktop,37,Female,Referral
4062,2023-05-13,India,Rajasthan,Desktop,56,Female,Google Ads
4063,2023-05-02,India,Maharashtra,Mobile,50,Female,Google Ads
4064,2023-05-25,India,Tamil Nadu,Desktop,47,Female,Google Ads
4065,2023-01-22,India,Delhi,Mobile,33,Female,Google Ads
4066,2023-04-08,India,Uttar Pradesh,Desktop,24,Female,Google Ads
4067,2023-06-18,India,Tamil Nadu,Mobile,47,Female,Google Ads
4068,2023-03-09,India,Telangana,Mobile,19,Female,Referral
4069,2023-05-19,India,Rajasthan,Mobile,29,Female,Referral
4070,2023-02-25,India,Rajasthan,Mobile,57,Female,Referral
4071,2023-06-28,India,Telangana,Mobile,18,Male,Facebook Ads
4072,2023-05-29,India,Delhi,Mobile,20,Male,Facebook Ads
4073,2023-04-09,India,Odisha,Mobile,25,Female,Organic
4074,2023-03-17,India,Maharashtra,Mobile,43,Female,Referral
4075,2023-01-26,India,Gujarat,Mobile,57,Female,Referral
4076,2023-04-25,India,Telangana,Desktop,28,Female,Referral
4077,2023-05-27,India,Gujarat,Desktop,38,Female,Google Ads
4078,2023-04-19,India,Maharashtra,Desktop,22,Male,Google Ads
4079,2023-02-16,India,Delhi,Desktop,57,Female,Organic
4080,2023-03-12,India,Odisha,Mobile,43,Male,Referral
4081,2023-06-03,India,Uttar Pradesh,Mobile,38,Female,Google Ads
4082,2023-02-09,India,Delhi,Mobile,26,Female,Referral
4083,2023-05-13,India,Gujarat,Mobile,34,Female,Referral
4084,2023-05-29,India,Rajasthan,Mobile,54,Female,Google Ads
4085,2023-05-12,India,Rajasthan,Desktop,19,Female,Google Ads
4086,2023-01-23,India,Karnataka,Mobile,57,Female,Facebook Ads
4087,2023-04-16,India,West Bengal,Desktop,45,Female,Google Ads
4088,2023-03-25,India,Tamil Nadu,Mobile,44,Female,Facebook Ads
4089,2023-05-23,India,Tamil Nadu,Desktop,57,Male,Google Ads
4090,2023-04-26,India,Telangana,Mobile,18,Female,Referral
4091,2023-04-19,India,Gujarat,Mobile,28,Female,Google Ads
4092,2023-05-16,India,Tamil Nadu,Desktop,56,Female,Organic
4093,2023-02-10,India,Tamil Nadu,Mobile,35,Female,Referral
4094,2023-04-22,India,Delhi,Mobile,44,Female,Organic
4095,2023-05-27,India,Uttar Pradesh,Mobile,27,Male,Referral
4096,2023-04-22,India,Gujarat,Mobile,53,Female,Google Ads
4097,2023-04-13,India,Karnataka,Mobile,38,Male,Google Ads
4098,2023-02-15,India,Uttar Pradesh,Mobile,45,Male,Google Ads
4099,2023-06-05,India,Karnataka,Mobile,18,Female,Facebook Ads
4100,2023-03-09,India,Gujarat,Mobile,31,Male,Google Ads
4101,2023-05-02,India,Odisha,Mobile,37,Female,Organic
4102,2023-01-15,India,Odisha,Desktop,26,Male,Facebook Ads
4103,2023-06-14,India,Tamil Nadu,Desktop,44,Female,Google Ads
4104,2023-05-09,India,Telangana,Mobile,21,Male,Facebook Ads
4105,2023-04-21,India,Rajasthan,Mobile,54,Female,Facebook Ads
4106,2023-01-24,India,Delhi,Mobile,35,Male,Referral
4107,2023-01-27,India,Tamil Nadu,Desktop,48,Male,Facebook Ads
4108,2023-02-09,India,West Bengal,Desktop,56,Female,Facebook Ads
4109,2023-06-13,India,Odisha,Desktop,27,Male,Referral
4110,2023-01-24,India,Tamil Nadu,Mobile,26,Male,Google Ads
4111,2023-01-24,India,Rajasthan,Mobile,45,Male,Organic
4112,2023-01-04,India,Karnataka,Mobile,45,Male,Facebook Ads
4113,2023-03-08,India,Karnataka,Mobile,30,Female,Organic
4114,2023-02-03,India,Maharashtra,Mobile,35,Male,Facebook Ads
4115,2023-06-26,India,Delhi,Mobile,29,Female,Organic
4116,2023-04-26,India,Telangana,Desktop,25,Female,Referral
4117,2023-01-23,India,Karnataka,Mobile,40,Male,Facebook Ads
4118,2023-04-19,India,Maharashtra,Desktop,22,Male,Facebook Ads
4119,2023-03-10,India,Odisha,Mobile,24,Female,Google Ads
4120,2023-04-05,India,Karnataka,Desktop,32,Female,Google Ads
4121,2023-03-03,India,Telangana,Desktop,20,Female,Facebook Ads
4122,2023-06-18,India,Tamil Nadu,Desktop,35,Male,Referral
4123,2023-02-26,India,Rajasthan,Desktop,55,Male,Organic
4124,2023-02-23,India,West Bengal,Desktop,43,Male,Google Ads
4125,2023-03-11,India,Karnataka,Mobile,55,Female,Google Ads
4126,2023-04-11,India,West Bengal,Mobile,50,Male,Google Ads
4127,2023-02-26,India,West Bengal,Mobile,38,Female,Google Ads
4128,2023-05-18,India,West Bengal,Desktop,34,Female,Referral
4129,2023-06-17,India,Uttar Pradesh,Desktop,19,Female,Facebook Ads
4130,2023-05-15,India,West Bengal,Mobile,42,Female,Organic
4131,2023-04-13,India,Uttar Pradesh,Mobile,58,Female,Google Ads
4132,2023-06-15,India,Rajasthan,Mobile,36,Male,Referral
4133,2023-03-26,India,West Bengal,Desktop,55,Female,Referral
4134,2023-03-02,India,Maharashtra,Mobile,42,Male,Google Ads
4135,2023-01-03,India,West Bengal,Mobile,56,Female,Organic
4136,2023-05-08,India,Gujarat,Mobile,21,Male,Google Ads
4137,2023-06-28,India,Delhi,Mobile,20,Male,Referral
4138,2023-03-27,India,Maharashtra,Mobile,51,Female,Organic
4139,2023-02-16,India,Telangana,Mobile,59,Male,Referral
4140,2023-03-17,India,Karnataka,Desktop,27,Male,Facebook Ads
4141,2023-02-07,India,Rajasthan,Mobile,44,Female,Referral
4142,2023-06-13,India,Rajasthan,Mobile,43,Female,Google Ads
4143,2023-06-18,India,Gujarat,Desktop,44,Female,Organic
4144,2023-05-21,India,Gujarat,Desktop,18,Male,Google Ads
4145,2023-03-28,India,Gujarat,Desktop,37,Male,Facebook Ads
4146,2023-02-27,India,Gujarat,Mobile,42,Male,Organic
4147,2023-02-19,India,Gujarat,Desktop,27,Female,Organic
4148,2023-01-30,India,Odisha,Mobile,18,Male,Organic
4149,2023-04-11,India,Tamil Nadu,Desktop,33,Female,Referral
4150,2023-01-25,India,Rajasthan,Mobile,28,Female,Google Ads
4151,2023-04-22,India,Gujarat,Mobile,21,Male,Organic
4152,2023-06-04,India,Karnataka,Mobile,52,Male,Organic
4153,2023-06-28,India,Odisha,Mobile,30,Female,Organic
4154,2023-05-06,India,Maharashtra,Desktop,38,Female,Facebook Ads
4155,2023-05-03,India,Maharashtra,Mobile,32,Male,Organic
4156,2023-02-16,India,Uttar Pradesh,Mobile,27,Female,Referral
4157,2023-04-28,India,Tamil Nadu,Mobile,55,Female,Referral
4158,2023-02-08,India,Maharashtra,Mobile,28,Male,Organic
4159,2023-01-16,India,Gujarat,Desktop,49,Female,Referral
4160,2023-01-22,India,Rajasthan,Desktop,50,Male,Referral
4161,2023-02-23,India,Uttar Pradesh,Desktop,37,Male,Organic
4162,2023-05-29,India,Delhi,Mobile,53,Male,Referral
4163,2023-01-16,India,Odisha,Mobile,47,Female,Facebook Ads
4164,2023-02-28,India,Delhi,Mobile,27,Male,Organic
4165,2023-01-31,India,Delhi,Mobile,32,Male,Google Ads
4166,2023-06-19,India,Gujarat,Mobile,46,Male,Referral
4167,2023-02-01,India,Delhi,Desktop,18,Male,Organic
4168,2023-06-11,India,Delhi,Mobile,38,Male,Google Ads
4169,2023-01-09,India,Maharashtra,Mobile,32,Male,Facebook Ads
4170,2023-05-19,India,Telangana,Mobile,20,Female,Facebook Ads
4171,2023-01-10,India,Uttar Pradesh,Mobile,50,Female,Organic
4172,2023-01-17,India,Delhi,Desktop,55,Female,Organic
4173,2023-03-09,India,Tamil Nadu,Mobile,36,Female,Facebook Ads
4174,2023-02-17,India,Karnataka,Mobile,21,Male,Facebook Ads
4175,2023-06-29,India,Uttar Pradesh,Mobile,29,Female,Facebook Ads
4176,2023-04-21,India,Tamil Nadu,Desktop,42,Female,Google Ads
4177,2023-06-02,India,Karnataka,Desktop,51,Female,Google Ads
4178,2023-05-03,India,Delhi,Mobile,34,Male,Organic
4179,2023-05-29,India,Telangana,Mobile,23,Male,Google Ads
4180,2023-04-11,India,West Bengal,Mobile,29,Male,Referral
4181,2023-04-12,India,Rajasthan,Mobile,32,Female,Facebook Ads
4182,2023-03-06,India,Tamil Nadu,Desktop,34,Male,Organic
4183,2023-02-20,India,Delhi,Desktop,18,Male,Google Ads
4184,2023-02-05,India,Uttar Pradesh,Desktop,31,Male,Organic
4185,2023-03-22,India,Maharashtra,Mobile,19,Female,Google Ads
4186,2023-05-07,India,Delhi,Desktop,21,Male,Organic
4187,2023-03-29,India,West Bengal,Mobile,19,Female,Facebook Ads
4188,2023-04-14,India,Delhi,Desktop,43,Female,Facebook Ads
4189,2023-01-15,India,Delhi,Mobile,57,Male,Facebook Ads
4190,2023-04-06,India,Rajasthan,Mobile,50,Male,Google Ads
4191,2023-06-16,India,Maharashtra,Mobile,56,Male,Organic
4192,2023-05-03,India,Tamil Nadu,Mobile,23,Male,Organic
4193,2023-01-01,India,Gujarat,Mobile,47,Female,Organic
4194,2023-05-31,India,Gujarat,Desktop,39,Female,Referral
4195,2023-05-02,India,Uttar Pradesh,Mobile,44,Female,Google Ads
4196,2023-06-16,India,Telangana,Mobile,36,Female,Facebook Ads
4197,2023-05-06,India,Delhi,Mobile,27,Male,Facebook Ads
4198,2023-02-26,India,Uttar Pradesh,Mobile,23,Female,Organic
4199,2023-03-22,India,Telangana,Desktop,43,Female,Organic
4200,2023-06-11,India,Tamil Nadu,Mobile,59,Male,Referral
4201,2023-06-18,India,Tamil Nadu,Mobile,20,Female,Google Ads
4202,2023-03-14,India,Maharashtra,Desktop,20,Male,Organic
4203,2023-05-21,India,Gujarat,Desktop,23,Male,Organic
4204,2023-03-11,India,Gujarat,Mobile,27,Male,Google Ads
4205,2023-01-06,India,Uttar Pradesh,Desktop,55,Female,Organic
4206,2023-03-25,India,Rajasthan,Mobile,30,Male,Facebook Ads
4207,2023-02-21,India,Gujarat,Desktop,55,Male,Google Ads
4208,2023-01-03,India,Rajasthan,Mobile,29,Male,Facebook Ads
4209,2023-03-22,India,Rajasthan,Desktop,44,Female,Referral
4210,2023-03-04,India,Tamil Nadu,Mobile,25,Female,Organic
4211,2023-02-18,India,Maharashtra,Mobile,22,Male,Organic
4212,2023-03-17,India,Uttar Pradesh,Mobile,53,Female,Google Ads
4213,2023-04-22,India,Karnataka,Mobile,55,Female,Referral
4214,2023-06-24,India,Uttar Pradesh,Desktop,47,Female,Google Ads
4215,2023-04-19,India,Rajasthan,Mobile,54,Female,Referral
4216,2023-03-06,India,Telangana,Mobile,46,Female,Google Ads
4217,2023-03-22,India,Telangana,Mobile,39,Male,Google Ads
4218,2023-01-15,India,Maharashtra,Mobile,31,Female,Organic
4219,2023-04-10,India,Tamil Nadu,Desktop,27,Female,Organic
4220,2023-02-01,India,Tamil Nadu,Mobile,28,Female,Referral
4221,2023-04-06,India,Rajasthan,Mobile,52,Female,Facebook Ads
4222,2023-05-08,India,Rajasthan,Desktop,40,Male,Facebook Ads
4223,2023-05-26,India,West Bengal,Desktop,25,Male,Google Ads
4224,2023-04-23,India,West Bengal,Mobile,38,Female,Organic
4225,2023-03-24,India,Rajasthan,Mobile,54,Male,Google Ads
4226,2023-02-12,India,Gujarat,Desktop,45,Female,Referral
4227,2023-04-26,India,Uttar Pradesh,Desktop,48,Female,Google Ads
4228,2023-06-12,India,Gujarat,Desktop,45,Male,Google Ads
4229,2023-03-19,India,Tamil Nadu,Desktop,59,Male,Google Ads
4230,2023-02-27,India,Karnataka,Desktop,44,Female,Referral
4231,2023-02-02,India,Uttar Pradesh,Desktop,57,Female,Referral
4232,2023-01-14,India,Gujarat,Desktop,38,Male,Google Ads
4233,2023-06-11,India,Gujarat,Mobile,26,Female,Organic
4234,2023-05-12,India,Odisha,Mobile,46,Female,Referral
4235,2023-02-28,India,Uttar Pradesh,Mobile,32,Male,Facebook Ads
4236,2023-06-06,India,Karnataka,Mobile,50,Male,Google Ads
4237,2023-03-24,India,Maharashtra,Desktop,54,Male,Organic
4238,2023-05-14,India,Maharashtra,Desktop,53,Female,Referral
4239,2023-05-01,India,Gujarat,Desktop,45,Female,Google Ads
4240,2023-06-26,India,Rajasthan,Desktop,27,Male,Organic
4241,2023-06-17,India,Karnataka,Mobile,40,Male,Facebook Ads
4242,2023-03-24,India,Karnataka,Desktop,45,Female,Referral
4243,2023-01-27,India,Tamil Nadu,Mobile,51,Female,Referral
4244,2023-03-21,India,Telangana,Mobile,22,Female,Facebook Ads
4245,2023-05-14,India,Odisha,Mobile,35,Male,Referral
4246,2023-01-13,India,Tamil Nadu,Desktop,23,Male,Organic
4247,2023-03-05,India,Karnataka,Mobile,59,Female,Referral
4248,2023-05-27,India,Delhi,Desktop,40,Female,Google Ads
4249,2023-03-21,India,Rajasthan,Mobile,45,Female,Facebook Ads
4250,2023-05-03,India,Karnataka,Mobile,58,Female,Google Ads
4251,2023-02-12,India,Odisha,Mobile,30,Male,Referral
4252,2023-03-30,India,Karnataka,Mobile,42,Male,Google Ads
4253,2023-05-28,India,Uttar Pradesh,Desktop,24,Male,Organic
4254,2023-04-05,India,Uttar Pradesh,Mobile,19,Male,Google Ads
4255,2023-06-21,India,West Bengal,Desktop,33,Male,Organic
4256,2023-05-31,India,Odisha,Desktop,19,Female,Organic
4257,2023-01-02,India,Gujarat,Desktop,53,Male,Organic
4258,2023-04-30,India,Telangana,Mobile,19,Male,Facebook Ads
4259,2023-01-22,India,Gujarat,Desktop,55,Male,Google Ads
4260,2023-04-25,India,Telangana,Mobile,27,Female,Organic
4261,2023-02-26,India,Telangana,Mobile,31,Female,Organic
4262,2023-03-13,India,Telangana,Mobile,44,Male,Google Ads
4263,2023-01-07,India,Maharashtra,Desktop,32,Male,Referral
4264,2023-04-29,India,Telangana,Mobile,38,Male,Facebook Ads
4265,2023-04-24,India,Karnataka,Mobile,29,Male,Organic
4266,2023-01-16,India,Delhi,Mobile,50,Female,Referral
4267,2023-03-24,India,Odisha,Mobile,57,Male,Referral
4268,2023-06-28,India,Delhi,Mobile,39,Male,Referral
4269,2023-03-13,India,West Bengal,Desktop,55,Male,Organic
4270,2023-05-04,India,Karnataka,Mobile,35,Male,Organic
4271,2023-04-23,India,Telangana,Desktop,19,Female,Organic
4272,2023-01-12,India,Maharashtra,Mobile,46,Male,Google Ads
4273,2023-05-06,India,Tamil Nadu,Desktop,24,Male,Organic
4274,2023-02-22,India,Gujarat,Mobile,48,Male,Facebook Ads
4275,2023-03-16,India,Uttar Pradesh,Mobile,58,Male,Google Ads
4276,2023-05-13,India,Odisha,Mobile,35,Male,Facebook Ads
4277,2023-01-27,India,Delhi,Mobile,26,Female,Referral
4278,2023-05-20,India,Karnataka,Desktop,25,Female,Google Ads
4279,2023-05-25,India,Tamil Nadu,Mobile,50,Male,Google Ads
4280,2023-05-14,India,Rajasthan,Desktop,22,Female,Google Ads
4281,2023-04-07,India,Rajasthan,Desktop,31,Male,Facebook Ads
4282,2023-01-05,India,Uttar Pradesh,Mobile,30,Male,Facebook Ads
4283,2023-02-26,India,Rajasthan,Mobile,28,Male,Referral
4284,2023-06-05,India,Gujarat,Mobile,37,Male,Organic
4285,2023-03-19,India,West Bengal,Mobile,40,Male,Facebook Ads
4286,2023-03-10,India,Rajasthan,Mobile,44,Male,Referral
4287,2023-04-28,India,Uttar Pradesh,Desktop,32,Female,Organic
4288,2023-04-30,India,West Bengal,Mobile,47,Male,Google Ads
4289,2023-02-28,India,Gujarat,Mobile,33,Female,Organic
4290,2023-02-02,India,Uttar Pradesh,Mobile,57,Female,Facebook Ads
4291,2023-03-03,India,Rajasthan,Mobile,35,Female,Referral
4292,2023-02-19,India,Telangana,Desktop,59,Male,Google Ads
4293,2023-04-22,India,Odisha,Desktop,40,Male,Google Ads
4294,2023-01-19,India,Rajasthan,Desktop,53,Male,Organic
4295,2023-05-03,India,Uttar Pradesh,Desktop,55,Male,Organic
4296,2023-02-16,India,Odisha,Mobile,25,Male,Facebook Ads
4297,2023-06-16,India,Odisha,Mobile,56,Female,Google Ads
4298,2023-02-02,India,West Bengal,Mobile,46,Female,Organic
4299,2023-05-21,India,Gujarat,Desktop,29,Male,Google Ads
4300,2023-03-25,India,Rajasthan,Desktop,35,Female,Referral
4301,2023-05-15,India,Tamil Nadu,Mobile,36,Female,Referral
4302,2023-03-20,India,Telangana,Mobile,53,Male,Facebook Ads
4303,2023-01-14,India,Gujarat,Mobile,50,Male,Google Ads
4304,2023-05-27,India,Tamil Nadu,Desktop,22,Male,Organic
4305,2023-05-08,India,Tamil Nadu,Mobile,56,Female,Referral
4306,2023-02-23,India,Delhi,Desktop,45,Female,Referral
4307,2023-05-28,India,West Bengal,Mobile,43,Female,Facebook Ads
4308,2023-01-29,India,Maharashtra,Mobile,38,Female,Referral
4309,2023-01-24,India,Karnataka,Desktop,40,Female,Facebook Ads
4310,2023-03-23,India,Karnataka,Mobile,38,Female,Google Ads
4311,2023-03-04,India,West Bengal,Desktop,28,Female,Organic
4312,2023-04-15,India,West Bengal,Desktop,59,Male,Google Ads
4313,2023-02-26,India,Tamil Nadu,Mobile,56,Female,Google Ads
4314,2023-05-16,India,West Bengal,Desktop,33,Male,Google Ads
4315,2023-03-03,India,Tamil Nadu,Mobile,50,Male,Organic
4316,2023-06-06,India,Gujarat,Mobile,44,Female,Google Ads
4317,2023-01-17,India,Maharashtra,Desktop,18,Female,Google Ads
4318,2023-03-07,India,Delhi,Mobile,33,Male,Facebook Ads
4319,2023-01-06,India,Tamil Nadu,Mobile,22,Female,Facebook Ads
4320,2023-02-27,India,West Bengal,Desktop,35,Male,Facebook Ads
4321,2023-03-10,India,Odisha,Mobile,58,Female,Organic
4322,2023-06-05,India,Rajasthan,Desktop,51,Female,Referral
4323,2023-03-03,India,Karnataka,Desktop,42,Male,Referral
4324,2023-06-18,India,Maharashtra,Mobile,59,Male,Google Ads
4325,2023-03-23,India,Rajasthan,Mobile,51,Male,Referral
4326,2023-06-18,India,Uttar Pradesh,Mobile,32,Male,Google Ads
4327,2023-06-26,India,West Bengal,Mobile,21,Female,Facebook Ads
4328,2023-06-26,India,Tamil Nadu,Desktop,21,Male,Google Ads
4329,2023-03-12,India,Delhi,Desktop,42,Male,Organic
4330,2023-05-11,India,Odisha,Mobile,58,Male,Referral
4331,2023-01-10,India,Delhi,Mobile,30,Female,Google Ads
4332,2023-04-08,India,Rajasthan,Desktop,59,Female,Facebook Ads
4333,2023-03-30,India,Odisha,Mobile,42,Male,Organic
4334,2023-02-04,India,Telangana,Desktop,20,Female,Google Ads
4335,2023-01-02,India,Karnataka,Desktop,52,Male,Google Ads
4336,2023-05-04,India,West Bengal,Mobile,26,Female,Google Ads
4337,2023-01-24,India,Uttar Pradesh,Mobile,31,Male,Organic
4338,2023-03-15,India,Rajasthan,Desktop,39,Male,Google Ads
4339,2023-06-15,India,Tamil Nadu,Mobile,26,Female,Facebook Ads
4340,2023-01-22,India,Karnataka,Mobile,41,Male,Facebook Ads
4341,2023-06-03,India,Uttar Pradesh,Desktop,40,Male,Facebook Ads
4342,2023-06-20,India,Delhi,Desktop,54,Male,Facebook Ads
4343,2023-02-08,India,Karnataka,Mobile,32,Female,Organic
4344,2023-06-06,India,Uttar Pradesh,Mobile,53,Female,Facebook Ads
4345,2023-01-20,India,Uttar Pradesh,Mobile,31,Male,Facebook Ads
4346,2023-02-10,India,Delhi,Mobile,37,Male,Referral
4347,2023-05-28,India,Uttar Pradesh,Mobile,56,Male,Facebook Ads
4348,2023-04-18,India,Maharashtra,Mobile,53,Female,Organic
4349,2023-05-27,India,Odisha,Mobile,44,Male,Referral
4350,2023-03-25,India,Maharashtra,Mobile,34,Male,Referral
4351,2023-04-21,India,Delhi,Mobile,43,Male,Organic
4352,2023-03-07,India,Gujarat,Mobile,58,Female,Referral
4353,2023-06-07,India,Karnataka,Mobile,21,Male,Google Ads
4354,2023-02-22,India,Telangana,Mobile,20,Female,Facebook Ads
4355,2023-02-03,India,Tamil Nadu,Desktop,36,Male,Google Ads
4356,2023-05-30,India,Tamil Nadu,Mobile,58,Male,Organic
4357,2023-03-08,India,Rajasthan,Mobile,57,Male,Google Ads
4358,2023-05-14,India,Rajasthan,Desktop,56,Female,Organic
4359,2023-01-27,India,Delhi,Mobile,24,Male,Google Ads
4360,2023-01-10,India,Rajasthan,Desktop,53,Male,Facebook Ads
4361,2023-03-14,India,Tamil Nadu,Mobile,36,Male,Organic
4362,2023-04-06,India,Maharashtra,Mobile,29,Female,Organic
4363,2023-02-17,India,Telangana,Mobile,37,Male,Organic
4364,2023-03-11,India,Tamil Nadu,Mobile,55,Male,Referral
4365,2023-04-10,India,Maharashtra,Mobile,29,Male,Facebook Ads
4366,2023-02-28,India,Gujarat,Mobile,46,Female,Referral
4367,2023-01-02,India,Delhi,Mobile,47,Female,Referral
4368,2023-06-06,India,West Bengal,Desktop,37,Female,Facebook Ads
4369,2023-03-06,India,Gujarat,Mobile,21,Female,Organic
4370,2023-03-24,India,Gujarat,Mobile,19,Female,Referral
4371,2023-06-03,India,Tamil Nadu,Mobile,47,Male,Referral
4372,2023-01-10,India,Delhi,Mobile,40,Female,Organic
4373,2023-02-22,India,Odisha,Desktop,23,Female,Facebook Ads
4374,2023-03-20,India,Uttar Pradesh,Mobile,35,Female,Facebook Ads
4375,2023-02-28,India,Gujarat,Mobile,39,Female,Facebook Ads
4376,2023-05-30,India,Rajasthan,Desktop,54,Female,Referral
4377,2023-06-28,India,Maharashtra,Desktop,21,Female,Facebook Ads
4378,2023-02-17,India,Odisha,Mobile,28,Male,Facebook Ads
4379,2023-05-29,India,Delhi,Mobile,58,Male,Referral
4380,2023-05-03,India,West Bengal,Mobile,52,Female,Facebook Ads
4381,2023-01-22,India,Telangana,Mobile,28,Female,Google Ads
4382,2023-04-10,India,Odisha,Mobile,51,Female,Facebook Ads
4383,2023-04-08,India,West Bengal,Mobile,26,Female,Facebook Ads
4384,2023-06-07,India,Tamil Nadu,Desktop,48,Male,Organic
4385,2023-01-25,India,Karnataka,Mobile,59,Female,Referral
4386,2023-01-28,India,Uttar Pradesh,Mobile,49,Male,Organic
4387,2023-04-23,India,Tamil Nadu,Mobile,52,Male,Google Ads
4388,2023-02-14,India,Delhi,Mobile,28,Male,Facebook Ads
4389,2023-03-09,India,Karnataka,Mobile,34,Male,Organic
4390,2023-01-07,India,West Bengal,Mobile,53,Female,Organic
4391,2023-02-18,India,Karnataka,Mobile,19,Male,Google Ads
4392,2023-05-17,India,Telangana,Mobile,41,Female,Facebook Ads
4393,2023-06-13,India,Rajasthan,Mobile,32,Female,Organic
4394,2023-03-24,India,Rajasthan,Mobile,45,Male,Facebook Ads
4395,2023-05-09,India,Tamil Nadu,Mobile,20,Male,Google Ads
4396,2023-05-18,India,Tamil Nadu,Mobile,46,Male,Google Ads
4397,2023-06-13,India,Delhi,Mobile,30,Female,Facebook Ads
4398,2023-03-14,India,Delhi,Mobile,39,Male,Google Ads
4399,2023-02-15,India,Maharashtra,Desktop,48,Female,Referral
4400,2023-04-16,India,Telangana,Desktop,24,Female,Organic
4401,2023-06-09,India,Delhi,Mobile,43,Female,Referral
4402,2023-02-01,India,Gujarat,Desktop,48,Female,Referral
4403,2023-01-06,India,Telangana,Mobile,55,Male,Google Ads
4404,2023-06-25,India,Maharashtra,Desktop,55,Male,Google Ads
4405,2023-06-15,India,Rajasthan,Mobile,21,Male,Facebook Ads
4406,2023-05-25,India,Odisha,Mobile,52,Male,Referral
4407,2023-03-15,India,Maharashtra,Mobile,50,Male,Organic
4408,2023-04-24,India,Maharashtra,Mobile,20,Male,Facebook Ads
4409,2023-01-27,India,Tamil Nadu,Desktop,36,Female,Facebook Ads
4410,2023-02-23,India,Uttar Pradesh,Mobile,26,Male,Facebook Ads
4411,2023-06-27,India,Karnataka,Mobile,36,Female,Google Ads
4412,2023-06-12,India,Rajasthan,Mobile,36,Female,Google Ads
4413,2023-03-26,India,West Bengal,Mobile,43,Female,Facebook Ads
4414,2023-05-07,India,West Bengal,Mobile,30,Female,Google Ads
4415,2023-06-02,India,Delhi,Mobile,39,Male,Google Ads
4416,2023-06-05,India,Rajasthan,Mobile,25,Male,Facebook Ads
4417,2023-04-21,India,Gujarat,Desktop,41,Female,Organic
4418,2023-01-15,India,Delhi,Mobile,43,Female,Organic
4419,2023-05-12,India,Delhi,Mobile,58,Male,Google Ads
4420,2023-04-03,India,Maharashtra,Mobile,58,Female,Organic
4421,2023-05-03,India,Rajasthan,Desktop,20,Male,Organic
4422,2023-03-14,India,Karnataka,Mobile,24,Female,Google Ads
4423,2023-06-04,India,Delhi,Mobile,19,Female,Organic
4424,2023-06-03,India,Uttar Pradesh,Desktop,50,Male,Google Ads
4425,2023-05-27,India,Telangana,Mobile,29,Male,Referral
4426,2023-04-02,India,Gujarat,Mobile,29,Male,Facebook Ads
4427,2023-01-17,India,Gujarat,Mobile,27,Male,Organic
4428,2023-02-12,India,Delhi,Desktop,58,Male,Facebook Ads
4429,2023-05-01,India,Uttar Pradesh,Desktop,44,Male,Facebook Ads
4430,2023-02-10,India,Telangana,Desktop,35,Male,Google Ads
4431,2023-06-19,India,Odisha,Mobile,21,Female,Organic
4432,2023-06-27,India,Tamil Nadu,Mobile,57,Male,Organic
4433,2023-06-17,India,Tamil Nadu,Mobile,40,Female,Referral
4434,2023-02-08,India,Tamil Nadu,Desktop,38,Male,Organic
4435,2023-04-23,India,Maharashtra,Desktop,53,Male,Organic
4436,2023-05-31,India,Gujarat,Mobile,47,Female,Google Ads
4437,2023-04-21,India,West Bengal,Mobile,38,Female,Facebook Ads
4438,2023-06-29,India,West Bengal,Mobile,40,Female,Referral
4439,2023-02-16,India,Maharashtra,Mobile,38,Female,Organic
4440,2023-03-04,India,Delhi,Mobile,25,Male,Organic
4441,2023-04-20,India,Rajasthan,Mobile,56,Male,Referral
4442,2023-03-10,India,Rajasthan,Mobile,30,Male,Google Ads
4443,2023-02-12,India,Tamil Nadu,Mobile,57,Male,Organic
4444,2023-06-25,India,Rajasthan,Desktop,39,Male,Organic
4445,2023-02-03,India,Delhi,Desktop,24,Female,Referral
4446,2023-02-09,India,Odisha,Desktop,41,Male,Facebook Ads
4447,2023-03-02,India,Maharashtra,Desktop,22,Male,Organic
4448,2023-06-27,India,Odisha,Mobile,43,Female,Organic
4449,2023-03-03,India,Gujarat,Mobile,27,Female,Facebook Ads
4450,2023-02-27,India,Rajasthan,Desktop,28,Female,Organic
4451,2023-06-10,India,Telangana,Mobile,57,Male,Facebook Ads
4452,2023-03-16,India,Tamil Nadu,Mobile,55,Female,Google Ads
4453,2023-01-16,India,Maharashtra,Mobile,28,Female,Facebook Ads
4454,2023-03-23,India,Tamil Nadu,Desktop,47,Female,Facebook Ads
4455,2023-04-04,India,Rajasthan,Mobile,21,Female,Organic
4456,2023-02-17,India,Karnataka,Mobile,19,Female,Organic
4457,2023-05-18,India,Rajasthan,Mobile,30,Male,Referral
4458,2023-03-23,India,Maharashtra,Desktop,56,Male,Organic
4459,2023-02-07,India,West Bengal,Mobile,34,Female,Organic
4460,2023-05-07,India,Maharashtra,Mobile,40,Female,Facebook Ads
4461,2023-01-19,India,Uttar Pradesh,Mobile,27,Female,Google Ads
4462,2023-06-13,India,Telangana,Desktop,30,Female,Organic
4463,2023-03-04,India,Rajasthan,Desktop,59,Female,Facebook Ads
4464,2023-03-18,India,Uttar Pradesh,Mobile,56,Female,Referral
4465,2023-06-23,India,West Bengal,Mobile,59,Male,Referral
4466,2023-05-11,India,Delhi,Desktop,46,Female,Google Ads
4467,2023-04-12,India,Delhi,Mobile,33,Female,Google Ads
4468,2023-03-06,India,Telangana,Desktop,20,Female,Google Ads
4469,2023-04-30,India,Gujarat,Mobile,53,Female,Facebook Ads
4470,2023-04-01,India,Telangana,Mobile,21,Male,Organic
4471,2023-01-08,India,Telangana,Desktop,53,Female,Facebook Ads
4472,2023-06-28,India,Telangana,Mobile,33,Male,Referral
4473,2023-03-14,India,Telangana,Mobile,58,Female,Referral
4474,2023-05-14,India,Telangana,Mobile,23,Female,Organic
4475,2023-04-17,India,Odisha,Desktop,59,Female,Google Ads
4476,2023-03-30,India,West Bengal,Mobile,45,Female,Referral
4477,2023-02-08,India,Maharashtra,Mobile,53,Male,Google Ads
4478,2023-04-23,India,Rajasthan,Desktop,40,Female,Facebook Ads
4479,2023-01-28,India,Uttar Pradesh,Mobile,29,Male,Google Ads
4480,2023-04-07,India,Telangana,Mobile,59,Male,Facebook Ads
4481,2023-02-06,India,Gujarat,Mobile,48,Female,Organic
4482,2023-05-17,India,Tamil Nadu,Desktop,29,Male,Google Ads
4483,2023-03-23,India,Rajasthan,Mobile,49,Male,Organic
4484,2023-02-25,India,Tamil Nadu,Mobile,42,Female,Google Ads
4485,2023-03-26,India,Uttar Pradesh,Mobile,46,Female,Referral
4486,2023-01-02,India,Uttar Pradesh,Desktop,36,Female,Organic
4487,2023-02-27,India,Rajasthan,Desktop,39,Female,Google Ads
4488,2023-04-17,India,Gujarat,Mobile,41,Female,Organic
4489,2023-05-03,India,Odisha,Mobile,50,Female,Google Ads
4490,2023-06-17,India,Delhi,Desktop,53,Male,Facebook Ads
4491,2023-06-13,India,Uttar Pradesh,Mobile,57,Female,Organic
4492,2023-04-24,India,Gujarat,Desktop,33,Male,Referral
4493,2023-04-17,India,Uttar Pradesh,Mobile,19,Female,Organic
4494,2023-02-06,India,Karnataka,Mobile,25,Male,Facebook Ads
4495,2023-03-20,India,Delhi,Mobile,30,Male,Facebook Ads
4496,2023-04-02,India,Uttar Pradesh,Desktop,47,Male,Referral
4497,2023-01-18,India,Gujarat,Mobile,18,Female,Facebook Ads
4498,2023-04-08,India,Uttar Pradesh,Mobile,29,Male,Referral
4499,2023-03-04,India,Tamil Nadu,Mobile,24,Female,Google Ads
4500,2023-05-30,India,Rajasthan,Mobile,31,Male,Facebook Ads
4501,2023-05-19,India,Rajasthan,Mobile,59,Female,Google Ads
4502,2023-01-04,India,Uttar Pradesh,Mobile,52,Female,Google Ads
4503,2023-05-15,India,Gujarat,Desktop,45,Male,Facebook Ads
4504,2023-03-02,India,Tamil Nadu,Mobile,29,Female,Referral
4505,2023-04-17,India,Odisha,Desktop,57,Female,Referral
4506,2023-02-23,India,Odisha,Mobile,41,Female,Referral
4507,2023-03-29,India,Tamil Nadu,Mobile,18,Male,Facebook Ads
4508,2023-03-09,India,Maharashtra,Mobile,34,Female,Google Ads
4509,2023-05-09,India,Gujarat,Desktop,55,Female,Organic
4510,2023-02-24,India,Odisha,Desktop,45,Male,Organic
4511,2023-01-03,India,Maharashtra,Mobile,50,Male,Facebook Ads
4512,2023-06-15,India,Gujarat,Desktop,41,Female,Organic
4513,2023-05-01,India,Tamil Nadu,Mobile,23,Male,Google Ads
4514,2023-05-09,India,Telangana,Mobile,38,Female,Organic
4515,2023-04-12,India,Maharashtra,Mobile,21,Male,Referral
4516,2023-02-07,India,Maharashtra,Mobile,50,Male,Google Ads
4517,2023-03-26,India,Uttar Pradesh,Mobile,27,Male,Facebook Ads
4518,2023-06-06,India,West Bengal,Desktop,53,Male,Facebook Ads
4519,2023-05-13,India,West Bengal,Mobile,30,Female,Referral
4520,2023-04-02,India,Gujarat,Desktop,53,Male,Organic
4521,2023-01-21,India,Uttar Pradesh,Mobile,26,Female,Facebook Ads
4522,2023-04-19,India,Rajasthan,Mobile,48,Female,Facebook Ads
4523,2023-02-16,India,Delhi,Desktop,21,Female,Google Ads
4524,2023-03-25,India,Telangana,Desktop,37,Male,Google Ads
4525,2023-03-24,India,Delhi,Desktop,25,Male,Google Ads
4526,2023-02-04,India,Maharashtra,Mobile,44,Male,Google Ads
4527,2023-03-10,India,Karnataka,Desktop,53,Male,Facebook Ads
4528,2023-05-09,India,Odisha,Desktop,26,Female,Google Ads
4529,2023-05-20,India,Odisha,Mobile,41,Male,Referral
4530,2023-01-27,India,Uttar Pradesh,Mobile,54,Female,Referral
4531,2023-02-25,India,West Bengal,Mobile,58,Male,Google Ads
4532,2023-01-23,India,Karnataka,Mobile,57,Male,Google Ads
4533,2023-06-02,India,Uttar Pradesh,Mobile,47,Female,Organic
4534,2023-01-21,India,Maharashtra,Desktop,43,Male,Google Ads
4535,2023-03-02,India,Karnataka,Mobile,21,Male,Facebook Ads
4536,2023-03-04,India,Odisha,Desktop,18,Female,Referral
4537,2023-05-02,India,Gujarat,Mobile,37,Male,Referral
4538,2023-02-21,India,Maharashtra,Mobile,45,Female,Facebook Ads
4539,2023-03-29,India,Uttar Pradesh,Mobile,41,Female,Google Ads
4540,2023-06-02,India,Rajasthan,Mobile,45,Male,Organic
4541,2023-02-24,India,Tamil Nadu,Desktop,45,Female,Referral
4542,2023-02-15,India,Maharashtra,Desktop,22,Female,Organic
4543,2023-02-01,India,Maharashtra,Mobile,49,Male,Referral
4544,2023-02-24,India,Rajasthan,Desktop,47,Male,Organic
4545,2023-04-06,India,Telangana,Mobile,38,Male,Referral
4546,2023-05-13,India,Gujarat,Mobile,59,Female,Organic
4547,2023-02-05,India,Rajasthan,Mobile,33,Female,Google Ads
4548,2023-04-20,India,Delhi,Mobile,25,Male,Google Ads
4549,2023-06-26,India,Delhi,Mobile,29,Female,Facebook Ads
4550,2023-04-16,India,Maharashtra,Mobile,49,Female,Facebook Ads
4551,2023-02-27,India,Telangana,Mobile,42,Male,Organic
4552,2023-02-08,India,Odisha,Desktop,20,Male,Organic
4553,2023-03-21,India,Telangana,Mobile,43,Male,Referral
4554,2023-04-07,India,Delhi,Mobile,53,Female,Facebook Ads
4555,2023-04-23,India,Telangana,Mobile,34,Female,Facebook Ads
4556,2023-03-02,India,Telangana,Desktop,44,Male,Referral
4557,2023-05-17,India,Gujarat,Desktop,39,Female,Organic
4558,2023-01-06,India,Maharashtra,Desktop,55,Male,Facebook Ads
4559,2023-04-19,India,Gujarat,Mobile,52,Male,Organic
4560,2023-02-04,India,Odisha,Mobile,24,Male,Google Ads
4561,2023-02-08,India,Odisha,Desktop,20,Female,Organic
4562,2023-05-30,India,Delhi,Mobile,23,Female,Google Ads
4563,2023-06-18,India,Uttar Pradesh,Mobile,30,Female,Google Ads
4564,2023-04-28,India,Rajasthan,Mobile,32,Female,Referral
4565,2023-01-05,India,West Bengal,Mobile,43,Female,Referral
4566,2023-06-19,India,Maharashtra,Mobile,50,Female,Google Ads
4567,2023-03-28,India,Uttar Pradesh,Mobile,32,Male,Referral
4568,2023-03-17,India,Maharashtra,Mobile,56,Male,Facebook Ads
4569,2023-06-07,India,Rajasthan,Mobile,58,Male,Facebook Ads
4570,2023-02-26,India,Rajasthan,Desktop,31,Male,Organic
4571,2023-05-07,India,Karnataka,Mobile,36,Female,Google Ads
4572,2023-01-29,India,Gujarat,Mobile,45,Male,Organic
4573,2023-06-14,India,Delhi,Mobile,41,Male,Google Ads
4574,2023-03-28,India,Karnataka,Mobile,58,Male,Google Ads
4575,2023-05-21,India,Odisha,Mobile,50,Female,Organic
4576,2023-06-09,India,West Bengal,Mobile,29,Male,Organic
4577,2023-02-15,India,Delhi,Mobile,27,Male,Organic
4578,2023-04-26,India,Odisha,Mobile,24,Male,Organic
4579,2023-04-22,India,Telangana,Desktop,18,Male,Facebook Ads
4580,2023-05-31,India,Gujarat,Mobile,32,Female,Google Ads
4581,2023-02-14,India,Gujarat,Mobile,18,Female,Referral
4582,2023-05-25,India,Gujarat,Mobile,37,Male,Google Ads
4583,2023-04-14,India,Karnataka,Desktop,19,Male,Facebook Ads
4584,2023-03-26,India,Tamil Nadu,Mobile,20,Female,Google Ads
4585,2023-05-14,India,Uttar Pradesh,Desktop,53,Female,Facebook Ads
4586,2023-04-18,India,Rajasthan,Mobile,33,Female,Google Ads
4587,2023-01-18,India,West Bengal,Mobile,46,Female,Facebook Ads
4588,2023-04-04,India,Rajasthan,Mobile,53,Male,Referral
4589,2023-05-30,India,Tamil Nadu,Mobile,56,Female,Referral
4590,2023-02-02,India,Telangana,Mobile,20,Male,Referral
4591,2023-06-07,India,Telangana,Mobile,54,Female,Referral
4592,2023-05-06,India,Telangana,Mobile,29,Male,Facebook Ads
4593,2023-06-09,India,Delhi,Mobile,37,Female,Google Ads
4594,2023-06-19,India,Odisha,Mobile,40,Male,Referral
4595,2023-05-02,India,Odisha,Desktop,39,Female,Referral
4596,2023-05-18,India,Telangana,Desktop,49,Female,Google Ads
4597,2023-04-25,India,West Bengal,Mobile,24,Male,Google Ads
4598,2023-06-13,India,Karnataka,Desktop,39,Male,Organic
4599,2023-06-11,India,West Bengal,Mobile,19,Female,Google Ads
4600,2023-01-28,India,West Bengal,Mobile,31,Male,Google Ads
4601,2023-01-11,India,Odisha,Mobile,33,Male,Google Ads
4602,2023-06-16,India,Gujarat,Mobile,41,Female,Organic
4603,2023-02-16,India,West Bengal,Mobile,24,Female,Google Ads
4604,2023-05-07,India,West Bengal,Mobile,21,Female,Facebook Ads
4605,2023-05-27,India,Rajasthan,Mobile,54,Male,Referral
4606,2023-04-28,India,Gujarat,Mobile,58,Female,Facebook Ads
4607,2023-05-23,India,Odisha,Desktop,22,Female,Organic
4608,2023-05-06,India,Karnataka,Desktop,19,Male,Organic
4609,2023-06-05,India,Uttar Pradesh,Mobile,22,Male,Organic
4610,2023-06-01,India,Odisha,Mobile,20,Female,Organic
4611,2023-03-13,India,Odisha,Mobile,59,Male,Organic
4612,2023-04-17,India,West Bengal,Mobile,25,Male,Referral
4613,2023-05-17,India,Rajasthan,Mobile,43,Female,Google Ads
4614,2023-06-24,India,Tamil Nadu,Mobile,27,Male,Facebook Ads
4615,2023-02-02,India,Telangana,Mobile,51,Male,Facebook Ads
4616,2023-01-19,India,Maharashtra,Mobile,53,Male,Google Ads
4617,2023-03-15,India,Rajasthan,Desktop,29,Female,Organic
4618,2023-06-17,India,Tamil Nadu,Desktop,37,Male,Google Ads
4619,2023-06-24,India,West Bengal,Mobile,46,Female,Organic
4620,2023-06-06,India,West Bengal,Mobile,31,Female,Referral
4621,2023-06-27,India,Karnataka,Desktop,22,Male,Facebook Ads
4622,2023-04-08,India,Tamil Nadu,Mobile,44,Female,Facebook Ads
4623,2023-05-21,India,Delhi,Mobile,21,Female,Referral
4624,2023-05-09,India,Telangana,Mobile,46,Female,Referral
4625,2023-06-11,India,Maharashtra,Mobile,20,Male,Organic
4626,2023-04-03,India,Karnataka,Desktop,50,Female,Google Ads
4627,2023-06-25,India,Rajasthan,Mobile,47,Female,Organic
4628,2023-02-17,India,Rajasthan,Mobile,53,Female,Organic
4629,2023-06-26,India,Tamil Nadu,Mobile,26,Female,Facebook Ads
4630,2023-03-05,India,Telangana,Mobile,18,Female,Organic
4631,2023-03-02,India,Telangana,Mobile,40,Female,Google Ads
4632,2023-06-06,India,Rajasthan,Desktop,20,Female,Organic
4633,2023-02-08,India,Delhi,Mobile,49,Male,Facebook Ads
4634,2023-05-08,India,West Bengal,Mobile,41,Male,Google Ads
4635,2023-03-29,India,Telangana,Mobile,23,Male,Google Ads
4636,2023-01-26,India,Tamil Nadu,Mobile,30,Female,Facebook Ads
4637,2023-01-17,India,Rajasthan,Mobile,32,Female,Facebook Ads
4638,2023-03-12,India,West Bengal,Mobile,47,Male,Organic
4639,2023-01-13,India,Gujarat,Mobile,29,Female,Facebook Ads
4640,2023-03-10,India,Odisha,Mobile,57,Female,Referral
4641,2023-01-26,India,West Bengal,Mobile,52,Male,Facebook Ads
4642,2023-02-18,India,Telangana,Desktop,45,Female,Referral
4643,2023-01-07,India,Odisha,Mobile,21,Male,Facebook Ads
4644,2023-02-27,India,Telangana,Mobile,24,Male,Referral
4645,2023-02-18,India,Tamil Nadu,Mobile,33,Female,Referral
4646,2023-04-13,India,Uttar Pradesh,Mobile,39,Male,Facebook Ads
4647,2023-02-22,India,West Bengal,Mobile,58,Female,Google Ads
4648,2023-03-03,India,Odisha,Mobile,42,Female,Google Ads
4649,2023-01-17,India,Tamil Nadu,Mobile,20,Male,Referral
4650,2023-06-20,India,Telangana,Mobile,39,Female,Google Ads
4651,2023-01-25,India,West Bengal,Mobile,48,Female,Facebook Ads
4652,2023-05-11,India,Tamil Nadu,Mobile,54,Male,Referral
4653,2023-01-29,India,Telangana,Mobile,39,Female,Organic
4654,2023-04-27,India,Uttar Pradesh,Mobile,44,Female,Referral
4655,2023-06-09,India,Uttar Pradesh,Desktop,19,Male,Organic
4656,2023-01-26,India,Maharashtra,Desktop,39,Female,Organic
4657,2023-05-04,India,Karnataka,Mobile,34,Female,Referral
4658,2023-05-24,India,Tamil Nadu,Mobile,37,Female,Organic
4659,2023-01-25,India,Karnataka,Mobile,41,Male,Google Ads
4660,2023-02-23,India,Maharashtra,Mobile,48,Male,Organic
4661,2023-06-05,India,Delhi,Mobile,25,Male,Google Ads
4662,2023-03-14,India,West Bengal,Mobile,22,Female,Referral
4663,2023-04-30,India,Telangana,Desktop,19,Male,Organic
4664,2023-02-25,India,Rajasthan,Mobile,21,Male,Organic
4665,2023-03-06,India,Karnataka,Mobile,52,Male,Google Ads
4666,2023-04-03,India,Karnataka,Desktop,51,Male,Google Ads
4667,2023-03-27,India,Tamil Nadu,Mobile,20,Female,Referral
4668,2023-03-21,India,West Bengal,Mobile,37,Male,Referral
4669,2023-06-18,India,Tamil Nadu,Mobile,26,Female,Organic
4670,2023-04-18,India,Uttar Pradesh,Mobile,23,Male,Facebook Ads
4671,2023-06-28,India,Karnataka,Mobile,22,Female,Organic
4672,2023-04-28,India,West Bengal,Mobile,58,Male,Organic
4673,2023-06-06,India,Gujarat,Mobile,55,Female,Referral
4674,2023-03-24,India,Delhi,Mobile,52,Male,Referral
4675,2023-05-27,India,Telangana,Mobile,48,Female,Organic
4676,2023-06-18,India,Maharashtra,Desktop,30,Male,Google Ads
4677,2023-06-22,India,Delhi,Mobile,43,Female,Referral
4678,2023-01-15,India,Maharashtra,Mobile,39,Male,Organic
4679,2023-05-11,India,Karnataka,Mobile,49,Female,Facebook Ads
4680,2023-05-19,India,Delhi,Mobile,32,Male,Organic
4681,2023-06-23,India,Delhi,Mobile,28,Female,Facebook Ads
4682,2023-01-30,India,Telangana,Desktop,33,Male,Facebook Ads
4683,2023-02-26,India,Rajasthan,Mobile,23,Male,Facebook Ads
4684,2023-05-26,India,Telangana,Desktop,28,Male,Organic
4685,2023-06-28,India,Tamil Nadu,Desktop,27,Female,Referral
4686,2023-05-08,India,Rajasthan,Desktop,33,Male,Google Ads
4687,2023-02-17,India,Delhi,Mobile,29,Male,Google Ads
4688,2023-05-16,India,Rajasthan,Desktop,24,Male,Organic
4689,2023-01-22,India,Rajasthan,Mobile,56,Female,Organic
4690,2023-01-06,India,Tamil Nadu,Mobile,44,Female,Facebook Ads
4691,2023-04-14,India,West Bengal,Mobile,41,Male,Referral
4692,2023-02-05,India,Karnataka,Desktop,32,Male,Organic
4693,2023-03-20,India,West Bengal,Mobile,23,Female,Google Ads
4694,2023-04-26,India,Karnataka,Mobile,36,Female,Organic
4695,2023-02-26,India,West Bengal,Mobile,25,Female,Referral
4696,2023-02-18,India,West Bengal,Mobile,53,Male,Referral
4697,2023-06-22,India,Maharashtra,Mobile,30,Male,Organic
4698,2023-03-23,India,Rajasthan,Desktop,50,Female,Organic
4699,2023-03-07,India,Uttar Pradesh,Desktop,49,Male,Referral
4700,2023-03-18,India,Tamil Nadu,Desktop,45,Female,Referral
4701,2023-02-14,India,West Bengal,Mobile,57,Female,Facebook Ads
4702,2023-03-20,India,Delhi,Mobile,27,Female,Organic
4703,2023-01-20,India,Gujarat,Mobile,50,Female,Organic
4704,2023-05-03,India,Maharashtra,Mobile,18,Male,Organic
4705,2023-03-08,India,Gujarat,Mobile,38,Female,Google Ads
4706,2023-03-24,India,Odisha,Desktop,22,Male,Facebook Ads
4707,2023-01-03,India,Telangana,Mobile,18,Male,Referral
4708,2023-03-05,India,Odisha,Desktop,38,Female,Facebook Ads
4709,2023-02-09,India,Karnataka,Desktop,42,Male,Google Ads
4710,2023-02-28,India,West Bengal,Mobile,37,Male,Facebook Ads
4711,2023-03-03,India,Tamil Nadu,Desktop,26,Male,Google Ads
4712,2023-05-12,India,Delhi,Desktop,33,Female,Facebook Ads
4713,2023-03-01,India,Uttar Pradesh,Mobile,45,Female,Facebook Ads
4714,2023-04-26,India,Uttar Pradesh,Mobile,57,Female,Facebook Ads
4715,2023-03-16,India,Maharashtra,Mobile,53,Male,Organic
4716,2023-05-02,India,Maharashtra,Mobile,56,Male,Referral
4717,2023-04-17,India,Maharashtra,Mobile,41,Female,Facebook Ads
4718,2023-04-06,India,Maharashtra,Mobile,33,Male,Organic
4719,2023-04-01,India,Rajasthan,Mobile,31,Female,Organic
4720,2023-06-07,India,West Bengal,Mobile,51,Female,Organic
4721,2023-05-10,India,Gujarat,Mobile,41,Female,Google Ads
4722,2023-03-03,India,West Bengal,Mobile,28,Male,Facebook Ads
4723,2023-02-18,India,West Bengal,Mobile,53,Male,Referral
4724,2023-05-17,India,Odisha,Mobile,18,Female,Facebook Ads
4725,2023-04-02,India,Tamil Nadu,Mobile,29,Female,Facebook Ads
4726,2023-06-08,India,Delhi,Desktop,38,Female,Referral
4727,2023-05-04,India,Karnataka,Mobile,26,Male,Organic
4728,2023-03-02,India,Tamil Nadu,Mobile,56,Female,Facebook Ads
4729,2023-02-17,India,Maharashtra,Mobile,20,Female,Organic
4730,2023-06-02,India,Gujarat,Mobile,33,Male,Organic
4731,2023-06-13,India,Odisha,Mobile,21,Male,Organic
4732,2023-05-16,India,Rajasthan,Mobile,43,Male,Referral
4733,2023-02-27,India,Gujarat,Desktop,30,Female,Organic
4734,2023-04-11,India,Odisha,Desktop,37,Male,Facebook Ads
4735,2023-04-22,India,Telangana,Mobile,36,Female,Organic
4736,2023-06-22,India,Rajasthan,Desktop,44,Female,Google Ads
4737,2023-03-03,India,Maharashtra,Mobile,19,Female,Google Ads
4738,2023-02-08,India,Karnataka,Desktop,27,Male,Google Ads
4739,2023-02-27,India,Maharashtra,Mobile,42,Female,Organic
4740,2023-04-09,India,Gujarat,Mobile,36,Male,Facebook Ads
4741,2023-02-13,India,Maharashtra,Mobile,32,Male,Facebook Ads
4742,2023-01-29,India,Telangana,Mobile,56,Male,Organic
4743,2023-02-28,India,Maharashtra,Desktop,41,Female,Organic
4744,2023-03-12,India,Odisha,Mobile,33,Male,Referral
4745,2023-04-02,India,Uttar Pradesh,Mobile,34,Female,Organic
4746,2023-01-09,India,Maharashtra,Mobile,33,Female,Google Ads
4747,2023-05-07,India,Telangana,Mobile,35,Male,Referral
4748,2023-05-14,India,West Bengal,Mobile,21,Female,Referral
4749,2023-06-06,India,West Bengal,Desktop,19,Male,Organic
4750,2023-05-25,India,Karnataka,Desktop,48,Male,Organic
4751,2023-05-24,India,Karnataka,Mobile,19,Male,Referral
4752,2023-05-11,India,Karnataka,Mobile,19,Male,Referral
4753,2023-01-21,India,Tamil Nadu,Mobile,32,Female,Referral
4754,2023-03-05,India,Delhi,Desktop,46,Male,Referral
4755,2023-03-31,India,Karnataka,Desktop,51,Female,Referral
4756,2023-02-05,India,Maharashtra,Mobile,57,Female,Facebook Ads
4757,2023-03-03,India,Karnataka,Desktop,49,Male,Referral
4758,2023-06-19,India,Delhi,Mobile,38,Female,Referral
4759,2023-03-17,India,Tamil Nadu,Mobile,47,Male,Facebook Ads
4760,2023-06-19,India,Delhi,Desktop,41,Male,Google Ads
4761,2023-01-13,India,Gujarat,Mobile,31,Male,Google Ads
4762,2023-01-11,India,Karnataka,Mobile,45,Female,Google Ads
4763,2023-02-23,India,Karnataka,Mobile,31,Male,Google Ads
4764,2023-01-16,India,Karnataka,Mobile,51,Female,Organic
4765,2023-01-08,India,Gujarat,Mobile,31,Male,Organic
4766,2023-04-14,India,Delhi,Desktop,42,Female,Referral
4767,2023-02-28,India,Odisha,Mobile,29,Male,Referral
4768,2023-02-26,India,Maharashtra,Desktop,58,Female,Google Ads
4769,2023-02-09,India,Telangana,Mobile,57,Male,Google Ads
4770,2023-05-10,India,Maharashtra,Mobile,37,Female,Facebook Ads
4771,2023-04-04,India,Karnataka,Desktop,59,Male,Facebook Ads
4772,2023-05-18,India,Tamil Nadu,Mobile,24,Female,Facebook Ads
4773,2023-02-13,India,Gujarat,Mobile,32,Male,Google Ads
4774,2023-05-19,India,Odisha,Mobile,26,Female,Facebook Ads
4775,2023-03-21,India,Rajasthan,Mobile,21,Male,Referral
4776,2023-03-22,India,Odisha,Mobile,48,Male,Google Ads
4777,2023-01-02,India,Telangana,Desktop,40,Male,Organic
4778,2023-06-27,India,Maharashtra,Desktop,23,Female,Google Ads
4779,2023-05-20,India,Karnataka,Mobile,45,Female,Organic
4780,2023-04-25,India,Uttar Pradesh,Desktop,29,Male,Organic
4781,2023-03-31,India,Rajasthan,Desktop,39,Female,Google Ads
4782,2023-01-23,India,Karnataka,Desktop,41,Male,Facebook Ads
4783,2023-05-26,India,Gujarat,Mobile,51,Male,Referral
4784,2023-03-03,India,Rajasthan,Mobile,36,Male,Google Ads
4785,2023-04-23,India,Telangana,Mobile,41,Female,Facebook Ads
4786,2023-05-08,India,Uttar Pradesh,Mobile,37,Male,Organic
4787,2023-03-03,India,Delhi,Mobile,51,Female,Organic
4788,2023-02-07,India,Delhi,Mobile,44,Female,Organic
4789,2023-06-15,India,Delhi,Mobile,46,Male,Organic
4790,2023-03-02,India,Tamil Nadu,Mobile,18,Female,Google Ads
4791,2023-05-09,India,Delhi,Mobile,53,Female,Referral
4792,2023-06-22,India,West Bengal,Mobile,56,Female,Organic
4793,2023-06-05,India,Rajasthan,Desktop,24,Male,Facebook Ads
4794,2023-05-29,India,Uttar Pradesh,Mobile,37,Male,Facebook Ads
4795,2023-05-02,India,Gujarat,Desktop,37,Female,Referral
4796,2023-04-20,India,West Bengal,Desktop,42,Female,Referral
4797,2023-01-13,India,West Bengal,Desktop,38,Male,Referral
4798,2023-06-04,India,Uttar Pradesh,Desktop,26,Male,Organic
4799,2023-04-10,India,Gujarat,Desktop,44,Female,Google Ads
4800,2023-05-15,India,Rajasthan,Mobile,45,Male,Organic
4801,2023-01-22,India,Maharashtra,Desktop,42,Male,Organic
4802,2023-03-15,India,Karnataka,Desktop,53,Female,Facebook Ads
4803,2023-05-12,India,Maharashtra,Desktop,51,Male,Google Ads
4804,2023-01-23,India,Telangana,Mobile,19,Female,Google Ads
4805,2023-04-29,India,Uttar Pradesh,Mobile,26,Female,Facebook Ads
4806,2023-03-11,India,Maharashtra,Mobile,36,Female,Facebook Ads
4807,2023-03-25,India,Maharashtra,Mobile,32,Female,Facebook Ads
4808,2023-04-11,India,Maharashtra,Desktop,38,Male,Referral
4809,2023-03-25,India,Delhi,Mobile,33,Male,Google Ads
4810,2023-06-10,India,Odisha,Mobile,19,Male,Facebook Ads
4811,2023-01-28,India,Maharashtra,Mobile,43,Male,Facebook Ads
4812,2023-05-16,India,Karnataka,Mobile,46,Female,Facebook Ads
4813,2023-01-01,India,Uttar Pradesh,Mobile,50,Male,Organic
4814,2023-06-14,India,Telangana,Mobile,51,Female,Google Ads
4815,2023-03-04,India,Odisha,Mobile,44,Female,Google Ads
4816,2023-01-22,India,Tamil Nadu,Mobile,24,Female,Referral
4817,2023-03-11,India,Karnataka,Mobile,32,Male,Organic
4818,2023-05-05,India,Karnataka,Desktop,34,Female,Google Ads
4819,2023-05-29,India,Delhi,Desktop,26,Female,Referral
4820,2023-04-06,India,Delhi,Desktop,30,Male,Referral
4821,2023-06-12,India,Uttar Pradesh,Mobile,49,Female,Facebook Ads
4822,2023-03-20,India,Karnataka,Mobile,19,Male,Referral
4823,2023-01-05,India,Gujarat,Mobile,49,Male,Referral
4824,2023-03-01,India,Gujarat,Desktop,37,Female,Organic
4825,2023-04-30,India,Uttar Pradesh,Desktop,36,Female,Facebook Ads
4826,2023-02-15,India,Maharashtra,Mobile,44,Male,Facebook Ads
4827,2023-06-27,India,West Bengal,Desktop,53,Male,Facebook Ads
4828,2023-06-25,India,Tamil Nadu,Mobile,47,Female,Referral
4829,2023-05-14,India,Telangana,Mobile,28,Female,Facebook Ads
4830,2023-02-25,India,Delhi,Mobile,33,Female,Google Ads
4831,2023-04-20,India,Telangana,Mobile,43,Female,Organic
4832,2023-06-06,India,West Bengal,Mobile,47,Female,Organic
4833,2023-04-14,India,Rajasthan,Desktop,19,Female,Referral
4834,2023-03-18,India,Uttar Pradesh,Mobile,51,Female,Facebook Ads
4835,2023-05-26,India,Maharashtra,Mobile,58,Female,Organic
4836,2023-01-02,India,Odisha,Desktop,39,Female,Referral
4837,2023-01-08,India,Maharashtra,Mobile,48,Female,Referral
4838,2023-03-16,India,Karnataka,Mobile,38,Male,Organic
4839,2023-05-05,India,Maharashtra,Mobile,53,Male,Facebook Ads
4840,2023-02-07,India,Karnataka,Mobile,57,Male,Facebook Ads
4841,2023-06-25,India,Telangana,Mobile,40,Male,Google Ads
4842,2023-01-27,India,Rajasthan,Mobile,43,Female,Google Ads
4843,2023-01-20,India,Delhi,Mobile,35,Male,Facebook Ads
4844,2023-05-20,India,Rajasthan,Mobile,32,Female,Google Ads
4845,2023-02-12,India,Karnataka,Desktop,51,Female,Google Ads
4846,2023-01-31,India,Odisha,Desktop,39,Female,Organic
4847,2023-04-01,India,West Bengal,Desktop,45,Female,Facebook Ads
4848,2023-03-02,India,Telangana,Mobile,24,Female,Organic
4849,2023-04-19,India,Telangana,Mobile,57,Male,Organic
4850,2023-04-01,India,Maharashtra,Desktop,59,Male,Referral
4851,2023-06-12,India,Delhi,Mobile,41,Male,Facebook Ads
4852,2023-04-05,India,Maharashtra,Mobile,52,Female,Organic
4853,2023-05-23,India,Maharashtra,Desktop,30,Male,Google Ads
4854,2023-05-24,India,Karnataka,Mobile,30,Male,Referral
4855,2023-01-13,India,West Bengal,Mobile,48,Female,Google Ads
4856,2023-04-23,India,Delhi,Desktop,36,Female,Referral
4857,2023-02-04,India,Maharashtra,Desktop,46,Male,Google Ads
4858,2023-05-29,India,Telangana,Mobile,39,Female,Google Ads
4859,2023-06-07,India,Maharashtra,Mobile,58,Female,Google Ads
4860,2023-02-17,India,Tamil Nadu,Mobile,38,Male,Organic
4861,2023-02-04,India,Uttar Pradesh,Desktop,33,Male,Facebook Ads
4862,2023-03-27,India,Telangana,Mobile,47,Female,Referral
4863,2023-06-15,India,Tamil Nadu,Mobile,22,Female,Organic
4864,2023-06-08,India,Uttar Pradesh,Desktop,58,Male,Referral
4865,2023-06-01,India,Odisha,Mobile,58,Male,Organic
4866,2023-04-24,India,Tamil Nadu,Desktop,23,Male,Referral
4867,2023-06-26,India,Karnataka,Desktop,38,Female,Referral
4868,2023-04-10,India,Odisha,Mobile,59,Male,Google Ads
4869,2023-06-09,India,Gujarat,Desktop,28,Male,Referral
4870,2023-04-09,India,Delhi,Mobile,41,Male,Referral
4871,2023-01-03,India,Telangana,Desktop,45,Female,Google Ads
4872,2023-03-26,India,Gujarat,Desktop,32,Female,Organic
4873,2023-05-05,India,Telangana,Mobile,56,Male,Organic
4874,2023-05-18,India,Delhi,Desktop,57,Female,Facebook Ads
4875,2023-03-24,India,Delhi,Desktop,36,Male,Facebook Ads
4876,2023-01-25,India,Telangana,Mobile,34,Male,Facebook Ads
4877,2023-03-09,India,Delhi,Mobile,20,Male,Facebook Ads
4878,2023-03-02,India,Tamil Nadu,Mobile,20,Female,Referral
4879,2023-01-29,India,Rajasthan,Mobile,56,Male,Referral
4880,2023-05-07,India,West Bengal,Desktop,45,Female,Facebook Ads
4881,2023-01-19,India,Telangana,Desktop,48,Female,Google Ads
4882,2023-06-20,India,Gujarat,Mobile,59,Male,Facebook Ads
4883,2023-03-15,India,Gujarat,Mobile,25,Female,Organic
4884,2023-03-02,India,Delhi,Mobile,34,Male,Referral
4885,2023-06-20,India,Telangana,Mobile,52,Male,Google Ads
4886,2023-06-02,India,Rajasthan,Mobile,53,Male,Organic
4887,2023-01-20,India,Rajasthan,Mobile,44,Male,Google Ads
4888,2023-02-17,India,West Bengal,Mobile,57,Female,Google Ads
4889,2023-03-28,India,Tamil Nadu,Desktop,50,Male,Facebook Ads
4890,2023-06-01,India,West Bengal,Mobile,28,Male,Organic
4891,2023-05-19,India,Karnataka,Mobile,38,Male,Facebook Ads
4892,2023-04-20,India,Gujarat,Mobile,23,Male,Organic
4893,2023-01-28,India,Rajasthan,Desktop,38,Female,Referral
4894,2023-02-28,India,Delhi,Desktop,45,Female,Organic
4895,2023-05-13,India,Rajasthan,Desktop,34,Male,Referral
4896,2023-02-20,India,Rajasthan,Mobile,35,Female,Referral
4897,2023-05-29,India,Uttar Pradesh,Mobile,28,Male,Facebook Ads
4898,2023-01-12,India,Gujarat,Mobile,42,Male,Referral
4899,2023-02-19,India,Karnataka,Mobile,47,Male,Facebook Ads
4900,2023-05-12,India,West Bengal,Mobile,42,Female,Google Ads
4901,2023-04-23,India,Karnataka,Desktop,24,Male,Google Ads
4902,2023-06-19,India,Uttar Pradesh,Mobile,54,Female,Google Ads
4903,2023-06-15,India,Tamil Nadu,Mobile,44,Female,Organic
4904,2023-06-02,India,Karnataka,Desktop,43,Male,Referral
4905,2023-01-14,India,Rajasthan,Mobile,30,Female,Facebook Ads
4906,2023-02-01,India,Odisha,Mobile,41,Male,Google Ads
4907,2023-05-19,India,Telangana,Mobile,29,Female,Facebook Ads
4908,2023-05-26,India,Karnataka,Mobile,31,Female,Google Ads
4909,2023-06-04,India,Telangana,Desktop,26,Female,Referral
4910,2023-02-24,India,Uttar Pradesh,Mobile,48,Female,Google Ads
4911,2023-04-30,India,Karnataka,Desktop,21,Male,Facebook Ads
4912,2023-03-16,India,Karnataka,Desktop,36,Male,Google Ads
4913,2023-01-21,India,Maharashtra,Desktop,18,Male,Facebook Ads
4914,2023-06-21,India,Rajasthan,Mobile,46,Male,Google Ads
4915,2023-05-13,India,Delhi,Mobile,23,Male,Facebook Ads
4916,2023-03-28,India,Telangana,Mobile,18,Male,Google Ads
4917,2023-06-18,India,Tamil Nadu,Mobile,42,Male,Referral
4918,2023-02-28,India,Maharashtra,Desktop,44,Female,Google Ads
4919,2023-03-30,India,Rajasthan,Mobile,39,Female,Organic
4920,2023-05-30,India,Uttar Pradesh,Desktop,34,Male,Facebook Ads
4921,2023-03-24,India,Telangana,Mobile,46,Male,Google Ads
4922,2023-03-06,India,West Bengal,Mobile,20,Female,Organic
4923,2023-03-05,India,Uttar Pradesh,Desktop,34,Female,Facebook Ads
4924,2023-03-12,India,Delhi,Mobile,19,Male,Google Ads
4925,2023-01-04,India,Telangana,Desktop,49,Male,Google Ads
4926,2023-05-23,India,Uttar Pradesh,Mobile,39,Female,Referral
4927,2023-04-14,India,Maharashtra,Desktop,56,Female,Google Ads
4928,2023-05-30,India,Uttar Pradesh,Mobile,50,Female,Facebook Ads
4929,2023-06-24,India,Delhi,Desktop,39,Female,Organic
4930,2023-04-03,India,Delhi,Mobile,21,Female,Google Ads
4931,2023-06-23,India,Odisha,Mobile,55,Male,Organic
4932,2023-05-22,India,Karnataka,Desktop,30,Female,Facebook Ads
4933,2023-06-27,India,West Bengal,Desktop,40,Male,Facebook Ads
4934,2023-05-28,India,West Bengal,Mobile,30,Female,Google Ads
4935,2023-06-27,India,Maharashtra,Mobile,37,Male,Referral
4936,2023-04-22,India,Delhi,Mobile,50,Male,Google Ads
4937,2023-06-10,India,Odisha,Mobile,51,Male,Referral
4938,2023-04-29,India,Rajasthan,Desktop,55,Male,Google Ads
4939,2023-02-28,India,Odisha,Mobile,46,Male,Organic
4940,2023-02-12,India,Tamil Nadu,Mobile,49,Female,Referral
4941,2023-01-12,India,Uttar Pradesh,Mobile,28,Male,Referral
4942,2023-02-09,India,Karnataka,Mobile,35,Female,Organic
4943,2023-04-28,India,Odisha,Desktop,38,Male,Google Ads
4944,2023-01-20,India,Uttar Pradesh,Desktop,29,Female,Facebook Ads
4945,2023-06-15,India,Karnataka,Mobile,56,Male,Facebook Ads
4946,2023-05-11,India,Telangana,Desktop,37,Male,Google Ads
4947,2023-06-05,India,Tamil Nadu,Mobile,24,Female,Organic
4948,2023-03-31,India,Tamil Nadu,Mobile,44,Female,Facebook Ads
4949,2023-04-04,India,Delhi,Mobile,24,Female,Organic
4950,2023-01-13,India,Tamil Nadu,Mobile,19,Female,Google Ads
4951,2023-03-07,India,Telangana,Mobile,50,Female,Organic
4952,2023-02-06,India,Delhi,Mobile,38,Male,Organic
4953,2023-06-26,India,Gujarat,Desktop,46,Male,Organic
4954,2023-03-07,India,Rajasthan,Desktop,49,Male,Facebook Ads
4955,2023-02-05,India,Maharashtra,Desktop,29,Female,Organic
4956,2023-01-26,India,Uttar Pradesh,Mobile,30,Male,Referral
4957,2023-03-16,India,Rajasthan,Mobile,56,Female,Organic
4958,2023-04-18,India,Rajasthan,Mobile,57,Male,Organic
4959,2023-06-17,India,West Bengal,Mobile,20,Female,Google Ads
4960,2023-02-12,India,Odisha,Mobile,56,Female,Organic
4961,2023-05-30,India,Tamil Nadu,Mobile,25,Male,Organic
4962,2023-05-28,India,Gujarat,Mobile,19,Female,Facebook Ads
4963,2023-01-08,India,Odisha,Mobile,23,Male,Referral
4964,2023-01-29,India,Maharashtra,Mobile,58,Male,Google Ads
4965,2023-02-09,India,Odisha,Mobile,32,Female,Referral
4966,2023-06-07,India,West Bengal,Mobile,29,Male,Organic
4967,2023-05-08,India,Maharashtra,Mobile,58,Female,Facebook Ads
4968,2023-03-25,India,Telangana,Desktop,49,Female,Referral
4969,2023-04-26,India,Telangana,Mobile,23,Male,Referral
4970,2023-05-24,India,Delhi,Desktop,44,Female,Referral
4971,2023-06-23,India,Odisha,Mobile,30,Female,Referral
4972,2023-03-03,India,Uttar Pradesh,Mobile,40,Male,Referral
4973,2023-01-07,India,Gujarat,Desktop,27,Female,Facebook Ads
4974,2023-02-14,India,West Bengal,Mobile,31,Female,Organic
4975,2023-06-25,India,Maharashtra,Mobile,20,Female,Facebook Ads
4976,2023-06-04,India,Gujarat,Desktop,29,Female,Facebook Ads
4977,2023-03-29,India,Odisha,Mobile,42,Male,Facebook Ads
4978,2023-03-14,India,Uttar Pradesh,Mobile,18,Male,Facebook Ads
4979,2023-06-12,India,Odisha,Desktop,49,Male,Organic
4980,2023-06-28,India,Tamil Nadu,Desktop,41,Male,Organic
4981,2023-02-06,India,Tamil Nadu,Mobile,59,Male,Facebook Ads
4982,2023-04-29,India,West Bengal,Mobile,26,Male,Referral
4983,2023-02-26,India,Maharashtra,Desktop,18,Female,Organic
4984,2023-01-08,India,Maharashtra,Mobile,59,Female,Organic
4985,2023-04-05,India,Rajasthan,Mobile,56,Female,Facebook Ads
4986,2023-04-27,India,West Bengal,Mobile,27,Female,Referral
4987,2023-04-20,India,West Bengal,Desktop,58,Female,Referral
4988,2023-01-20,India,Uttar Pradesh,Mobile,47,Male,Facebook Ads
4989,2023-05-04,India,Tamil Nadu,Desktop,22,Male,Facebook Ads
4990,2023-02-22,India,Maharashtra,Mobile,21,Female,Organic
4991,2023-04-29,India,Odisha,Mobile,25,Male,Organic
4992,2023-01-12,India,West Bengal,Desktop,33,Male,Google Ads
4993,2023-06-26,India,Delhi,Desktop,18,Male,Google Ads
4994,2023-01-17,India,Karnataka,Mobile,32,Male,Facebook Ads
4995,2023-03-05,India,Maharashtra,Mobile,41,Male,Google Ads
4996,2023-02-11,India,Telangana,Desktop,32,Female,Referral
4997,2023-04-04,India,Maharashtra,Mobile,23,Female,Referral
4998,2023-06-06,India,Delhi,Mobile,19,Male,Referral
4999,2023-05-27,India,Maharashtra,Mobile,22,Male,Organic
5000,2023-01-11,India,Delhi,Desktop,56,Male,Google Ads
5001,2023-04-08,India,Karnataka,Desktop,58,Female,Google Ads
5002,2023-06-27,India,Rajasthan,Desktop,51,Male,Facebook Ads
5003,2023-03-12,India,Uttar Pradesh,Mobile,56,Male,Organic
5004,2023-04-18,India,Karnataka,Mobile,49,Male,Organic
5005,2023-02-27,India,Gujarat,Mobile,46,Male,Organic
5006,2023-02-03,India,Rajasthan,Mobile,46,Female,Referral
5007,2023-01-20,India,Uttar Pradesh,Mobile,41,Female,Organic
5008,2023-02-19,India,Tamil Nadu,Mobile,48,Male,Google Ads
5009,2023-04-12,India,Delhi,Mobile,41,Female,Facebook Ads
5010,2023-05-18,India,West Bengal,Mobile,32,Male,Google Ads
5011,2023-06-09,India,Gujarat,Mobile,29,Female,Organic
5012,2023-02-21,India,Karnataka,Desktop,37,Male,Facebook Ads
5013,2023-01-15,India,Maharashtra,Mobile,21,Female,Referral
5014,2023-03-25,India,Karnataka,Mobile,30,Male,Facebook Ads
5015,2023-05-11,India,Uttar Pradesh,Mobile,58,Male,Organic
5016,2023-02-06,India,Gujarat,Desktop,27,Male,Organic
5017,2023-05-06,India,Odisha,Mobile,58,Male,Facebook Ads
5018,2023-02-09,India,Uttar Pradesh,Mobile,40,Female,Organic
5019,2023-03-13,India,Rajasthan,Mobile,24,Female,Organic
5020,2023-02-09,India,Karnataka,Mobile,29,Female,Organic
5021,2023-02-25,India,Karnataka,Desktop,32,Female,Organic
5022,2023-05-31,India,Gujarat,Mobile,24,Male,Facebook Ads
5023,2023-04-14,India,Delhi,Mobile,25,Female,Facebook Ads
5024,2023-05-19,India,Gujarat,Mobile,24,Female,Google Ads
5025,2023-04-20,India,West Bengal,Mobile,21,Female,Referral
5026,2023-05-16,India,Karnataka,Mobile,24,Female,Referral
5027,2023-04-03,India,Delhi,Mobile,58,Male,Google Ads
5028,2023-04-04,India,Delhi,Desktop,47,Male,Facebook Ads
5029,2023-02-25,India,Gujarat,Desktop,35,Female,Google Ads
5030,2023-03-01,India,Tamil Nadu,Desktop,47,Female,Organic
5031,2023-05-18,India,Uttar Pradesh,Mobile,24,Male,Organic
5032,2023-02-08,India,Rajasthan,Mobile,40,Male,Referral
5033,2023-01-28,India,Tamil Nadu,Mobile,54,Female,Facebook Ads
5034,2023-02-18,India,Karnataka,Mobile,24,Female,Referral
5035,2023-06-13,India,Karnataka,Mobile,55,Female,Google Ads
5036,2023-05-05,India,Karnataka,Desktop,46,Female,Referral
5037,2023-01-13,India,Telangana,Mobile,51,Male,Referral
5038,2023-02-05,India,Maharashtra,Desktop,56,Male,Organic
5039,2023-04-11,India,Odisha,Mobile,58,Male,Referral
5040,2023-01-26,India,Telangana,Mobile,35,Male,Google Ads
5041,2023-03-27,India,Odisha,Mobile,42,Male,Facebook Ads
5042,2023-01-04,India,Delhi,Mobile,44,Male,Referral
5043,2023-03-23,India,Karnataka,Mobile,44,Female,Facebook Ads
5044,2023-06-15,India,West Bengal,Desktop,29,Male,Google Ads
5045,2023-05-07,India,Rajasthan,Desktop,40,Female,Referral
5046,2023-03-29,India,Gujarat,Mobile,34,Male,Facebook Ads
5047,2023-05-07,India,Rajasthan,Mobile,24,Female,Organic
5048,2023-04-30,India,West Bengal,Desktop,41,Male,Organic
5049,2023-01-22,India,Gujarat,Desktop,24,Male,Google Ads
5050,2023-05-10,India,Delhi,Mobile,46,Female,Referral
5051,2023-01-31,India,West Bengal,Desktop,45,Female,Google Ads
5052,2023-04-29,India,Karnataka,Mobile,40,Female,Facebook Ads
5053,2023-01-11,India,West Bengal,Mobile,27,Female,Facebook Ads
5054,2023-02-15,India,Karnataka,Mobile,33,Male,Google Ads
5055,2023-04-06,India,West Bengal,Mobile,51,Male,Facebook Ads
5056,2023-01-10,India,West Bengal,Mobile,42,Male,Google Ads
5057,2023-06-17,India,Tamil Nadu,Mobile,19,Male,Google Ads
5058,2023-05-08,India,Rajasthan,Mobile,22,Male,Organic
5059,2023-06-01,India,Odisha,Desktop,31,Female,Facebook Ads
5060,2023-04-09,India,Telangana,Desktop,48,Male,Google Ads
5061,2023-06-21,India,Tamil Nadu,Mobile,57,Male,Organic
5062,2023-04-22,India,Odisha,Mobile,23,Female,Google Ads
5063,2023-03-01,India,Tamil Nadu,Mobile,45,Male,Facebook Ads
5064,2023-03-28,India,Maharashtra,Mobile,26,Female,Organic
5065,2023-05-25,India,Gujarat,Mobile,23,Male,Facebook Ads
5066,2023-03-06,India,Karnataka,Mobile,34,Male,Referral
5067,2023-02-26,India,Telangana,Mobile,57,Male,Referral
5068,2023-04-16,India,Tamil Nadu,Mobile,52,Female,Referral
5069,2023-01-09,India,Tamil Nadu,Mobile,29,Female,Referral
5070,2023-01-22,India,Delhi,Desktop,35,Female,Organic
5071,2023-05-21,India,West Bengal,Mobile,51,Male,Facebook Ads
5072,2023-03-30,India,Maharashtra,Mobile,18,Female,Google Ads
5073,2023-06-25,India,Telangana,Mobile,32,Male,Google Ads
5074,2023-01-18,India,Telangana,Mobile,35,Male,Google Ads
5075,2023-04-25,India,Gujarat,Mobile,39,Female,Facebook Ads
5076,2023-06-17,India,Telangana,Desktop,35,Female,Organic
5077,2023-05-25,India,Uttar Pradesh,Mobile,18,Female,Facebook Ads
5078,2023-05-23,India,Telangana,Desktop,37,Male,Referral
5079,2023-04-16,India,Tamil Nadu,Mobile,53,Female,Google Ads
5080,2023-01-15,India,Uttar Pradesh,Mobile,55,Male,Facebook Ads
5081,2023-03-04,India,Odisha,Mobile,42,Male,Referral
5082,2023-06-16,India,West Bengal,Mobile,33,Female,Referral
5083,2023-01-13,India,Uttar Pradesh,Mobile,37,Male,Organic
5084,2023-03-22,India,Odisha,Desktop,55,Female,Google Ads
5085,2023-02-01,India,Maharashtra,Mobile,50,Male,Facebook Ads
5086,2023-05-17,India,Rajasthan,Mobile,24,Male,Referral
5087,2023-02-09,India,Karnataka,Desktop,40,Male,Referral
5088,2023-05-28,India,Tamil Nadu,Mobile,28,Female,Google Ads
5089,2023-03-23,India,Uttar Pradesh,Mobile,50,Male,Facebook Ads
5090,2023-03-18,India,Rajasthan,Mobile,57,Male,Facebook Ads
5091,2023-03-17,India,West Bengal,Mobile,22,Male,Google Ads
5092,2023-06-21,India,Delhi,Mobile,58,Female,Referral
5093,2023-02-07,India,Maharashtra,Mobile,25,Male,Organic
5094,2023-03-12,India,Karnataka,Mobile,34,Male,Google Ads
5095,2023-02-17,India,West Bengal,Mobile,35,Female,Referral
5096,2023-01-18,India,Maharashtra,Mobile,44,Male,Organic
5097,2023-05-24,India,Delhi,Mobile,48,Female,Google Ads
5098,2023-02-08,India,Odisha,Mobile,21,Female,Google Ads
5099,2023-03-30,India,Delhi,Desktop,19,Female,Referral
5100,2023-03-03,India,Uttar Pradesh,Mobile,22,Male,Google Ads
5101,2023-05-21,India,Karnataka,Desktop,34,Male,Facebook Ads
5102,2023-04-19,India,Telangana,Mobile,56,Male,Facebook Ads
5103,2023-03-22,India,Gujarat,Mobile,49,Male,Organic
5104,2023-05-14,India,Tamil Nadu,Mobile,46,Male,Google Ads
5105,2023-03-18,India,Tamil Nadu,Desktop,33,Male,Facebook Ads
5106,2023-03-31,India,Odisha,Mobile,18,Female,Referral
5107,2023-01-14,India,West Bengal,Desktop,29,Female,Referral
5108,2023-04-05,India,Karnataka,Desktop,36,Female,Referral
5109,2023-02-23,India,Telangana,Mobile,26,Male,Facebook Ads
5110,2023-05-12,India,Odisha,Mobile,24,Female,Google Ads
5111,2023-02-08,India,Gujarat,Mobile,47,Female,Google Ads
5112,2023-03-13,India,Uttar Pradesh,Mobile,32,Male,Google Ads
5113,2023-01-25,India,Uttar Pradesh,Mobile,21,Male,Organic
5114,2023-03-18,India,Telangana,Desktop,23,Female,Google Ads
5115,2023-06-09,India,Telangana,Mobile,55,Female,Facebook Ads
5116,2023-06-15,India,Telangana,Mobile,52,Male,Facebook Ads
5117,2023-04-30,India,Delhi,Mobile,19,Female,Google Ads
5118,2023-02-22,India,Tamil Nadu,Desktop,22,Female,Referral
5119,2023-06-05,India,Rajasthan,Mobile,25,Male,Organic
5120,2023-05-11,India,Karnataka,Desktop,47,Female,Organic
5121,2023-05-30,India,Rajasthan,Desktop,36,Male,Facebook Ads
5122,2023-04-06,India,Delhi,Mobile,47,Male,Organic
5123,2023-06-15,India,West Bengal,Mobile,48,Female,Referral
5124,2023-03-13,India,Uttar Pradesh,Mobile,33,Female,Google Ads
5125,2023-03-03,India,Tamil Nadu,Mobile,55,Male,Organic
5126,2023-01-06,India,Telangana,Desktop,39,Male,Organic
5127,2023-02-01,India,Gujarat,Mobile,50,Female,Facebook Ads
5128,2023-04-09,India,Gujarat,Mobile,39,Male,Referral
5129,2023-05-18,India,Gujarat,Mobile,25,Female,Facebook Ads
5130,2023-05-11,India,Karnataka,Mobile,54,Female,Facebook Ads
5131,2023-03-17,India,Telangana,Mobile,29,Male,Organic
5132,2023-06-26,India,Tamil Nadu,Mobile,22,Female,Facebook Ads
5133,2023-02-28,India,Uttar Pradesh,Desktop,42,Female,Facebook Ads
5134,2023-01-31,India,Rajasthan,Mobile,46,Male,Organic
5135,2023-04-03,India,Telangana,Mobile,30,Female,Organic
5136,2023-03-10,India,Telangana,Desktop,43,Male,Organic
5137,2023-02-21,India,Delhi,Desktop,39,Male,Google Ads
5138,2023-03-30,India,West Bengal,Mobile,46,Female,Referral
5139,2023-05-07,India,Gujarat,Mobile,29,Male,Google Ads
5140,2023-06-18,India,Odisha,Mobile,45,Male,Organic
5141,2023-01-31,India,Tamil Nadu,Mobile,26,Female,Referral
5142,2023-03-25,India,Delhi,Desktop,27,Female,Facebook Ads
5143,2023-05-07,India,West Bengal,Mobile,59,Female,Referral
5144,2023-05-30,India,West Bengal,Desktop,43,Female,Organic
5145,2023-05-12,India,Maharashtra,Mobile,53,Male,Google Ads
5146,2023-01-13,India,Gujarat,Mobile,57,Male,Referral
5147,2023-02-14,India,Maharashtra,Mobile,28,Male,Facebook Ads
5148,2023-05-07,India,Delhi,Mobile,23,Female,Google Ads
5149,2023-06-19,India,West Bengal,Mobile,21,Male,Google Ads
5150,2023-04-24,India,Odisha,Mobile,44,Female,Google Ads
5151,2023-06-26,India,Tamil Nadu,Mobile,41,Female,Google Ads
5152,2023-01-20,India,Maharashtra,Desktop,22,Female,Facebook Ads
5153,2023-03-22,India,West Bengal,Mobile,20,Male,Organic
5154,2023-06-13,India,Tamil Nadu,Desktop,24,Male,Facebook Ads
5155,2023-05-09,India,Gujarat,Mobile,41,Female,Organic
5156,2023-05-23,India,Rajasthan,Desktop,39,Female,Organic
5157,2023-01-17,India,Tamil Nadu,Desktop,29,Female,Referral
5158,2023-06-01,India,West Bengal,Mobile,52,Female,Facebook Ads
5159,2023-02-27,India,Delhi,Desktop,34,Male,Organic
5160,2023-03-13,India,Maharashtra,Mobile,20,Male,Facebook Ads
5161,2023-04-19,India,Maharashtra,Desktop,28,Female,Facebook Ads
5162,2023-01-23,India,Uttar Pradesh,Mobile,23,Male,Organic
5163,2023-06-23,India,West Bengal,Mobile,53,Female,Organic
5164,2023-03-13,India,Uttar Pradesh,Mobile,34,Female,Google Ads
5165,2023-01-08,India,Odisha,Mobile,39,Female,Referral
5166,2023-02-28,India,Odisha,Mobile,18,Female,Organic
5167,2023-04-21,India,West Bengal,Desktop,20,Male,Organic
5168,2023-01-13,India,Maharashtra,Desktop,33,Female,Organic
5169,2023-06-16,India,Gujarat,Mobile,52,Male,Referral
5170,2023-06-05,India,Karnataka,Desktop,31,Female,Facebook Ads
5171,2023-01-16,India,Odisha,Desktop,24,Female,Google Ads
5172,2023-04-29,India,Maharashtra,Mobile,43,Male,Google Ads
5173,2023-01-02,India,Telangana,Mobile,48,Male,Facebook Ads
5174,2023-05-25,India,Telangana,Mobile,41,Male,Referral
5175,2023-01-30,India,Uttar Pradesh,Desktop,36,Female,Referral
5176,2023-04-13,India,Tamil Nadu,Desktop,54,Female,Organic
5177,2023-01-13,India,Gujarat,Mobile,18,Male,Referral
5178,2023-04-06,India,Uttar Pradesh,Mobile,42,Male,Referral
5179,2023-04-04,India,Telangana,Desktop,27,Female,Organic
5180,2023-03-23,India,Gujarat,Desktop,35,Female,Facebook Ads
5181,2023-01-13,India,Karnataka,Desktop,59,Male,Google Ads
5182,2023-06-20,India,Tamil Nadu,Mobile,18,Male,Facebook Ads
5183,2023-04-04,India,Uttar Pradesh,Mobile,46,Female,Facebook Ads
5184,2023-05-29,India,Telangana,Mobile,30,Female,Organic
5185,2023-04-22,India,Odisha,Mobile,21,Female,Facebook Ads
5186,2023-02-24,India,Odisha,Desktop,29,Female,Referral
5187,2023-03-22,India,Uttar Pradesh,Mobile,36,Female,Facebook Ads
5188,2023-06-17,India,Karnataka,Desktop,43,Male,Facebook Ads
5189,2023-04-26,India,Karnataka,Mobile,55,Female,Organic
5190,2023-05-23,India,West Bengal,Desktop,33,Male,Organic
5191,2023-06-29,India,Tamil Nadu,Mobile,42,Female,Google Ads
5192,2023-04-18,India,Maharashtra,Mobile,27,Female,Referral
5193,2023-02-22,India,Karnataka,Mobile,54,Female,Referral
5194,2023-05-08,India,Tamil Nadu,Mobile,45,Female,Google Ads
5195,2023-06-29,India,Karnataka,Desktop,45,Male,Google Ads
5196,2023-06-07,India,West Bengal,Mobile,42,Female,Organic
5197,2023-06-10,India,Rajasthan,Mobile,42,Female,Google Ads
5198,2023-02-26,India,Karnataka,Desktop,29,Female,Facebook Ads
5199,2023-02-21,India,Tamil Nadu,Desktop,25,Male,Google Ads
5200,2023-05-17,India,West Bengal,Mobile,53,Female,Facebook Ads
5201,2023-04-21,India,West Bengal,Desktop,56,Female,Google Ads
5202,2023-01-01,India,Tamil Nadu,Mobile,41,Male,Organic
5203,2023-02-13,India,Tamil Nadu,Mobile,40,Female,Referral
5204,2023-03-16,India,Odisha,Mobile,54,Male,Facebook Ads
5205,2023-04-08,India,Rajasthan,Mobile,28,Male,Referral
5206,2023-01-09,India,West Bengal,Mobile,34,Female,Facebook Ads
5207,2023-02-01,India,Odisha,Mobile,45,Female,Referral
5208,2023-01-15,India,Gujarat,Mobile,20,Male,Organic
5209,2023-05-20,India,Uttar Pradesh,Desktop,19,Female,Facebook Ads
5210,2023-05-16,India,Uttar Pradesh,Mobile,46,Female,Google Ads
5211,2023-03-13,India,West Bengal,Desktop,51,Male,Organic
5212,2023-06-04,India,Odisha,Desktop,31,Male,Referral
5213,2023-01-12,India,Rajasthan,Mobile,50,Female,Facebook Ads
5214,2023-03-06,India,Rajasthan,Mobile,35,Female,Organic
5215,2023-04-17,India,Gujarat,Mobile,46,Female,Referral
5216,2023-02-11,India,West Bengal,Desktop,19,Female,Facebook Ads
5217,2023-04-25,India,Karnataka,Mobile,28,Male,Facebook Ads
5218,2023-05-19,India,Gujarat,Mobile,48,Female,Organic
5219,2023-04-13,India,Odisha,Desktop,30,Female,Referral
5220,2023-06-20,India,Karnataka,Mobile,43,Female,Referral
5221,2023-04-05,India,Uttar Pradesh,Mobile,51,Male,Facebook Ads
5222,2023-01-17,India,Delhi,Mobile,27,Male,Referral
5223,2023-06-09,India,Uttar Pradesh,Desktop,29,Female,Google Ads
5224,2023-03-26,India,West Bengal,Desktop,39,Male,Google Ads
5225,2023-06-17,India,Tamil Nadu,Mobile,48,Male,Facebook Ads
5226,2023-05-31,India,Uttar Pradesh,Mobile,36,Female,Referral
5227,2023-02-25,India,Telangana,Desktop,41,Male,Facebook Ads
5228,2023-05-14,India,Uttar Pradesh,Desktop,42,Male,Google Ads
5229,2023-03-27,India,Uttar Pradesh,Desktop,52,Female,Facebook Ads
5230,2023-06-27,India,Uttar Pradesh,Mobile,25,Male,Facebook Ads
5231,2023-04-12,India,Uttar Pradesh,Desktop,22,Male,Organic
5232,2023-06-14,India,Karnataka,Mobile,39,Female,Organic
5233,2023-02-23,India,Karnataka,Mobile,45,Female,Google Ads
5234,2023-06-26,India,Uttar Pradesh,Desktop,29,Male,Referral
5235,2023-04-25,India,Maharashtra,Mobile,50,Female,Google Ads
5236,2023-05-19,India,Maharashtra,Desktop,33,Female,Referral
5237,2023-03-29,India,Karnataka,Mobile,43,Male,Referral
5238,2023-02-18,India,Delhi,Desktop,29,Male,Organic
5239,2023-05-29,India,Tamil Nadu,Mobile,40,Female,Organic
5240,2023-04-25,India,Gujarat,Mobile,43,Female,Google Ads
5241,2023-03-04,India,Telangana,Mobile,58,Female,Google Ads
5242,2023-04-14,India,Telangana,Mobile,30,Male,Google Ads
5243,2023-03-24,India,Uttar Pradesh,Desktop,40,Male,Organic
5244,2023-04-13,India,Delhi,Mobile,48,Male,Organic
5245,2023-06-05,India,Maharashtra,Mobile,53,Female,Facebook Ads
5246,2023-01-17,India,Maharashtra,Mobile,44,Male,Google Ads
5247,2023-01-06,India,Delhi,Desktop,53,Male,Facebook Ads
5248,2023-05-27,India,Tamil Nadu,Mobile,59,Female,Referral
5249,2023-01-28,India,Karnataka,Mobile,40,Male,Google Ads
5250,2023-02-07,India,Tamil Nadu,Mobile,55,Female,Organic
5251,2023-04-29,India,West Bengal,Desktop,20,Female,Google Ads
5252,2023-02-06,India,West Bengal,Mobile,47,Female,Google Ads
5253,2023-04-25,India,Maharashtra,Mobile,49,Female,Organic
5254,2023-03-09,India,Gujarat,Desktop,32,Female,Organic
5255,2023-06-26,India,West Bengal,Mobile,55,Male,Referral
5256,2023-02-12,India,Maharashtra,Mobile,28,Female,Google Ads
5257,2023-06-13,India,Uttar Pradesh,Desktop,19,Female,Google Ads
5258,2023-02-27,India,Rajasthan,Mobile,43,Female,Google Ads
5259,2023-01-13,India,Rajasthan,Mobile,51,Female,Google Ads
5260,2023-02-21,India,Odisha,Mobile,18,Male,Referral
5261,2023-02-27,India,Uttar Pradesh,Desktop,28,Male,Google Ads
5262,2023-02-01,India,Rajasthan,Mobile,22,Male,Referral
5263,2023-04-15,India,Tamil Nadu,Mobile,43,Male,Referral
5264,2023-03-24,India,Odisha,Mobile,23,Female,Organic
5265,2023-04-09,India,Maharashtra,Desktop,52,Female,Google Ads
5266,2023-04-14,India,Delhi,Mobile,22,Female,Organic
5267,2023-01-28,India,Delhi,Mobile,26,Male,Referral
5268,2023-05-09,India,Maharashtra,Mobile,45,Female,Facebook Ads
5269,2023-06-19,India,Gujarat,Mobile,36,Male,Facebook Ads
5270,2023-02-17,India,Maharashtra,Desktop,22,Female,Google Ads
5271,2023-02-09,India,Karnataka,Mobile,40,Female,Facebook Ads
5272,2023-04-07,India,Delhi,Desktop,33,Male,Organic
5273,2023-04-24,India,Rajasthan,Mobile,24,Female,Facebook Ads
5274,2023-05-12,India,Telangana,Desktop,31,Female,Facebook Ads
5275,2023-06-15,India,Odisha,Mobile,39,Female,Referral
5276,2023-06-04,India,Gujarat,Mobile,26,Female,Organic
5277,2023-05-17,India,West Bengal,Desktop,40,Female,Google Ads
5278,2023-04-21,India,Uttar Pradesh,Desktop,21,Male,Organic
5279,2023-05-24,India,Gujarat,Mobile,43,Female,Organic
5280,2023-03-17,India,West Bengal,Mobile,58,Female,Google Ads
5281,2023-01-31,India,Gujarat,Mobile,23,Male,Organic
5282,2023-04-29,India,Telangana,Desktop,48,Female,Referral
5283,2023-05-22,India,Gujarat,Mobile,34,Female,Google Ads
5284,2023-01-25,India,Rajasthan,Mobile,26,Female,Referral
5285,2023-02-03,India,Maharashtra,Mobile,44,Female,Organic
5286,2023-03-08,India,Karnataka,Desktop,23,Female,Facebook Ads
5287,2023-06-01,India,Odisha,Mobile,23,Female,Google Ads
5288,2023-04-28,India,Delhi,Mobile,21,Male,Google Ads
5289,2023-03-14,India,West Bengal,Mobile,20,Male,Facebook Ads
5290,2023-01-26,India,Odisha,Mobile,41,Female,Facebook Ads
5291,2023-05-28,India,Gujarat,Mobile,35,Female,Google Ads
5292,2023-04-14,India,Maharashtra,Desktop,49,Female,Facebook Ads
5293,2023-01-10,India,Odisha,Desktop,38,Female,Referral
5294,2023-03-08,India,Maharashtra,Mobile,46,Female,Organic
5295,2023-06-01,India,West Bengal,Desktop,49,Male,Referral
5296,2023-01-05,India,Rajasthan,Mobile,42,Female,Organic
5297,2023-01-27,India,Rajasthan,Mobile,29,Male,Organic
5298,2023-04-23,India,Maharashtra,Desktop,26,Female,Facebook Ads
5299,2023-01-15,India,Maharashtra,Mobile,24,Male,Facebook Ads
5300,2023-06-12,India,Karnataka,Mobile,31,Male,Referral
5301,2023-04-15,India,Uttar Pradesh,Desktop,37,Male,Facebook Ads
5302,2023-02-13,India,Karnataka,Mobile,37,Male,Referral
5303,2023-01-26,India,Odisha,Desktop,27,Female,Google Ads
5304,2023-06-24,India,Tamil Nadu,Desktop,28,Female,Referral
5305,2023-06-11,India,Karnataka,Mobile,56,Female,Organic
5306,2023-04-05,India,Odisha,Mobile,36,Female,Google Ads
5307,2023-06-27,India,Delhi,Mobile,36,Female,Referral
5308,2023-03-25,India,Odisha,Mobile,23,Male,Referral
5309,2023-05-20,India,Odisha,Mobile,25,Female,Google Ads
5310,2023-05-12,India,Maharashtra,Desktop,18,Male,Google Ads
5311,2023-03-28,India,Telangana,Mobile,40,Female,Organic
5312,2023-06-25,India,Gujarat,Mobile,57,Male,Organic
5313,2023-04-22,India,Maharashtra,Mobile,54,Female,Organic
5314,2023-05-09,India,Maharashtra,Mobile,27,Male,Facebook Ads
5315,2023-03-30,India,Telangana,Desktop,19,Male,Organic
5316,2023-03-07,India,Telangana,Mobile,53,Female,Facebook Ads
5317,2023-06-07,India,Gujarat,Desktop,19,Male,Referral
5318,2023-05-11,India,Tamil Nadu,Mobile,32,Male,Referral
5319,2023-05-02,India,Delhi,Mobile,37,Female,Referral
5320,2023-05-29,India,Karnataka,Mobile,59,Male,Facebook Ads
5321,2023-03-25,India,Odisha,Mobile,38,Male,Referral
5322,2023-06-26,India,Karnataka,Mobile,47,Female,Referral
5323,2023-04-26,India,Rajasthan,Mobile,41,Male,Facebook Ads
5324,2023-04-26,India,West Bengal,Desktop,19,Male,Organic
5325,2023-02-07,India,Tamil Nadu,Mobile,55,Male,Organic
5326,2023-05-23,India,West Bengal,Desktop,39,Male,Organic
5327,2023-04-20,India,Odisha,Mobile,46,Female,Organic
5328,2023-06-29,India,Telangana,Mobile,31,Female,Google Ads
5329,2023-02-15,India,Odisha,Mobile,22,Female,Referral
5330,2023-01-25,India,Delhi,Mobile,41,Female,Organic
5331,2023-01-21,India,Karnataka,Desktop,43,Female,Organic
5332,2023-05-01,India,Gujarat,Mobile,19,Female,Organic
5333,2023-05-02,India,Uttar Pradesh,Mobile,51,Male,Organic
5334,2023-05-13,India,Uttar Pradesh,Mobile,40,Male,Organic
5335,2023-03-11,India,Gujarat,Mobile,58,Male,Google Ads
5336,2023-04-23,India,Telangana,Desktop,52,Female,Google Ads
5337,2023-04-17,India,Uttar Pradesh,Mobile,32,Female,Facebook Ads
5338,2023-04-22,India,Telangana,Desktop,20,Male,Facebook Ads
5339,2023-04-18,India,Maharashtra,Mobile,29,Male,Organic
5340,2023-02-16,India,Delhi,Desktop,55,Female,Facebook Ads
5341,2023-04-01,India,Tamil Nadu,Desktop,34,Male,Google Ads
5342,2023-01-18,India,Karnataka,Mobile,55,Female,Organic
5343,2023-05-29,India,Karnataka,Mobile,44,Male,Facebook Ads
5344,2023-04-14,India,Tamil Nadu,Desktop,36,Female,Facebook Ads
5345,2023-05-31,India,Odisha,Mobile,38,Male,Google Ads
5346,2023-02-09,India,Odisha,Desktop,57,Female,Referral
5347,2023-05-18,India,West Bengal,Mobile,41,Male,Organic
5348,2023-03-30,India,Odisha,Mobile,41,Female,Facebook Ads
5349,2023-06-29,India,Telangana,Desktop,36,Male,Google Ads
5350,2023-03-02,India,Gujarat,Mobile,48,Male,Organic
5351,2023-01-05,India,Maharashtra,Mobile,57,Male,Google Ads
5352,2023-05-02,India,Tamil Nadu,Mobile,37,Female,Organic
5353,2023-02-24,India,Telangana,Mobile,32,Male,Referral
5354,2023-02-06,India,Telangana,Desktop,57,Male,Referral
5355,2023-02-25,India,West Bengal,Desktop,52,Female,Organic
5356,2023-04-12,India,Telangana,Desktop,52,Male,Organic
5357,2023-04-03,India,Delhi,Mobile,50,Male,Google Ads
5358,2023-03-14,India,Odisha,Mobile,57,Male,Organic
5359,2023-02-28,India,Karnataka,Desktop,58,Male,Facebook Ads
5360,2023-01-02,India,Delhi,Mobile,35,Male,Organic
5361,2023-04-14,India,Maharashtra,Mobile,34,Male,Organic
5362,2023-02-20,India,Maharashtra,Desktop,25,Male,Referral
5363,2023-01-30,India,Maharashtra,Mobile,37,Female,Referral
5364,2023-01-11,India,Odisha,Mobile,28,Male,Google Ads
5365,2023-04-18,India,Telangana,Mobile,47,Female,Organic
5366,2023-03-17,India,Maharashtra,Mobile,44,Male,Facebook Ads
5367,2023-06-16,India,Tamil Nadu,Mobile,56,Female,Facebook Ads
5368,2023-03-31,India,Karnataka,Desktop,31,Female,Organic
5369,2023-05-03,India,Telangana,Mobile,59,Male,Google Ads
5370,2023-05-05,India,West Bengal,Mobile,32,Female,Facebook Ads
5371,2023-05-02,India,Odisha,Desktop,29,Male,Google Ads
5372,2023-04-04,India,Gujarat,Mobile,37,Female,Organic
5373,2023-04-13,India,Delhi,Mobile,34,Female,Google Ads
5374,2023-06-11,India,Rajasthan,Mobile,57,Female,Organic
5375,2023-01-31,India,Delhi,Desktop,43,Female,Referral
5376,2023-02-21,India,Maharashtra,Mobile,31,Male,Organic
5377,2023-03-30,India,Karnataka,Mobile,42,Male,Google Ads
5378,2023-03-17,India,West Bengal,Mobile,43,Female,Facebook Ads
5379,2023-05-09,India,Telangana,Mobile,42,Female,Organic
5380,2023-01-22,India,Tamil Nadu,Mobile,42,Male,Organic
5381,2023-02-09,India,Uttar Pradesh,Mobile,44,Female,Organic
5382,2023-04-11,India,Delhi,Mobile,29,Female,Referral
5383,2023-04-21,India,Uttar Pradesh,Mobile,37,Male,Referral
5384,2023-05-09,India,Telangana,Mobile,33,Female,Referral
5385,2023-03-06,India,Karnataka,Mobile,42,Female,Facebook Ads
5386,2023-06-19,India,Uttar Pradesh,Mobile,44,Female,Facebook Ads
5387,2023-05-29,India,Delhi,Desktop,35,Male,Organic
5388,2023-03-20,India,Gujarat,Desktop,27,Female,Facebook Ads
5389,2023-01-22,India,Rajasthan,Desktop,47,Female,Google Ads
5390,2023-06-15,India,Uttar Pradesh,Mobile,18,Male,Google Ads
5391,2023-04-09,India,Gujarat,Mobile,21,Male,Referral
5392,2023-01-08,India,Gujarat,Mobile,40,Male,Google Ads
5393,2023-06-24,India,Maharashtra,Mobile,24,Male,Google Ads
5394,2023-01-17,India,Rajasthan,Mobile,47,Male,Organic
5395,2023-01-17,India,Tamil Nadu,Mobile,43,Female,Referral
5396,2023-03-31,India,Delhi,Mobile,18,Female,Referral
5397,2023-05-21,India,West Bengal,Mobile,46,Female,Referral
5398,2023-05-25,India,Telangana,Mobile,42,Female,Google Ads
5399,2023-06-15,India,West Bengal,Mobile,57,Female,Facebook Ads
5400,2023-03-22,India,Uttar Pradesh,Mobile,43,Male,Organic
5401,2023-03-19,India,Rajasthan,Mobile,34,Male,Facebook Ads
5402,2023-06-22,India,Uttar Pradesh,Desktop,48,Male,Referral
5403,2023-01-06,India,Rajasthan,Mobile,25,Male,Referral
5404,2023-06-12,India,Delhi,Mobile,22,Female,Google Ads
5405,2023-04-20,India,Telangana,Desktop,18,Male,Organic
5406,2023-01-14,India,Telangana,Mobile,32,Female,Organic
5407,2023-03-13,India,Delhi,Mobile,53,Female,Organic
5408,2023-05-23,India,Tamil Nadu,Mobile,24,Male,Google Ads
5409,2023-02-23,India,Gujarat,Mobile,44,Female,Facebook Ads
5410,2023-01-27,India,Rajasthan,Mobile,52,Male,Organic
5411,2023-01-13,India,Odisha,Mobile,44,Male,Facebook Ads
5412,2023-06-08,India,Odisha,Mobile,37,Male,Google Ads
5413,2023-06-12,India,Gujarat,Desktop,35,Male,Google Ads
5414,2023-03-01,India,Uttar Pradesh,Mobile,57,Male,Facebook Ads
5415,2023-01-06,India,Rajasthan,Mobile,19,Female,Organic
5416,2023-02-27,India,Karnataka,Mobile,47,Female,Facebook Ads
5417,2023-02-18,India,Telangana,Mobile,55,Female,Organic
5418,2023-05-31,India,West Bengal,Desktop,47,Male,Referral
5419,2023-06-11,India,Karnataka,Mobile,24,Female,Referral
5420,2023-01-26,India,West Bengal,Desktop,56,Female,Organic
5421,2023-02-16,India,Telangana,Mobile,30,Female,Facebook Ads
5422,2023-01-05,India,Odisha,Desktop,50,Male,Organic
5423,2023-01-20,India,Delhi,Mobile,57,Male,Organic
5424,2023-05-14,India,Tamil Nadu,Mobile,47,Female,Organic
5425,2023-02-28,India,Maharashtra,Desktop,47,Female,Referral
5426,2023-05-26,India,Uttar Pradesh,Desktop,40,Female,Google Ads
5427,2023-05-12,India,Gujarat,Mobile,41,Female,Referral
5428,2023-01-17,India,Odisha,Desktop,37,Male,Organic
5429,2023-01-14,India,Delhi,Mobile,45,Female,Facebook Ads
5430,2023-01-13,India,Delhi,Mobile,36,Female,Google Ads
5431,2023-05-15,India,West Bengal,Mobile,30,Female,Organic
5432,2023-05-08,India,Delhi,Desktop,33,Male,Google Ads
5433,2023-02-13,India,Rajasthan,Desktop,32,Male,Facebook Ads
5434,2023-04-29,India,Uttar Pradesh,Mobile,28,Female,Google Ads
5435,2023-05-23,India,Maharashtra,Mobile,29,Male,Google Ads
5436,2023-01-19,India,Odisha,Mobile,39,Male,Organic
5437,2023-03-04,India,Rajasthan,Mobile,42,Male,Facebook Ads
5438,2023-06-12,India,Odisha,Mobile,20,Female,Facebook Ads
5439,2023-03-22,India,Tamil Nadu,Mobile,41,Male,Referral
5440,2023-06-12,India,Maharashtra,Mobile,42,Female,Google Ads
5441,2023-05-27,India,Delhi,Mobile,26,Male,Organic
5442,2023-05-28,India,Tamil Nadu,Mobile,45,Male,Google Ads
5443,2023-04-10,India,West Bengal,Desktop,47,Female,Google Ads
5444,2023-06-12,India,Tamil Nadu,Mobile,24,Female,Google Ads
5445,2023-06-09,India,Karnataka,Mobile,28,Male,Organic
5446,2023-05-02,India,West Bengal,Mobile,27,Male,Google Ads
5447,2023-06-25,India,Maharashtra,Mobile,20,Female,Organic
5448,2023-02-13,India,Uttar Pradesh,Mobile,36,Male,Facebook Ads
5449,2023-04-14,India,Karnataka,Mobile,19,Female,Google Ads
5450,2023-06-01,India,Odisha,Desktop,34,Female,Referral
5451,2023-03-02,India,Gujarat,Mobile,46,Female,Facebook Ads
5452,2023-05-05,India,Gujarat,Mobile,19,Male,Referral
5453,2023-05-25,India,Karnataka,Mobile,33,Male,Google Ads
5454,2023-03-12,India,Uttar Pradesh,Mobile,27,Female,Facebook Ads
5455,2023-04-17,India,Rajasthan,Desktop,21,Male,Organic
5456,2023-02-19,India,Gujarat,Desktop,43,Female,Google Ads
5457,2023-03-06,India,Karnataka,Mobile,41,Male,Google Ads
5458,2023-04-09,India,Maharashtra,Mobile,29,Male,Organic
5459,2023-02-01,India,Telangana,Desktop,38,Male,Referral
5460,2023-06-13,India,Uttar Pradesh,Mobile,59,Male,Facebook Ads
5461,2023-05-21,India,Uttar Pradesh,Desktop,33,Female,Facebook Ads
5462,2023-02-27,India,Rajasthan,Desktop,53,Male,Organic
5463,2023-05-08,India,West Bengal,Mobile,52,Female,Facebook Ads
5464,2023-05-22,India,Delhi,Desktop,26,Male,Organic
5465,2023-06-14,India,Gujarat,Desktop,23,Female,Referral
5466,2023-04-22,India,Delhi,Desktop,18,Male,Referral
5467,2023-03-09,India,Delhi,Mobile,31,Female,Facebook Ads
5468,2023-02-09,India,Maharashtra,Mobile,41,Male,Organic
5469,2023-05-24,India,Odisha,Mobile,27,Female,Organic
5470,2023-05-12,India,Delhi,Mobile,35,Male,Organic
5471,2023-06-22,India,Uttar Pradesh,Mobile,26,Male,Organic
5472,2023-03-31,India,Rajasthan,Mobile,44,Male,Facebook Ads
5473,2023-01-28,India,Rajasthan,Mobile,36,Female,Google Ads
5474,2023-04-06,India,Telangana,Mobile,53,Female,Facebook Ads
5475,2023-01-31,India,Odisha,Mobile,20,Male,Organic
5476,2023-01-03,India,West Bengal,Mobile,55,Female,Google Ads
5477,2023-05-16,India,Uttar Pradesh,Desktop,26,Male,Google Ads
5478,2023-01-24,India,Uttar Pradesh,Mobile,27,Male,Facebook Ads
5479,2023-01-15,India,Telangana,Mobile,26,Male,Organic
5480,2023-06-20,India,Tamil Nadu,Desktop,34,Female,Organic
5481,2023-06-08,India,Telangana,Mobile,59,Female,Organic
5482,2023-02-14,India,Delhi,Mobile,55,Male,Organic
5483,2023-01-08,India,Karnataka,Desktop,37,Female,Organic
5484,2023-03-12,India,Rajasthan,Desktop,24,Female,Google Ads
5485,2023-04-18,India,Telangana,Mobile,21,Male,Facebook Ads
5486,2023-04-25,India,Delhi,Desktop,27,Male,Facebook Ads
5487,2023-04-13,India,Gujarat,Desktop,38,Female,Referral
5488,2023-05-05,India,Odisha,Mobile,31,Male,Facebook Ads
5489,2023-02-26,India,Uttar Pradesh,Mobile,42,Male,Google Ads
5490,2023-01-30,India,Tamil Nadu,Mobile,34,Female,Referral
5491,2023-05-26,India,Odisha,Mobile,45,Female,Google Ads
5492,2023-04-24,India,Delhi,Mobile,31,Female,Facebook Ads
5493,2023-04-27,India,West Bengal,Desktop,30,Male,Google Ads
5494,2023-06-16,India,Gujarat,Mobile,51,Male,Google Ads
5495,2023-03-01,India,Delhi,Mobile,58,Female,Facebook Ads
5496,2023-04-08,India,Karnataka,Mobile,20,Female,Google Ads
5497,2023-06-20,India,Maharashtra,Mobile,21,Male,Referral
5498,2023-05-06,India,Delhi,Mobile,32,Female,Referral
5499,2023-06-22,India,Telangana,Mobile,37,Female,Organic
5500,2023-05-31,India,Delhi,Mobile,25,Male,Referral
5501,2023-04-04,India,Telangana,Desktop,22,Male,Referral
5502,2023-05-14,India,West Bengal,Mobile,19,Female,Facebook Ads
5503,2023-05-02,India,Uttar Pradesh,Mobile,45,Female,Referral
5504,2023-04-18,India,Rajasthan,Mobile,39,Male,Facebook Ads
5505,2023-01-04,India,Maharashtra,Mobile,26,Male,Referral
5506,2023-04-03,India,West Bengal,Mobile,45,Male,Facebook Ads
5507,2023-05-31,India,Telangana,Mobile,18,Male,Facebook Ads
5508,2023-01-06,India,Rajasthan,Desktop,53,Female,Google Ads
5509,2023-02-01,India,Karnataka,Mobile,59,Male,Referral
5510,2023-04-16,India,Odisha,Mobile,19,Male,Facebook Ads
5511,2023-05-26,India,Maharashtra,Mobile,55,Female,Referral
5512,2023-01-15,India,Tamil Nadu,Desktop,43,Female,Organic
5513,2023-06-17,India,West Bengal,Mobile,48,Female,Google Ads
5514,2023-05-02,India,Odisha,Desktop,58,Male,Google Ads
5515,2023-04-06,India,Odisha,Mobile,36,Female,Facebook Ads
5516,2023-01-06,India,Delhi,Mobile,48,Male,Referral
5517,2023-04-22,India,Delhi,Desktop,26,Male,Google Ads
5518,2023-04-30,India,Tamil Nadu,Desktop,20,Female,Google Ads
5519,2023-05-03,India,Tamil Nadu,Mobile,55,Male,Google Ads
5520,2023-03-08,India,Telangana,Mobile,23,Female,Facebook Ads
5521,2023-04-16,India,Tamil Nadu,Mobile,24,Female,Organic
5522,2023-05-19,India,Odisha,Mobile,58,Male,Facebook Ads
5523,2023-02-12,India,Telangana,Desktop,42,Male,Organic
5524,2023-05-25,India,Rajasthan,Mobile,42,Male,Google Ads
5525,2023-04-06,India,Uttar Pradesh,Mobile,18,Female,Organic
5526,2023-05-12,India,Uttar Pradesh,Desktop,39,Female,Facebook Ads
5527,2023-03-22,India,Uttar Pradesh,Mobile,37,Female,Facebook Ads
5528,2023-02-10,India,Maharashtra,Mobile,30,Male,Referral
5529,2023-05-13,India,Maharashtra,Desktop,57,Female,Referral
5530,2023-06-09,India,Tamil Nadu,Mobile,38,Female,Facebook Ads
5531,2023-02-04,India,Uttar Pradesh,Mobile,40,Female,Referral
5532,2023-01-22,India,Karnataka,Mobile,58,Male,Google Ads
5533,2023-05-30,India,Delhi,Mobile,50,Male,Organic
5534,2023-04-22,India,Karnataka,Mobile,26,Male,Facebook Ads
5535,2023-01-11,India,Uttar Pradesh,Mobile,46,Female,Facebook Ads
5536,2023-01-03,India,Uttar Pradesh,Desktop,49,Female,Referral
5537,2023-05-17,India,Delhi,Desktop,28,Male,Facebook Ads
5538,2023-03-01,India,Uttar Pradesh,Desktop,53,Male,Referral
5539,2023-03-17,India,West Bengal,Mobile,46,Female,Google Ads
5540,2023-03-28,India,Odisha,Desktop,48,Female,Facebook Ads
5541,2023-01-14,India,Telangana,Mobile,31,Female,Google Ads
5542,2023-01-18,India,Delhi,Mobile,42,Male,Google Ads
5543,2023-04-23,India,Uttar Pradesh,Desktop,43,Male,Facebook Ads
5544,2023-03-14,India,Maharashtra,Mobile,39,Male,Referral
5545,2023-01-23,India,Maharashtra,Mobile,26,Male,Referral
5546,2023-03-24,India,Odisha,Desktop,50,Female,Google Ads
5547,2023-05-05,India,Maharashtra,Mobile,40,Female,Referral
5548,2023-06-24,India,Telangana,Mobile,52,Female,Referral
5549,2023-03-10,India,Gujarat,Mobile,37,Male,Google Ads
5550,2023-02-16,India,Gujarat,Desktop,50,Male,Facebook Ads
5551,2023-04-26,India,Gujarat,Mobile,52,Female,Facebook Ads
5552,2023-01-30,India,Odisha,Mobile,47,Male,Organic
5553,2023-01-25,India,Odisha,Mobile,47,Male,Facebook Ads
5554,2023-06-05,India,Telangana,Mobile,39,Female,Referral
5555,2023-04-22,India,Delhi,Desktop,18,Male,Organic
5556,2023-01-25,India,Tamil Nadu,Mobile,32,Male,Organic
5557,2023-03-15,India,Gujarat,Mobile,42,Female,Organic
5558,2023-02-27,India,Maharashtra,Mobile,37,Female,Facebook Ads
5559,2023-04-04,India,Karnataka,Desktop,24,Female,Organic
5560,2023-04-29,India,Tamil Nadu,Mobile,33,Male,Organic
5561,2023-05-07,India,Telangana,Mobile,40,Female,Organic
5562,2023-06-18,India,Delhi,Mobile,38,Female,Facebook Ads
5563,2023-01-25,India,Maharashtra,Mobile,18,Male,Facebook Ads
5564,2023-03-19,India,Uttar Pradesh,Desktop,37,Male,Facebook Ads
5565,2023-04-09,India,Delhi,Desktop,36,Female,Facebook Ads
5566,2023-04-26,India,Gujarat,Desktop,23,Female,Google Ads
5567,2023-02-17,India,Gujarat,Desktop,55,Male,Facebook Ads
5568,2023-01-10,India,Uttar Pradesh,Desktop,49,Male,Referral
5569,2023-04-09,India,Telangana,Mobile,18,Male,Organic
5570,2023-01-11,India,Rajasthan,Desktop,47,Female,Facebook Ads
5571,2023-03-26,India,Delhi,Mobile,33,Male,Referral
5572,2023-05-29,India,Uttar Pradesh,Mobile,44,Female,Referral
5573,2023-06-22,India,Telangana,Mobile,35,Female,Referral
5574,2023-05-15,India,Telangana,Desktop,30,Female,Google Ads
5575,2023-05-06,India,Odisha,Mobile,45,Male,Google Ads
5576,2023-03-05,India,Delhi,Desktop,27,Male,Google Ads
5577,2023-01-02,India,Maharashtra,Mobile,31,Female,Referral
5578,2023-03-17,India,Rajasthan,Mobile,46,Female,Facebook Ads
5579,2023-05-01,India,West Bengal,Mobile,28,Male,Referral
5580,2023-02-11,India,Karnataka,Mobile,44,Female,Google Ads
5581,2023-02-23,India,Delhi,Mobile,34,Male,Google Ads
5582,2023-03-16,India,Tamil Nadu,Mobile,20,Female,Google Ads
5583,2023-01-16,India,Telangana,Desktop,48,Male,Facebook Ads
5584,2023-01-18,India,Odisha,Mobile,38,Female,Referral
5585,2023-03-31,India,Uttar Pradesh,Mobile,50,Female,Google Ads
5586,2023-05-24,India,Gujarat,Mobile,18,Female,Referral
5587,2023-01-06,India,Uttar Pradesh,Mobile,23,Male,Referral
5588,2023-04-18,India,Uttar Pradesh,Mobile,21,Male,Google Ads
5589,2023-06-24,India,Rajasthan,Mobile,39,Male,Organic
5590,2023-02-17,India,Delhi,Mobile,30,Female,Organic
5591,2023-02-11,India,Uttar Pradesh,Mobile,47,Female,Organic
5592,2023-03-17,India,Rajasthan,Desktop,57,Male,Google Ads
5593,2023-03-18,India,West Bengal,Desktop,43,Male,Referral
5594,2023-05-12,India,Maharashtra,Mobile,56,Male,Organic
5595,2023-05-10,India,West Bengal,Mobile,56,Female,Facebook Ads
5596,2023-02-28,India,Delhi,Mobile,24,Male,Organic
5597,2023-06-04,India,Gujarat,Mobile,31,Male,Facebook Ads
5598,2023-01-27,India,West Bengal,Desktop,43,Female,Organic
5599,2023-03-20,India,Rajasthan,Mobile,35,Male,Organic
5600,2023-03-13,India,Rajasthan,Mobile,41,Male,Organic
5601,2023-01-07,India,Karnataka,Mobile,42,Male,Facebook Ads
5602,2023-04-21,India,Telangana,Desktop,49,Male,Facebook Ads
5603,2023-04-29,India,Tamil Nadu,Desktop,23,Male,Organic
5604,2023-06-23,India,Tamil Nadu,Desktop,33,Female,Facebook Ads
5605,2023-03-04,India,Delhi,Mobile,20,Male,Referral
5606,2023-05-04,India,Telangana,Mobile,38,Male,Organic
5607,2023-01-12,India,Karnataka,Mobile,49,Male,Referral
5608,2023-05-21,India,Odisha,Mobile,19,Male,Google Ads
5609,2023-02-12,India,Uttar Pradesh,Mobile,37,Female,Google Ads
5610,2023-01-17,India,West Bengal,Mobile,28,Male,Google Ads
5611,2023-03-04,India,Telangana,Mobile,35,Female,Referral
5612,2023-04-30,India,Uttar Pradesh,Desktop,28,Male,Facebook Ads
5613,2023-02-05,India,Odisha,Mobile,52,Male,Google Ads
5614,2023-01-08,India,Gujarat,Mobile,53,Male,Organic
5615,2023-03-10,India,Karnataka,Mobile,55,Female,Organic
5616,2023-03-31,India,Uttar Pradesh,Mobile,29,Male,Facebook Ads
5617,2023-02-05,India,Karnataka,Mobile,48,Male,Organic
5618,2023-01-28,India,Karnataka,Mobile,53,Male,Referral
5619,2023-04-28,India,Telangana,Mobile,47,Male,Google Ads
5620,2023-04-03,India,Rajasthan,Mobile,21,Male,Referral
5621,2023-06-24,India,Maharashtra,Mobile,19,Female,Organic
5622,2023-03-17,India,Delhi,Mobile,30,Male,Referral
5623,2023-04-11,India,Tamil Nadu,Mobile,43,Female,Facebook Ads
5624,2023-06-07,India,Karnataka,Mobile,46,Female,Referral
5625,2023-05-31,India,Telangana,Mobile,53,Female,Organic
5626,2023-05-24,India,Telangana,Desktop,45,Male,Organic
5627,2023-01-14,India,Uttar Pradesh,Mobile,25,Female,Google Ads
5628,2023-03-12,India,Uttar Pradesh,Mobile,22,Male,Referral
5629,2023-06-29,India,West Bengal,Desktop,49,Female,Facebook Ads
5630,2023-05-04,India,Karnataka,Desktop,47,Male,Google Ads
5631,2023-05-05,India,Maharashtra,Desktop,31,Male,Organic
5632,2023-02-06,India,Delhi,Mobile,27,Male,Referral
5633,2023-01-29,India,Delhi,Mobile,27,Male,Facebook Ads
5634,2023-05-23,India,Gujarat,Mobile,23,Male,Organic
5635,2023-06-24,India,Gujarat,Mobile,33,Female,Organic
5636,2023-06-23,India,West Bengal,Desktop,43,Male,Google Ads
5637,2023-06-29,India,Tamil Nadu,Mobile,38,Female,Organic
5638,2023-01-19,India,Gujarat,Desktop,53,Male,Facebook Ads
5639,2023-04-16,India,Odisha,Mobile,58,Male,Facebook Ads
5640,2023-01-21,India,West Bengal,Mobile,59,Male,Google Ads
5641,2023-03-05,India,Delhi,Desktop,47,Male,Google Ads
5642,2023-06-14,India,Delhi,Desktop,22,Male,Facebook Ads
5643,2023-01-27,India,Maharashtra,Desktop,27,Male,Google Ads
5644,2023-02-24,India,Telangana,Desktop,48,Male,Organic
5645,2023-01-29,India,Odisha,Mobile,28,Male,Facebook Ads
5646,2023-05-28,India,Tamil Nadu,Mobile,55,Male,Google Ads
5647,2023-01-25,India,Uttar Pradesh,Desktop,24,Female,Facebook Ads
5648,2023-03-11,India,West Bengal,Mobile,29,Female,Organic
5649,2023-03-04,India,Gujarat,Mobile,58,Female,Google Ads
5650,2023-06-13,India,Rajasthan,Mobile,25,Male,Facebook Ads
5651,2023-05-10,India,Maharashtra,Mobile,45,Female,Organic
5652,2023-05-30,India,Delhi,Mobile,33,Male,Google Ads
5653,2023-01-16,India,Rajasthan,Desktop,20,Male,Facebook Ads
5654,2023-05-26,India,West Bengal,Mobile,54,Male,Organic
5655,2023-04-10,India,Karnataka,Mobile,49,Female,Organic
5656,2023-01-30,India,Tamil Nadu,Desktop,38,Female,Organic
5657,2023-02-14,India,Karnataka,Mobile,35,Male,Referral
5658,2023-01-19,India,West Bengal,Desktop,28,Male,Organic
5659,2023-02-03,India,Karnataka,Mobile,25,Female,Organic
5660,2023-05-21,India,Tamil Nadu,Desktop,29,Female,Google Ads
5661,2023-06-20,India,Telangana,Mobile,19,Female,Referral
5662,2023-03-03,India,West Bengal,Mobile,58,Female,Organic
5663,2023-04-28,India,Rajasthan,Desktop,39,Female,Google Ads
5664,2023-04-10,India,Karnataka,Desktop,26,Female,Google Ads
5665,2023-01-22,India,Tamil Nadu,Mobile,31,Female,Facebook Ads
5666,2023-06-29,India,Gujarat,Desktop,32,Female,Facebook Ads
5667,2023-06-29,India,Uttar Pradesh,Mobile,28,Female,Referral
5668,2023-04-21,India,Tamil Nadu,Desktop,30,Male,Google Ads
5669,2023-06-13,India,Maharashtra,Mobile,45,Male,Organic
5670,2023-03-14,India,Uttar Pradesh,Mobile,42,Male,Organic
5671,2023-05-27,India,Gujarat,Mobile,54,Male,Google Ads
5672,2023-02-07,India,Odisha,Mobile,23,Female,Referral
5673,2023-03-11,India,Rajasthan,Mobile,54,Male,Organic
5674,2023-04-26,India,Delhi,Mobile,50,Male,Referral
5675,2023-03-20,India,Gujarat,Mobile,42,Male,Google Ads
5676,2023-05-28,India,Telangana,Mobile,40,Female,Referral
5677,2023-01-09,India,Uttar Pradesh,Mobile,25,Female,Facebook Ads
5678,2023-02-01,India,Telangana,Desktop,34,Female,Referral
5679,2023-05-12,India,Uttar Pradesh,Mobile,48,Male,Referral
5680,2023-02-19,India,Maharashtra,Desktop,43,Male,Organic
5681,2023-03-23,India,Odisha,Desktop,28,Male,Referral
5682,2023-01-05,India,Delhi,Mobile,47,Male,Organic
5683,2023-05-28,India,Maharashtra,Desktop,28,Female,Organic
5684,2023-03-28,India,Gujarat,Mobile,20,Female,Facebook Ads
5685,2023-05-06,India,Telangana,Mobile,57,Male,Organic
5686,2023-03-16,India,Uttar Pradesh,Mobile,57,Male,Google Ads
5687,2023-06-14,India,Gujarat,Mobile,38,Female,Organic
5688,2023-01-22,India,Tamil Nadu,Desktop,52,Male,Google Ads
5689,2023-03-09,India,Odisha,Mobile,45,Female,Organic
5690,2023-02-13,India,Rajasthan,Mobile,39,Female,Google Ads
5691,2023-02-03,India,Tamil Nadu,Desktop,59,Female,Facebook Ads
5692,2023-03-18,India,Telangana,Mobile,35,Male,Referral
5693,2023-02-11,India,Odisha,Mobile,40,Female,Organic
5694,2023-05-17,India,Odisha,Mobile,43,Male,Facebook Ads
5695,2023-04-16,India,Gujarat,Desktop,52,Male,Facebook Ads
5696,2023-04-05,India,Tamil Nadu,Desktop,46,Female,Organic
5697,2023-05-15,India,Gujarat,Mobile,28,Male,Organic
5698,2023-03-09,India,Gujarat,Mobile,59,Male,Google Ads
5699,2023-05-27,India,Gujarat,Mobile,18,Female,Organic
5700,2023-06-08,India,Telangana,Mobile,33,Male,Organic
5701,2023-05-08,India,Uttar Pradesh,Desktop,42,Male,Google Ads
5702,2023-06-12,India,Uttar Pradesh,Mobile,55,Male,Google Ads
5703,2023-03-26,India,Telangana,Mobile,35,Male,Organic
5704,2023-06-08,India,Delhi,Desktop,33,Male,Organic
5705,2023-03-24,India,Rajasthan,Desktop,36,Male,Organic
5706,2023-04-05,India,Maharashtra,Mobile,33,Male,Referral
5707,2023-02-01,India,Rajasthan,Mobile,22,Male,Referral
5708,2023-03-07,India,Telangana,Mobile,44,Male,Facebook Ads
5709,2023-04-26,India,Karnataka,Mobile,23,Male,Facebook Ads
5710,2023-05-18,India,Maharashtra,Mobile,51,Female,Organic
5711,2023-05-10,India,Delhi,Mobile,33,Male,Google Ads
5712,2023-03-01,India,West Bengal,Desktop,40,Female,Organic
5713,2023-01-17,India,Maharashtra,Desktop,49,Male,Organic
5714,2023-04-06,India,Odisha,Mobile,40,Male,Facebook Ads
5715,2023-05-24,India,Telangana,Mobile,37,Male,Organic
5716,2023-01-16,India,West Bengal,Desktop,36,Female,Organic
5717,2023-02-15,India,Rajasthan,Desktop,46,Male,Facebook Ads
5718,2023-06-16,India,West Bengal,Desktop,25,Male,Facebook Ads
5719,2023-06-08,India,Telangana,Mobile,46,Male,Google Ads
5720,2023-04-17,India,Rajasthan,Mobile,35,Male,Google Ads
5721,2023-03-29,India,Telangana,Desktop,22,Female,Google Ads
5722,2023-05-09,India,Tamil Nadu,Mobile,29,Male,Referral
5723,2023-05-19,India,Karnataka,Mobile,27,Female,Referral
5724,2023-04-29,India,Delhi,Mobile,54,Male,Organic
5725,2023-03-26,India,Delhi,Desktop,34,Male,Google Ads
5726,2023-01-04,India,Odisha,Mobile,49,Female,Facebook Ads
5727,2023-03-12,India,Karnataka,Desktop,21,Female,Google Ads
5728,2023-06-03,India,Karnataka,Mobile,48,Male,Organic
5729,2023-04-21,India,Odisha,Desktop,43,Female,Referral
5730,2023-02-19,India,Rajasthan,Mobile,29,Male,Referral
5731,2023-05-20,India,Odisha,Mobile,35,Male,Organic
5732,2023-04-05,India,Rajasthan,Desktop,25,Male,Google Ads
5733,2023-04-02,India,Odisha,Desktop,49,Female,Organic
5734,2023-03-06,India,Maharashtra,Desktop,37,Female,Organic
5735,2023-02-16,India,Maharashtra,Mobile,57,Male,Referral
5736,2023-04-16,India,Tamil Nadu,Mobile,30,Male,Referral
5737,2023-05-10,India,Uttar Pradesh,Mobile,40,Male,Referral
5738,2023-04-16,India,Odisha,Mobile,20,Female,Organic
5739,2023-01-24,India,Karnataka,Desktop,52,Female,Google Ads
5740,2023-01-04,India,Maharashtra,Mobile,56,Male,Organic
5741,2023-04-18,India,Gujarat,Mobile,38,Male,Google Ads
5742,2023-01-19,India,Rajasthan,Mobile,24,Female,Google Ads
5743,2023-06-03,India,Maharashtra,Mobile,43,Female,Organic
5744,2023-02-09,India,Maharashtra,Desktop,40,Female,Google Ads
5745,2023-02-19,India,Telangana,Mobile,49,Female,Google Ads
5746,2023-06-20,India,Rajasthan,Mobile,19,Male,Organic
5747,2023-03-16,India,Delhi,Desktop,56,Female,Referral
5748,2023-01-12,India,West Bengal,Mobile,19,Female,Organic
5749,2023-01-27,India,Rajasthan,Mobile,56,Male,Referral
5750,2023-04-23,India,Tamil Nadu,Mobile,32,Female,Google Ads
5751,2023-02-18,India,Telangana,Mobile,33,Female,Referral
5752,2023-05-24,India,Rajasthan,Mobile,43,Male,Referral
5753,2023-05-10,India,Rajasthan,Mobile,25,Male,Facebook Ads
5754,2023-03-01,India,Uttar Pradesh,Mobile,33,Male,Facebook Ads
5755,2023-01-30,India,Telangana,Mobile,38,Male,Referral
5756,2023-03-25,India,Rajasthan,Mobile,56,Female,Facebook Ads
5757,2023-06-15,India,West Bengal,Mobile,28,Male,Referral
5758,2023-01-28,India,West Bengal,Desktop,41,Male,Facebook Ads
5759,2023-01-25,India,Gujarat,Mobile,53,Female,Google Ads
5760,2023-04-06,India,Telangana,Desktop,35,Male,Organic
5761,2023-05-05,India,Delhi,Mobile,40,Male,Facebook Ads
5762,2023-01-10,India,Rajasthan,Mobile,30,Male,Organic
5763,2023-02-11,India,Uttar Pradesh,Mobile,59,Female,Facebook Ads
5764,2023-02-09,India,Uttar Pradesh,Desktop,56,Female,Referral
5765,2023-03-18,India,Karnataka,Mobile,18,Female,Facebook Ads
5766,2023-04-15,India,Delhi,Mobile,24,Female,Facebook Ads
5767,2023-04-28,India,Uttar Pradesh,Desktop,38,Male,Organic
5768,2023-02-11,India,West Bengal,Desktop,33,Female,Organic
5769,2023-02-16,India,Karnataka,Mobile,31,Female,Facebook Ads
5770,2023-06-14,India,Odisha,Desktop,19,Male,Organic
5771,2023-01-22,India,Uttar Pradesh,Desktop,48,Female,Facebook Ads
5772,2023-04-17,India,Tamil Nadu,Mobile,56,Female,Referral
5773,2023-01-27,India,Telangana,Mobile,26,Female,Referral
5774,2023-02-10,India,Uttar Pradesh,Mobile,58,Female,Google Ads
5775,2023-03-21,India,Maharashtra,Mobile,31,Female,Organic
5776,2023-06-11,India,Delhi,Desktop,27,Male,Facebook Ads
5777,2023-06-09,India,Maharashtra,Mobile,41,Male,Referral
5778,2023-03-30,India,Gujarat,Mobile,50,Male,Google Ads
5779,2023-03-07,India,Uttar Pradesh,Desktop,51,Female,Google Ads
5780,2023-01-12,India,Odisha,Mobile,37,Male,Facebook Ads
5781,2023-06-17,India,Maharashtra,Desktop,45,Male,Google Ads
5782,2023-03-14,India,Maharashtra,Desktop,21,Female,Google Ads
5783,2023-03-17,India,Delhi,Desktop,51,Male,Facebook Ads
5784,2023-03-31,India,Karnataka,Desktop,21,Male,Google Ads
5785,2023-01-10,India,Odisha,Mobile,23,Female,Google Ads
5786,2023-04-06,India,Maharashtra,Mobile,39,Male,Facebook Ads
5787,2023-06-25,India,Rajasthan,Mobile,21,Male,Facebook Ads
5788,2023-01-20,India,Odisha,Mobile,22,Female,Referral
5789,2023-02-08,India,Rajasthan,Mobile,28,Female,Google Ads
5790,2023-03-01,India,Uttar Pradesh,Mobile,52,Female,Referral
5791,2023-03-07,India,Maharashtra,Desktop,36,Female,Referral
5792,2023-03-06,India,Maharashtra,Desktop,28,Female,Organic
5793,2023-06-28,India,West Bengal,Mobile,28,Female,Facebook Ads
5794,2023-05-04,India,West Bengal,Mobile,44,Female,Organic
5795,2023-06-13,India,Delhi,Mobile,19,Male,Facebook Ads
5796,2023-06-01,India,Telangana,Desktop,25,Female,Organic
5797,2023-06-04,India,Telangana,Mobile,51,Female,Facebook Ads
5798,2023-05-10,India,Karnataka,Mobile,57,Male,Google Ads
5799,2023-06-08,India,Delhi,Mobile,37,Female,Google Ads
5800,2023-02-26,India,Telangana,Mobile,40,Female,Referral
5801,2023-03-19,India,Delhi,Desktop,32,Female,Organic
5802,2023-01-29,India,Maharashtra,Mobile,30,Male,Referral
5803,2023-01-15,India,West Bengal,Mobile,48,Male,Organic
5804,2023-01-12,India,West Bengal,Desktop,31,Male,Facebook Ads
5805,2023-04-11,India,West Bengal,Desktop,18,Male,Facebook Ads
5806,2023-06-05,India,Telangana,Desktop,44,Female,Organic
5807,2023-03-25,India,Odisha,Mobile,50,Male,Organic
5808,2023-05-05,India,Tamil Nadu,Mobile,52,Male,Google Ads
5809,2023-04-13,India,Maharashtra,Mobile,32,Male,Organic
5810,2023-01-24,India,Uttar Pradesh,Mobile,22,Female,Google Ads
5811,2023-05-29,India,Delhi,Mobile,54,Male,Organic
5812,2023-05-18,India,West Bengal,Mobile,21,Female,Google Ads
5813,2023-04-20,India,West Bengal,Mobile,37,Female,Referral
5814,2023-03-19,India,West Bengal,Desktop,56,Female,Google Ads
5815,2023-04-11,India,Maharashtra,Mobile,39,Male,Referral
5816,2023-05-26,India,West Bengal,Desktop,41,Female,Google Ads
5817,2023-05-22,India,Karnataka,Mobile,28,Female,Facebook Ads
5818,2023-06-11,India,Delhi,Mobile,23,Male,Google Ads
5819,2023-05-08,India,Maharashtra,Mobile,44,Male,Organic
5820,2023-02-27,India,Delhi,Desktop,27,Female,Referral
5821,2023-03-17,India,Rajasthan,Mobile,56,Female,Organic
5822,2023-05-30,India,Gujarat,Desktop,27,Female,Organic
5823,2023-02-05,India,Karnataka,Mobile,43,Female,Facebook Ads
5824,2023-06-22,India,Odisha,Desktop,54,Female,Google Ads
5825,2023-06-13,India,Odisha,Mobile,50,Male,Facebook Ads
5826,2023-01-22,India,Tamil Nadu,Desktop,25,Female,Google Ads
5827,2023-05-07,India,Karnataka,Mobile,45,Female,Organic
5828,2023-03-21,India,Delhi,Desktop,53,Male,Google Ads
5829,2023-04-10,India,Odisha,Mobile,57,Female,Facebook Ads
5830,2023-04-06,India,Gujarat,Mobile,42,Female,Referral
5831,2023-06-10,India,Odisha,Desktop,53,Female,Facebook Ads
5832,2023-06-22,India,West Bengal,Mobile,30,Male,Facebook Ads
5833,2023-06-13,India,Tamil Nadu,Mobile,24,Female,Facebook Ads
5834,2023-05-28,India,Maharashtra,Desktop,18,Male,Referral
5835,2023-01-18,India,Uttar Pradesh,Mobile,26,Male,Organic
5836,2023-02-07,India,Uttar Pradesh,Mobile,45,Male,Facebook Ads
5837,2023-05-31,India,Odisha,Mobile,53,Female,Facebook Ads
5838,2023-04-19,India,Delhi,Desktop,47,Male,Facebook Ads
5839,2023-05-03,India,Delhi,Mobile,26,Female,Referral
5840,2023-05-24,India,West Bengal,Mobile,47,Female,Referral
5841,2023-05-29,India,Odisha,Desktop,52,Male,Referral
5842,2023-04-14,India,Odisha,Desktop,44,Female,Organic
5843,2023-05-20,India,Uttar Pradesh,Desktop,46,Male,Google Ads
5844,2023-05-24,India,Rajasthan,Desktop,22,Male,Organic
5845,2023-03-22,India,Odisha,Mobile,18,Female,Organic
5846,2023-03-28,India,Maharashtra,Mobile,22,Female,Organic
5847,2023-05-22,India,Tamil Nadu,Mobile,46,Female,Google Ads
5848,2023-03-02,India,Tamil Nadu,Desktop,34,Female,Facebook Ads
5849,2023-02-15,India,Maharashtra,Desktop,54,Female,Referral
5850,2023-02-01,India,Rajasthan,Desktop,41,Male,Organic
5851,2023-01-15,India,Delhi,Mobile,44,Female,Referral
5852,2023-02-13,India,Uttar Pradesh,Mobile,26,Female,Referral
5853,2023-05-25,India,Tamil Nadu,Mobile,55,Female,Referral
5854,2023-06-18,India,Karnataka,Mobile,30,Male,Facebook Ads
5855,2023-02-23,India,Gujarat,Desktop,43,Male,Referral
5856,2023-02-13,India,Uttar Pradesh,Mobile,28,Male,Referral
5857,2023-04-08,India,Rajasthan,Mobile,41,Female,Facebook Ads
5858,2023-01-05,India,Karnataka,Desktop,50,Male,Referral
5859,2023-04-19,India,Odisha,Mobile,23,Male,Google Ads
5860,2023-01-27,India,Maharashtra,Mobile,52,Female,Google Ads
5861,2023-04-26,India,Odisha,Mobile,33,Female,Organic
5862,2023-03-28,India,West Bengal,Desktop,30,Female,Google Ads
5863,2023-04-14,India,Telangana,Desktop,28,Male,Google Ads
5864,2023-05-03,India,Maharashtra,Mobile,40,Male,Google Ads
5865,2023-03-20,India,Karnataka,Mobile,19,Male,Facebook Ads
5866,2023-02-12,India,Gujarat,Mobile,47,Female,Google Ads
5867,2023-04-07,India,Telangana,Mobile,36,Female,Referral
5868,2023-01-31,India,West Bengal,Mobile,57,Male,Organic
5869,2023-04-09,India,Delhi,Mobile,32,Male,Referral
5870,2023-01-17,India,West Bengal,Mobile,59,Male,Referral
5871,2023-03-24,India,Telangana,Desktop,50,Female,Google Ads
5872,2023-04-20,India,Tamil Nadu,Mobile,58,Female,Organic
5873,2023-02-01,India,Uttar Pradesh,Mobile,22,Male,Referral
5874,2023-06-17,India,Rajasthan,Mobile,39,Female,Organic
5875,2023-05-21,India,Odisha,Mobile,44,Female,Google Ads
5876,2023-02-04,India,Delhi,Mobile,52,Female,Referral
5877,2023-05-13,India,Rajasthan,Mobile,36,Male,Facebook Ads
5878,2023-01-29,India,West Bengal,Desktop,56,Male,Referral
5879,2023-03-11,India,Gujarat,Desktop,24,Female,Referral
5880,2023-06-02,India,Odisha,Desktop,56,Female,Organic
5881,2023-04-05,India,Delhi,Mobile,51,Male,Organic
5882,2023-01-22,India,Rajasthan,Desktop,51,Male,Organic
5883,2023-06-22,India,Odisha,Mobile,44,Male,Google Ads
5884,2023-03-10,India,Odisha,Desktop,22,Male,Organic
5885,2023-03-30,India,Delhi,Mobile,21,Female,Google Ads
5886,2023-03-13,India,Karnataka,Mobile,24,Male,Organic
5887,2023-05-09,India,Uttar Pradesh,Mobile,20,Male,Facebook Ads
5888,2023-06-21,India,Karnataka,Desktop,38,Male,Organic
5889,2023-03-28,India,Odisha,Desktop,51,Male,Google Ads
5890,2023-04-06,India,Telangana,Desktop,26,Male,Google Ads
5891,2023-03-16,India,Maharashtra,Mobile,37,Female,Referral
5892,2023-06-16,India,Telangana,Mobile,57,Female,Organic
5893,2023-02-23,India,Delhi,Desktop,29,Female,Google Ads
5894,2023-03-29,India,Odisha,Mobile,56,Male,Referral
5895,2023-06-06,India,Odisha,Desktop,45,Male,Facebook Ads
5896,2023-02-23,India,Gujarat,Mobile,50,Female,Google Ads
5897,2023-01-16,India,Uttar Pradesh,Mobile,27,Male,Organic
5898,2023-04-09,India,Gujarat,Desktop,28,Male,Facebook Ads
5899,2023-01-20,India,Delhi,Mobile,24,Male,Google Ads
5900,2023-02-15,India,Tamil Nadu,Desktop,35,Male,Organic
5901,2023-05-07,India,Karnataka,Mobile,36,Male,Google Ads
5902,2023-02-27,India,Gujarat,Desktop,31,Male,Organic
5903,2023-04-21,India,Delhi,Mobile,34,Female,Referral
5904,2023-05-09,India,Karnataka,Desktop,40,Male,Google Ads
5905,2023-03-22,India,Delhi,Mobile,36,Female,Google Ads
5906,2023-06-06,India,Tamil Nadu,Mobile,20,Male,Facebook Ads
5907,2023-03-25,India,Uttar Pradesh,Mobile,51,Male,Referral
5908,2023-03-11,India,Uttar Pradesh,Desktop,42,Male,Facebook Ads
5909,2023-01-08,India,Delhi,Mobile,58,Male,Google Ads
5910,2023-01-29,India,Gujarat,Mobile,48,Female,Referral
5911,2023-04-22,India,Uttar Pradesh,Desktop,56,Male,Organic
5912,2023-06-28,India,Maharashtra,Mobile,31,Female,Referral
5913,2023-06-10,India,Gujarat,Mobile,54,Female,Referral
5914,2023-05-11,India,Rajasthan,Mobile,37,Female,Organic
5915,2023-06-12,India,West Bengal,Desktop,49,Female,Google Ads
5916,2023-04-18,India,Delhi,Mobile,50,Male,Google Ads
5917,2023-04-19,India,Delhi,Mobile,48,Female,Facebook Ads
5918,2023-01-20,India,Delhi,Desktop,24,Male,Google Ads
5919,2023-03-14,India,Tamil Nadu,Desktop,22,Female,Google Ads
5920,2023-06-16,India,Delhi,Mobile,21,Female,Organic
5921,2023-01-04,India,Uttar Pradesh,Desktop,28,Female,Facebook Ads
5922,2023-01-19,India,Uttar Pradesh,Desktop,36,Male,Referral
5923,2023-04-12,India,West Bengal,Mobile,55,Female,Facebook Ads
5924,2023-06-22,India,West Bengal,Desktop,37,Male,Google Ads
5925,2023-06-20,India,Telangana,Mobile,44,Female,Facebook Ads
5926,2023-05-21,India,Gujarat,Mobile,46,Female,Referral
5927,2023-05-21,India,Uttar Pradesh,Mobile,35,Female,Organic
5928,2023-03-27,India,Uttar Pradesh,Mobile,54,Male,Google Ads
5929,2023-02-21,India,Tamil Nadu,Mobile,42,Male,Google Ads
5930,2023-04-21,India,Uttar Pradesh,Desktop,37,Male,Referral
5931,2023-04-19,India,Uttar Pradesh,Mobile,23,Female,Organic
5932,2023-03-27,India,Telangana,Mobile,53,Female,Facebook Ads
5933,2023-02-12,India,Maharashtra,Mobile,32,Female,Referral
5934,2023-02-11,India,Telangana,Desktop,35,Female,Facebook Ads
5935,2023-03-31,India,Maharashtra,Mobile,55,Male,Organic
5936,2023-04-25,India,Telangana,Mobile,42,Female,Organic
5937,2023-01-26,India,Uttar Pradesh,Mobile,37,Male,Organic
5938,2023-05-31,India,Telangana,Desktop,39,Male,Organic
5939,2023-02-12,India,Uttar Pradesh,Mobile,29,Male,Facebook Ads
5940,2023-03-18,India,Uttar Pradesh,Desktop,58,Female,Referral
5941,2023-06-05,India,West Bengal,Mobile,57,Male,Referral
5942,2023-05-17,India,Odisha,Mobile,50,Male,Facebook Ads
5943,2023-01-20,India,Maharashtra,Mobile,46,Male,Organic
5944,2023-02-08,India,Rajasthan,Desktop,19,Female,Organic
5945,2023-06-28,India,Gujarat,Mobile,43,Male,Google Ads
5946,2023-01-12,India,Gujarat,Mobile,49,Male,Google Ads
5947,2023-01-11,India,Telangana,Mobile,20,Male,Facebook Ads
5948,2023-06-03,India,Odisha,Mobile,47,Male,Referral
5949,2023-02-11,India,Tamil Nadu,Mobile,36,Male,Google Ads
5950,2023-06-04,India,Rajasthan,Desktop,27,Male,Google Ads
5951,2023-01-11,India,Gujarat,Mobile,42,Female,Referral
5952,2023-02-07,India,Karnataka,Mobile,36,Male,Google Ads
5953,2023-04-08,India,Delhi,Mobile,38,Female,Referral
5954,2023-06-20,India,Karnataka,Mobile,23,Female,Facebook Ads
5955,2023-01-19,India,Tamil Nadu,Mobile,31,Female,Google Ads
5956,2023-05-14,India,Rajasthan,Mobile,25,Female,Organic
5957,2023-06-23,India,Gujarat,Desktop,19,Male,Facebook Ads
5958,2023-04-26,India,Telangana,Mobile,35,Female,Google Ads
5959,2023-04-23,India,Delhi,Desktop,39,Male,Referral
5960,2023-06-19,India,Maharashtra,Mobile,47,Male,Facebook Ads
5961,2023-03-06,India,Gujarat,Mobile,53,Male,Google Ads
5962,2023-04-09,India,Gujarat,Desktop,45,Female,Facebook Ads
5963,2023-03-13,India,Tamil Nadu,Desktop,52,Male,Organic
5964,2023-02-21,India,Gujarat,Mobile,19,Male,Google Ads
5965,2023-04-28,India,Rajasthan,Mobile,53,Female,Google Ads
5966,2023-06-24,India,Odisha,Mobile,35,Male,Referral
5967,2023-04-30,India,Rajasthan,Mobile,26,Male,Facebook Ads
5968,2023-01-07,India,Maharashtra,Mobile,45,Male,Organic
5969,2023-01-11,India,Odisha,Desktop,25,Female,Referral
5970,2023-04-13,India,Gujarat,Mobile,25,Male,Google Ads
5971,2023-03-02,India,Gujarat,Mobile,22,Male,Referral
5972,2023-03-09,India,Delhi,Mobile,30,Male,Referral
5973,2023-06-02,India,Gujarat,Mobile,24,Male,Organic
5974,2023-05-20,India,Uttar Pradesh,Mobile,38,Female,Google Ads
5975,2023-06-03,India,Maharashtra,Mobile,46,Female,Organic
5976,2023-04-12,India,West Bengal,Desktop,54,Female,Google Ads
5977,2023-04-20,India,Telangana,Mobile,31,Male,Facebook Ads
5978,2023-05-20,India,Delhi,Desktop,54,Male,Facebook Ads
5979,2023-06-20,India,Karnataka,Mobile,21,Male,Organic
5980,2023-02-20,India,Odisha,Desktop,39,Female,Referral
5981,2023-04-27,India,West Bengal,Desktop,28,Female,Google Ads
5982,2023-06-14,India,Telangana,Desktop,51,Male,Google Ads
5983,2023-02-15,India,Gujarat,Desktop,33,Male,Organic
5984,2023-02-22,India,Rajasthan,Mobile,26,Male,Referral
5985,2023-03-29,India,Uttar Pradesh,Desktop,33,Female,Referral
5986,2023-05-01,India,Odisha,Desktop,56,Male,Google Ads
5987,2023-01-13,India,Odisha,Mobile,33,Female,Facebook Ads
5988,2023-03-30,India,Odisha,Mobile,48,Female,Google Ads
5989,2023-05-05,India,Maharashtra,Mobile,48,Male,Facebook Ads
5990,2023-04-28,India,Odisha,Mobile,30,Male,Organic
5991,2023-02-23,India,Delhi,Mobile,22,Male,Referral
5992,2023-04-26,India,Telangana,Mobile,56,Female,Google Ads
5993,2023-04-28,India,Rajasthan,Mobile,35,Male,Organic
5994,2023-01-04,India,Delhi,Desktop,37,Female,Referral
5995,2023-03-16,India,Delhi,Mobile,19,Female,Facebook Ads
5996,2023-02-18,India,Uttar Pradesh,Desktop,57,Male,Organic
5997,2023-01-07,India,Rajasthan,Mobile,47,Male,Organic
5998,2023-04-20,India,Uttar Pradesh,Mobile,27,Female,Google Ads
5999,2023-05-02,India,Odisha,Mobile,59,Female,Organic
6000,2023-01-11,India,Odisha,Mobile,28,Male,Organic
6001,2023-04-02,India,Delhi,Mobile,46,Female,Google Ads
6002,2023-06-22,India,Delhi,Mobile,57,Male,Organic
6003,2023-01-23,India,Odisha,Mobile,33,Male,Facebook Ads
6004,2023-01-28,India,Tamil Nadu,Mobile,45,Male,Google Ads
6005,2023-04-21,India,Telangana,Mobile,34,Male,Facebook Ads
6006,2023-02-26,India,Maharashtra,Mobile,55,Female,Google Ads
6007,2023-01-26,India,West Bengal,Mobile,32,Male,Referral
6008,2023-06-02,India,Gujarat,Mobile,48,Male,Organic
6009,2023-02-23,India,Karnataka,Mobile,24,Female,Referral
6010,2023-01-29,India,Rajasthan,Mobile,47,Female,Facebook Ads
6011,2023-04-07,India,Uttar Pradesh,Mobile,53,Male,Referral
6012,2023-06-13,India,Rajasthan,Mobile,43,Male,Facebook Ads
6013,2023-01-14,India,Odisha,Mobile,28,Female,Referral
6014,2023-03-19,India,West Bengal,Mobile,23,Female,Facebook Ads
6015,2023-02-04,India,Karnataka,Mobile,59,Male,Organic
6016,2023-01-30,India,Delhi,Mobile,46,Female,Referral
6017,2023-04-02,India,Delhi,Mobile,45,Female,Facebook Ads
6018,2023-01-17,India,Uttar Pradesh,Desktop,32,Female,Facebook Ads
6019,2023-06-07,India,Telangana,Desktop,46,Female,Referral
6020,2023-04-03,India,Gujarat,Mobile,23,Male,Referral
6021,2023-06-22,India,Telangana,Desktop,29,Male,Referral
6022,2023-03-20,India,West Bengal,Mobile,33,Male,Organic
6023,2023-04-20,India,Telangana,Mobile,55,Male,Organic
6024,2023-06-28,India,Uttar Pradesh,Desktop,26,Female,Organic
6025,2023-04-12,India,Karnataka,Desktop,39,Female,Referral
6026,2023-04-16,India,Karnataka,Mobile,50,Female,Facebook Ads
6027,2023-02-16,India,Karnataka,Mobile,43,Female,Facebook Ads
6028,2023-03-05,India,Delhi,Mobile,57,Male,Facebook Ads
6029,2023-06-15,India,Tamil Nadu,Mobile,24,Male,Google Ads
6030,2023-03-05,India,West Bengal,Mobile,49,Female,Referral
6031,2023-03-28,India,Gujarat,Mobile,57,Male,Facebook Ads
6032,2023-01-07,India,West Bengal,Desktop,41,Male,Referral
6033,2023-01-22,India,West Bengal,Mobile,58,Female,Referral
6034,2023-03-22,India,Telangana,Desktop,56,Male,Facebook Ads
6035,2023-06-18,India,Maharashtra,Mobile,55,Male,Referral
6036,2023-03-15,India,West Bengal,Mobile,54,Female,Google Ads
6037,2023-05-18,India,Uttar Pradesh,Mobile,36,Female,Google Ads
6038,2023-05-15,India,Maharashtra,Mobile,22,Female,Facebook Ads
6039,2023-05-05,India,Tamil Nadu,Mobile,47,Male,Referral
6040,2023-02-19,India,Uttar Pradesh,Mobile,42,Female,Google Ads
6041,2023-02-21,India,West Bengal,Mobile,47,Female,Facebook Ads
6042,2023-06-10,India,Rajasthan,Mobile,42,Male,Organic
6043,2023-01-01,India,Delhi,Mobile,26,Male,Organic
6044,2023-06-11,India,Telangana,Mobile,44,Female,Organic
6045,2023-01-04,India,Odisha,Mobile,41,Male,Organic
6046,2023-05-25,India,Gujarat,Mobile,57,Male,Google Ads
6047,2023-05-12,India,Gujarat,Mobile,55,Female,Facebook Ads
6048,2023-06-20,India,Uttar Pradesh,Desktop,32,Female,Google Ads
6049,2023-01-04,India,Gujarat,Mobile,55,Male,Organic
6050,2023-01-01,India,Maharashtra,Mobile,43,Female,Referral
6051,2023-03-12,India,Karnataka,Mobile,47,Male,Organic
6052,2023-06-27,India,Rajasthan,Mobile,28,Male,Referral
6053,2023-02-04,India,Odisha,Mobile,46,Male,Facebook Ads
6054,2023-01-08,India,Gujarat,Mobile,32,Male,Google Ads
6055,2023-06-01,India,Gujarat,Desktop,26,Female,Referral
6056,2023-02-05,India,Uttar Pradesh,Mobile,59,Male,Organic
6057,2023-06-27,India,West Bengal,Mobile,46,Female,Google Ads
6058,2023-05-03,India,Delhi,Mobile,32,Male,Referral
6059,2023-02-12,India,Telangana,Mobile,34,Male,Facebook Ads
6060,2023-01-27,India,Telangana,Mobile,33,Female,Referral
6061,2023-02-01,India,Telangana,Desktop,39,Female,Referral
6062,2023-03-19,India,Telangana,Desktop,57,Male,Facebook Ads
6063,2023-05-01,India,Tamil Nadu,Desktop,28,Male,Google Ads
6064,2023-05-26,India,Odisha,Mobile,55,Female,Facebook Ads
6065,2023-06-05,India,West Bengal,Desktop,42,Female,Google Ads
6066,2023-06-06,India,Delhi,Mobile,47,Female,Google Ads
6067,2023-01-16,India,Delhi,Desktop,19,Male,Google Ads
6068,2023-04-09,India,Uttar Pradesh,Desktop,18,Female,Referral
6069,2023-02-16,India,Rajasthan,Mobile,55,Male,Organic
6070,2023-01-31,India,Gujarat,Mobile,54,Female,Organic
6071,2023-01-04,India,Gujarat,Mobile,26,Female,Referral
6072,2023-06-14,India,West Bengal,Desktop,22,Female,Google Ads
6073,2023-01-17,India,Tamil Nadu,Mobile,41,Male,Facebook Ads
6074,2023-02-08,India,Maharashtra,Desktop,44,Female,Facebook Ads
6075,2023-02-17,India,Karnataka,Mobile,47,Female,Organic
6076,2023-06-23,India,West Bengal,Mobile,32,Male,Google Ads
6077,2023-06-25,India,Maharashtra,Mobile,26,Female,Referral
6078,2023-02-08,India,Karnataka,Desktop,54,Male,Referral
6079,2023-05-12,India,Delhi,Mobile,47,Male,Organic
6080,2023-01-30,India,Tamil Nadu,Mobile,32,Male,Google Ads
6081,2023-06-07,India,West Bengal,Mobile,37,Female,Facebook Ads
6082,2023-01-22,India,Telangana,Mobile,42,Female,Facebook Ads
6083,2023-03-07,India,Delhi,Mobile,26,Male,Referral
6084,2023-04-18,India,Maharashtra,Mobile,39,Male,Organic
6085,2023-01-12,India,West Bengal,Desktop,30,Male,Referral
6086,2023-02-05,India,West Bengal,Desktop,54,Female,Facebook Ads
6087,2023-01-18,India,Uttar Pradesh,Mobile,45,Male,Referral
6088,2023-03-31,India,Odisha,Desktop,31,Male,Google Ads
6089,2023-01-01,India,Delhi,Desktop,47,Female,Facebook Ads
6090,2023-05-07,India,West Bengal,Mobile,56,Female,Facebook Ads
6091,2023-03-31,India,Gujarat,Mobile,22,Male,Referral
6092,2023-03-28,India,Gujarat,Mobile,29,Male,Referral
6093,2023-03-31,India,Odisha,Mobile,52,Male,Organic
6094,2023-05-14,India,West Bengal,Mobile,58,Male,Referral
6095,2023-03-11,India,Telangana,Desktop,59,Female,Google Ads
6096,2023-02-13,India,Odisha,Desktop,18,Male,Organic
6097,2023-06-01,India,Odisha,Mobile,18,Female,Organic
6098,2023-03-27,India,Maharashtra,Mobile,59,Female,Facebook Ads
6099,2023-01-19,India,Maharashtra,Mobile,37,Male,Google Ads
6100,2023-04-11,India,Rajasthan,Desktop,51,Female,Google Ads
6101,2023-05-26,India,Delhi,Mobile,51,Male,Organic
6102,2023-04-05,India,Karnataka,Mobile,41,Female,Organic
6103,2023-04-11,India,Odisha,Mobile,45,Male,Facebook Ads
6104,2023-01-30,India,Maharashtra,Mobile,28,Female,Referral
6105,2023-06-19,India,Tamil Nadu,Mobile,25,Female,Google Ads
6106,2023-02-02,India,Rajasthan,Desktop,52,Male,Google Ads
6107,2023-01-12,India,West Bengal,Mobile,58,Female,Facebook Ads
6108,2023-04-28,India,Delhi,Desktop,33,Female,Organic
6109,2023-04-04,India,West Bengal,Mobile,33,Female,Google Ads
6110,2023-06-04,India,Rajasthan,Mobile,59,Female,Facebook Ads
6111,2023-06-16,India,Uttar Pradesh,Mobile,23,Female,Organic
6112,2023-05-17,India,Gujarat,Desktop,37,Female,Facebook Ads
6113,2023-05-29,India,Delhi,Desktop,28,Female,Google Ads
6114,2023-03-17,India,Gujarat,Mobile,25,Female,Organic
6115,2023-01-29,India,Tamil Nadu,Desktop,37,Female,Facebook Ads
6116,2023-06-10,India,West Bengal,Mobile,49,Male,Facebook Ads
6117,2023-04-27,India,Uttar Pradesh,Mobile,50,Female,Facebook Ads
6118,2023-01-15,India,Tamil Nadu,Mobile,23,Female,Google Ads
6119,2023-01-02,India,Karnataka,Desktop,45,Male,Google Ads
6120,2023-06-29,India,West Bengal,Mobile,25,Female,Referral
6121,2023-04-27,India,Rajasthan,Mobile,31,Female,Google Ads
6122,2023-06-21,India,Uttar Pradesh,Mobile,20,Male,Facebook Ads
6123,2023-01-18,India,Delhi,Mobile,19,Female,Google Ads
6124,2023-01-03,India,Uttar Pradesh,Mobile,39,Male,Facebook Ads
6125,2023-05-15,India,West Bengal,Mobile,50,Male,Facebook Ads
6126,2023-06-20,India,Maharashtra,Mobile,38,Female,Facebook Ads
6127,2023-06-15,India,Tamil Nadu,Desktop,23,Male,Organic
6128,2023-06-14,India,Uttar Pradesh,Mobile,57,Male,Referral
6129,2023-06-10,India,Gujarat,Mobile,24,Female,Referral
6130,2023-04-18,India,Tamil Nadu,Mobile,23,Female,Facebook Ads
6131,2023-04-05,India,Gujarat,Mobile,25,Male,Google Ads
6132,2023-05-02,India,Uttar Pradesh,Desktop,41,Female,Referral
6133,2023-01-11,India,Maharashtra,Mobile,44,Male,Facebook Ads
6134,2023-03-09,India,Tamil Nadu,Desktop,45,Male,Google Ads
6135,2023-05-03,India,Rajasthan,Desktop,22,Female,Organic
6136,2023-04-23,India,Tamil Nadu,Desktop,36,Male,Organic
6137,2023-04-08,India,Delhi,Mobile,26,Female,Facebook Ads
6138,2023-04-03,India,Uttar Pradesh,Mobile,42,Female,Google Ads
6139,2023-01-22,India,Karnataka,Mobile,30,Female,Organic
6140,2023-06-21,India,West Bengal,Desktop,54,Female,Organic
6141,2023-05-07,India,Odisha,Mobile,19,Male,Organic
6142,2023-05-14,India,Telangana,Mobile,57,Female,Google Ads
6143,2023-06-19,India,Karnataka,Mobile,31,Female,Facebook Ads
6144,2023-01-25,India,Gujarat,Mobile,48,Female,Facebook Ads
6145,2023-03-26,India,Rajasthan,Desktop,23,Male,Organic
6146,2023-02-24,India,Rajasthan,Mobile,42,Female,Facebook Ads
6147,2023-05-24,India,Telangana,Mobile,56,Male,Referral
6148,2023-04-05,India,Maharashtra,Mobile,48,Male,Organic
6149,2023-05-22,India,Delhi,Mobile,55,Male,Google Ads
6150,2023-06-16,India,West Bengal,Desktop,33,Male,Facebook Ads
6151,2023-06-05,India,Karnataka,Desktop,44,Female,Google Ads
6152,2023-06-28,India,Odisha,Mobile,47,Female,Facebook Ads
6153,2023-04-29,India,Tamil Nadu,Mobile,21,Male,Google Ads
6154,2023-06-26,India,Telangana,Mobile,56,Male,Google Ads
6155,2023-01-09,India,Maharashtra,Desktop,33,Female,Facebook Ads
6156,2023-06-22,India,Rajasthan,Desktop,53,Male,Organic
6157,2023-05-30,India,Odisha,Desktop,24,Male,Organic
6158,2023-06-09,India,Rajasthan,Mobile,38,Male,Google Ads
6159,2023-02-11,India,Uttar Pradesh,Desktop,19,Female,Referral
6160,2023-02-22,India,Telangana,Desktop,25,Male,Google Ads
6161,2023-03-15,India,Maharashtra,Mobile,59,Male,Referral
6162,2023-02-08,India,Tamil Nadu,Mobile,44,Male,Organic
6163,2023-05-02,India,Gujarat,Desktop,19,Female,Referral
6164,2023-01-15,India,Maharashtra,Mobile,23,Male,Facebook Ads
6165,2023-06-06,India,West Bengal,Mobile,21,Female,Referral
6166,2023-05-03,India,Tamil Nadu,Mobile,38,Female,Facebook Ads
6167,2023-04-21,India,Karnataka,Mobile,18,Female,Google Ads
6168,2023-05-11,India,Maharashtra,Mobile,55,Female,Referral
6169,2023-03-24,India,Tamil Nadu,Mobile,29,Male,Facebook Ads
6170,2023-01-10,India,Karnataka,Desktop,44,Male,Google Ads
6171,2023-04-02,India,Maharashtra,Desktop,31,Female,Referral
6172,2023-01-29,India,Odisha,Desktop,32,Male,Referral
6173,2023-02-04,India,Gujarat,Mobile,41,Male,Facebook Ads
6174,2023-01-06,India,Odisha,Mobile,35,Female,Google Ads
6175,2023-05-20,India,West Bengal,Mobile,34,Female,Facebook Ads
6176,2023-04-21,India,Tamil Nadu,Mobile,26,Male,Referral
6177,2023-02-07,India,Karnataka,Mobile,35,Male,Google Ads
6178,2023-03-18,India,Uttar Pradesh,Desktop,35,Male,Organic
6179,2023-04-03,India,Maharashtra,Mobile,22,Male,Organic
6180,2023-05-27,India,Uttar Pradesh,Mobile,26,Female,Organic
6181,2023-03-08,India,Maharashtra,Mobile,52,Female,Referral
6182,2023-05-16,India,West Bengal,Mobile,18,Female,Organic
6183,2023-01-08,India,Uttar Pradesh,Desktop,58,Male,Referral
6184,2023-05-02,India,Karnataka,Desktop,26,Female,Google Ads
6185,2023-03-25,India,Delhi,Mobile,49,Male,Facebook Ads
6186,2023-06-24,India,Odisha,Mobile,37,Female,Referral
6187,2023-05-12,India,Karnataka,Mobile,30,Male,Google Ads
6188,2023-06-28,India,Rajasthan,Desktop,57,Male,Google Ads
6189,2023-03-26,India,Telangana,Mobile,28,Female,Google Ads
6190,2023-02-14,India,West Bengal,Mobile,59,Female,Facebook Ads
6191,2023-05-16,India,Gujarat,Mobile,43,Male,Referral
6192,2023-03-28,India,Maharashtra,Mobile,57,Male,Google Ads
6193,2023-01-16,India,Karnataka,Mobile,28,Female,Organic
6194,2023-03-18,India,Uttar Pradesh,Mobile,42,Male,Organic
6195,2023-01-09,India,Telangana,Mobile,57,Male,Google Ads
6196,2023-03-01,India,Delhi,Mobile,42,Male,Organic
6197,2023-03-19,India,Rajasthan,Desktop,37,Female,Organic
6198,2023-03-18,India,Uttar Pradesh,Mobile,59,Male,Referral
6199,2023-03-12,India,Odisha,Mobile,28,Male,Facebook Ads
6200,2023-01-15,India,Delhi,Desktop,27,Male,Referral
6201,2023-03-12,India,Telangana,Desktop,20,Female,Google Ads
6202,2023-04-12,India,Tamil Nadu,Mobile,56,Female,Google Ads
6203,2023-06-18,India,Tamil Nadu,Mobile,44,Female,Organic
6204,2023-01-22,India,Telangana,Mobile,52,Male,Referral
6205,2023-06-01,India,Tamil Nadu,Desktop,57,Male,Google Ads
6206,2023-04-23,India,West Bengal,Desktop,48,Male,Google Ads
6207,2023-06-21,India,Karnataka,Mobile,38,Male,Organic
6208,2023-01-01,India,Maharashtra,Mobile,39,Male,Organic
6209,2023-01-10,India,Karnataka,Mobile,36,Male,Google Ads
6210,2023-04-20,India,Rajasthan,Mobile,31,Female,Referral
6211,2023-04-23,India,Karnataka,Mobile,54,Male,Facebook Ads
6212,2023-02-19,India,Karnataka,Mobile,40,Female,Referral
6213,2023-01-12,India,Odisha,Mobile,43,Male,Organic
6214,2023-03-30,India,Maharashtra,Mobile,57,Male,Google Ads
6215,2023-06-03,India,Karnataka,Mobile,29,Female,Organic
6216,2023-04-22,India,Maharashtra,Mobile,18,Female,Google Ads
6217,2023-03-19,India,Gujarat,Mobile,51,Male,Google Ads
6218,2023-06-18,India,Tamil Nadu,Mobile,36,Male,Facebook Ads
6219,2023-06-13,India,Uttar Pradesh,Desktop,40,Male,Organic
6220,2023-05-01,India,Odisha,Mobile,24,Female,Facebook Ads
6221,2023-01-23,India,Tamil Nadu,Desktop,24,Male,Referral
6222,2023-06-20,India,Maharashtra,Mobile,18,Male,Organic
6223,2023-05-14,India,Tamil Nadu,Desktop,35,Female,Facebook Ads
6224,2023-06-20,India,Karnataka,Desktop,25,Female,Organic
6225,2023-01-25,India,Uttar Pradesh,Mobile,42,Male,Facebook Ads
6226,2023-01-18,India,Karnataka,Mobile,59,Male,Facebook Ads
6227,2023-05-21,India,Rajasthan,Mobile,46,Female,Organic
6228,2023-02-12,India,Karnataka,Desktop,40,Male,Referral
6229,2023-03-19,India,Uttar Pradesh,Mobile,46,Female,Facebook Ads
6230,2023-01-28,India,Delhi,Mobile,18,Female,Facebook Ads
6231,2023-05-26,India,Gujarat,Mobile,32,Male,Organic
6232,2023-02-28,India,Maharashtra,Desktop,32,Female,Referral
6233,2023-03-04,India,Gujarat,Mobile,45,Female,Organic
6234,2023-04-02,India,Rajasthan,Mobile,53,Male,Google Ads
6235,2023-06-28,India,Gujarat,Mobile,59,Female,Organic
6236,2023-02-25,India,Tamil Nadu,Mobile,57,Female,Google Ads
6237,2023-06-04,India,Telangana,Mobile,49,Male,Facebook Ads
6238,2023-06-09,India,Odisha,Mobile,30,Male,Referral
6239,2023-04-21,India,Uttar Pradesh,Desktop,38,Female,Referral
6240,2023-05-17,India,Odisha,Desktop,56,Male,Organic
6241,2023-03-09,India,Uttar Pradesh,Desktop,55,Female,Google Ads
6242,2023-02-15,India,Maharashtra,Mobile,26,Female,Organic
6243,2023-03-08,India,Gujarat,Desktop,37,Female,Referral
6244,2023-06-03,India,Maharashtra,Mobile,37,Male,Google Ads
6245,2023-05-16,India,Karnataka,Mobile,25,Female,Referral
6246,2023-01-06,India,Karnataka,Desktop,31,Female,Google Ads
6247,2023-01-24,India,Odisha,Desktop,37,Male,Organic
6248,2023-06-25,India,West Bengal,Mobile,52,Male,Facebook Ads
6249,2023-04-04,India,West Bengal,Desktop,38,Male,Facebook Ads
6250,2023-06-22,India,Telangana,Desktop,58,Male,Google Ads
6251,2023-01-13,India,West Bengal,Mobile,58,Female,Google Ads
6252,2023-01-25,India,Rajasthan,Mobile,39,Male,Facebook Ads
6253,2023-05-28,India,Tamil Nadu,Desktop,23,Male,Organic
6254,2023-04-28,India,Tamil Nadu,Mobile,44,Female,Organic
6255,2023-03-23,India,Karnataka,Mobile,21,Female,Referral
6256,2023-04-21,India,West Bengal,Desktop,21,Male,Referral
6257,2023-03-23,India,Telangana,Mobile,45,Male,Facebook Ads
6258,2023-03-07,India,Uttar Pradesh,Mobile,44,Male,Facebook Ads
6259,2023-02-14,India,Karnataka,Mobile,34,Male,Facebook Ads
6260,2023-04-24,India,Maharashtra,Mobile,56,Female,Google Ads
6261,2023-06-24,India,West Bengal,Desktop,55,Male,Referral
6262,2023-03-04,India,Karnataka,Mobile,46,Female,Facebook Ads
6263,2023-03-17,India,West Bengal,Mobile,57,Female,Facebook Ads
6264,2023-04-24,India,Rajasthan,Desktop,24,Male,Referral
6265,2023-04-21,India,Telangana,Desktop,25,Female,Facebook Ads
6266,2023-05-27,India,Odisha,Mobile,58,Male,Facebook Ads
6267,2023-02-04,India,Delhi,Desktop,50,Male,Organic
6268,2023-02-22,India,Telangana,Mobile,49,Male,Referral
6269,2023-01-26,India,West Bengal,Mobile,52,Male,Organic
6270,2023-01-14,India,Maharashtra,Mobile,35,Female,Referral
6271,2023-04-28,India,Maharashtra,Mobile,33,Male,Facebook Ads
6272,2023-02-14,India,Odisha,Mobile,35,Female,Google Ads
6273,2023-06-21,India,Gujarat,Mobile,55,Male,Google Ads
6274,2023-02-20,India,Maharashtra,Mobile,42,Female,Organic
6275,2023-06-20,India,Karnataka,Mobile,51,Female,Google Ads
6276,2023-04-29,India,Maharashtra,Mobile,21,Male,Google Ads
6277,2023-05-31,India,Delhi,Mobile,22,Male,Organic
6278,2023-01-19,India,Odisha,Mobile,31,Female,Facebook Ads
6279,2023-03-23,India,Karnataka,Mobile,18,Female,Referral
6280,2023-03-17,India,West Bengal,Mobile,39,Female,Facebook Ads
6281,2023-04-02,India,Telangana,Mobile,38,Male,Organic
6282,2023-02-02,India,Odisha,Mobile,30,Male,Facebook Ads
6283,2023-05-27,India,Delhi,Mobile,53,Male,Facebook Ads
6284,2023-01-28,India,Tamil Nadu,Desktop,46,Male,Organic
6285,2023-05-03,India,Delhi,Desktop,55,Female,Organic
6286,2023-06-29,India,Uttar Pradesh,Desktop,26,Female,Organic
6287,2023-05-06,India,Uttar Pradesh,Mobile,50,Female,Google Ads
6288,2023-06-26,India,Tamil Nadu,Mobile,39,Female,Organic
6289,2023-02-06,India,Rajasthan,Mobile,34,Female,Organic
6290,2023-06-03,India,Maharashtra,Desktop,40,Male,Organic
6291,2023-04-09,India,Telangana,Mobile,53,Male,Organic
6292,2023-04-08,India,Gujarat,Mobile,23,Female,Facebook Ads
6293,2023-05-07,India,Gujarat,Mobile,56,Male,Organic
6294,2023-06-17,India,Telangana,Desktop,46,Male,Referral
6295,2023-03-21,India,Delhi,Mobile,44,Male,Organic
6296,2023-02-07,India,Tamil Nadu,Mobile,22,Male,Referral
6297,2023-03-18,India,Tamil Nadu,Desktop,26,Male,Referral
6298,2023-05-06,India,West Bengal,Mobile,41,Female,Google Ads
6299,2023-03-28,India,Odisha,Mobile,36,Female,Google Ads
6300,2023-02-23,India,Karnataka,Mobile,50,Male,Facebook Ads
6301,2023-05-30,India,Uttar Pradesh,Mobile,47,Female,Organic
6302,2023-01-16,India,Gujarat,Mobile,57,Female,Organic
6303,2023-01-28,India,Maharashtra,Mobile,21,Male,Referral
6304,2023-06-12,India,Karnataka,Mobile,49,Male,Organic
6305,2023-06-22,India,Delhi,Desktop,18,Male,Referral
6306,2023-02-15,India,West Bengal,Mobile,51,Male,Google Ads
6307,2023-03-13,India,Karnataka,Mobile,38,Female,Facebook Ads
6308,2023-03-26,India,West Bengal,Mobile,48,Male,Google Ads
6309,2023-01-26,India,Gujarat,Desktop,31,Male,Organic
6310,2023-03-26,India,Gujarat,Mobile,43,Female,Referral
6311,2023-06-02,India,Maharashtra,Mobile,39,Male,Google Ads
6312,2023-03-06,India,Tamil Nadu,Mobile,51,Female,Organic
6313,2023-05-14,India,Delhi,Mobile,50,Female,Referral
6314,2023-05-31,India,Rajasthan,Mobile,30,Male,Organic
6315,2023-04-25,India,Telangana,Desktop,49,Female,Organic
6316,2023-03-05,India,Maharashtra,Mobile,25,Male,Facebook Ads
6317,2023-03-28,India,Gujarat,Desktop,39,Female,Google Ads
6318,2023-06-20,India,Odisha,Mobile,58,Male,Organic
6319,2023-04-17,India,Tamil Nadu,Desktop,37,Male,Organic
6320,2023-05-31,India,Telangana,Mobile,38,Female,Facebook Ads
6321,2023-04-06,India,Odisha,Mobile,51,Male,Facebook Ads
6322,2023-06-07,India,Maharashtra,Mobile,47,Female,Referral
6323,2023-03-18,India,Karnataka,Mobile,23,Female,Organic
6324,2023-05-26,India,Rajasthan,Desktop,52,Male,Organic
6325,2023-03-28,India,West Bengal,Mobile,44,Female,Organic
6326,2023-05-29,India,Telangana,Mobile,37,Male,Organic
6327,2023-02-26,India,Telangana,Mobile,55,Female,Facebook Ads
6328,2023-04-13,India,Maharashtra,Desktop,57,Male,Google Ads
6329,2023-05-31,India,Telangana,Mobile,31,Female,Facebook Ads
6330,2023-04-01,India,West Bengal,Desktop,27,Female,Referral
6331,2023-02-14,India,West Bengal,Desktop,59,Female,Facebook Ads
6332,2023-06-21,India,Odisha,Desktop,32,Female,Google Ads
6333,2023-03-29,India,Karnataka,Mobile,57,Female,Organic
6334,2023-04-25,India,West Bengal,Mobile,20,Male,Referral
6335,2023-02-16,India,Rajasthan,Mobile,32,Male,Referral
6336,2023-06-17,India,Telangana,Desktop,48,Female,Organic
6337,2023-06-28,India,Odisha,Desktop,28,Male,Google Ads
6338,2023-06-19,India,Gujarat,Mobile,56,Male,Facebook Ads
6339,2023-05-15,India,Odisha,Desktop,36,Male,Organic
6340,2023-02-19,India,Rajasthan,Mobile,32,Female,Google Ads
6341,2023-06-25,India,Tamil Nadu,Mobile,55,Male,Google Ads
6342,2023-03-25,India,Odisha,Mobile,37,Male,Google Ads
6343,2023-04-01,India,Gujarat,Desktop,39,Female,Organic
6344,2023-05-14,India,West Bengal,Desktop,24,Female,Google Ads
6345,2023-04-01,India,Uttar Pradesh,Desktop,31,Female,Referral
6346,2023-05-17,India,Uttar Pradesh,Desktop,21,Female,Referral
6347,2023-04-19,India,Uttar Pradesh,Mobile,26,Female,Facebook Ads
6348,2023-02-26,India,Tamil Nadu,Desktop,56,Male,Facebook Ads
6349,2023-01-31,India,Gujarat,Mobile,42,Male,Google Ads
6350,2023-01-21,India,Rajasthan,Desktop,52,Male,Google Ads
6351,2023-03-31,India,Maharashtra,Desktop,54,Female,Google Ads
6352,2023-02-09,India,Uttar Pradesh,Mobile,44,Male,Facebook Ads
6353,2023-04-22,India,Maharashtra,Mobile,45,Female,Referral
6354,2023-02-14,India,Tamil Nadu,Mobile,41,Male,Referral
6355,2023-03-18,India,Maharashtra,Desktop,50,Male,Organic
6356,2023-06-26,India,Telangana,Mobile,50,Female,Facebook Ads
6357,2023-03-28,India,Tamil Nadu,Mobile,33,Male,Google Ads
6358,2023-05-28,India,Maharashtra,Desktop,40,Male,Referral
6359,2023-04-11,India,Odisha,Mobile,28,Female,Organic
6360,2023-04-27,India,Uttar Pradesh,Mobile,57,Male,Referral
6361,2023-04-02,India,Karnataka,Mobile,36,Male,Organic
6362,2023-05-25,India,Delhi,Mobile,51,Male,Google Ads
6363,2023-01-28,India,Tamil Nadu,Desktop,40,Female,Google Ads
6364,2023-06-18,India,West Bengal,Mobile,27,Female,Referral
6365,2023-01-25,India,Delhi,Mobile,54,Male,Facebook Ads
6366,2023-02-27,India,Rajasthan,Mobile,18,Male,Referral
6367,2023-02-10,India,Tamil Nadu,Mobile,19,Female,Facebook Ads
6368,2023-05-14,India,Tamil Nadu,Desktop,39,Female,Referral
6369,2023-03-16,India,Maharashtra,Desktop,34,Female,Facebook Ads
6370,2023-02-07,India,Tamil Nadu,Mobile,41,Male,Google Ads
6371,2023-05-14,India,Uttar Pradesh,Mobile,38,Male,Organic
6372,2023-06-22,India,Gujarat,Mobile,57,Female,Facebook Ads
6373,2023-03-16,India,Gujarat,Mobile,46,Female,Google Ads
6374,2023-05-22,India,Rajasthan,Mobile,31,Male,Organic
6375,2023-03-07,India,Telangana,Desktop,25,Female,Google Ads
6376,2023-06-17,India,Karnataka,Mobile,47,Male,Google Ads
6377,2023-01-03,India,Telangana,Mobile,39,Female,Google Ads
6378,2023-04-27,India,Uttar Pradesh,Mobile,40,Female,Facebook Ads
6379,2023-04-09,India,Uttar Pradesh,Mobile,57,Male,Google Ads
6380,2023-06-01,India,Odisha,Desktop,30,Female,Google Ads
6381,2023-01-19,India,Gujarat,Mobile,45,Female,Google Ads
6382,2023-05-26,India,Delhi,Mobile,47,Male,Facebook Ads
6383,2023-04-26,India,West Bengal,Mobile,22,Male,Referral
6384,2023-05-05,India,Tamil Nadu,Desktop,27,Male,Google Ads
6385,2023-03-29,India,Karnataka,Mobile,56,Male,Referral
6386,2023-02-04,India,West Bengal,Desktop,26,Male,Google Ads
6387,2023-01-01,India,Telangana,Mobile,31,Female,Facebook Ads
6388,2023-06-02,India,West Bengal,Desktop,55,Female,Referral
6389,2023-06-22,India,Odisha,Desktop,27,Male,Google Ads
6390,2023-06-26,India,Karnataka,Mobile,50,Male,Referral
6391,2023-05-06,India,Karnataka,Desktop,28,Female,Organic
6392,2023-03-30,India,Odisha,Mobile,57,Male,Referral
6393,2023-05-24,India,Uttar Pradesh,Mobile,23,Male,Google Ads
6394,2023-05-27,India,Odisha,Mobile,34,Male,Referral
6395,2023-05-31,India,Uttar Pradesh,Mobile,53,Female,Google Ads
6396,2023-01-25,India,Delhi,Mobile,23,Male,Referral
6397,2023-01-16,India,Rajasthan,Desktop,27,Female,Referral
6398,2023-03-14,India,Uttar Pradesh,Desktop,59,Female,Facebook Ads
6399,2023-05-09,India,West Bengal,Mobile,22,Male,Facebook Ads
6400,2023-02-11,India,Uttar Pradesh,Desktop,36,Male,Referral
6401,2023-05-27,India,Rajasthan,Mobile,24,Male,Facebook Ads
6402,2023-06-11,India,Telangana,Mobile,41,Female,Facebook Ads
6403,2023-03-21,India,Tamil Nadu,Desktop,59,Male,Organic
6404,2023-04-14,India,Odisha,Mobile,36,Female,Google Ads
6405,2023-05-26,India,Tamil Nadu,Mobile,28,Female,Google Ads
6406,2023-02-03,India,Odisha,Desktop,20,Female,Organic
6407,2023-03-30,India,Delhi,Mobile,47,Male,Referral
6408,2023-05-05,India,Gujarat,Mobile,55,Female,Facebook Ads
6409,2023-02-14,India,West Bengal,Mobile,23,Female,Google Ads
6410,2023-05-14,India,West Bengal,Mobile,52,Male,Organic
6411,2023-01-21,India,Telangana,Desktop,39,Male,Google Ads
6412,2023-05-02,India,Gujarat,Mobile,28,Male,Referral
6413,2023-03-11,India,Gujarat,Mobile,25,Female,Organic
6414,2023-04-06,India,Odisha,Mobile,44,Female,Referral
6415,2023-04-15,India,West Bengal,Mobile,46,Male,Referral
6416,2023-02-17,India,West Bengal,Mobile,25,Female,Organic
6417,2023-02-08,India,Gujarat,Mobile,40,Female,Google Ads
6418,2023-01-31,India,Odisha,Mobile,46,Male,Facebook Ads
6419,2023-01-10,India,Uttar Pradesh,Mobile,33,Female,Facebook Ads
6420,2023-01-30,India,Uttar Pradesh,Mobile,52,Female,Organic
6421,2023-01-18,India,Rajasthan,Desktop,25,Male,Facebook Ads
6422,2023-03-29,India,Maharashtra,Desktop,25,Male,Referral
6423,2023-05-05,India,Karnataka,Desktop,50,Female,Google Ads
6424,2023-03-14,India,Delhi,Mobile,59,Female,Organic
6425,2023-01-15,India,Odisha,Mobile,22,Male,Referral
6426,2023-01-04,India,Uttar Pradesh,Desktop,54,Male,Referral
6427,2023-06-17,India,Telangana,Mobile,34,Male,Google Ads
6428,2023-01-09,India,Karnataka,Mobile,39,Male,Google Ads
6429,2023-04-19,India,Karnataka,Desktop,31,Male,Facebook Ads
6430,2023-05-17,India,Karnataka,Desktop,55,Male,Google Ads
6431,2023-06-03,India,Gujarat,Desktop,49,Male,Organic
6432,2023-05-12,India,Rajasthan,Desktop,31,Male,Organic
6433,2023-01-16,India,Telangana,Mobile,37,Female,Google Ads
6434,2023-05-23,India,Maharashtra,Mobile,39,Male,Google Ads
6435,2023-04-09,India,Telangana,Desktop,47,Male,Referral
6436,2023-05-01,India,Telangana,Mobile,50,Male,Organic
6437,2023-02-21,India,Odisha,Desktop,22,Female,Facebook Ads
6438,2023-03-10,India,Rajasthan,Mobile,35,Female,Referral
6439,2023-01-05,India,Tamil Nadu,Mobile,24,Male,Referral
6440,2023-01-20,India,Rajasthan,Desktop,46,Male,Facebook Ads
6441,2023-03-20,India,Tamil Nadu,Mobile,26,Female,Facebook Ads
6442,2023-05-26,India,Maharashtra,Desktop,58,Male,Google Ads
6443,2023-04-21,India,Odisha,Mobile,24,Female,Google Ads
6444,2023-01-02,India,Gujarat,Desktop,24,Male,Referral
6445,2023-04-03,India,Karnataka,Mobile,23,Male,Organic
6446,2023-01-13,India,Odisha,Mobile,57,Female,Organic
6447,2023-01-04,India,Gujarat,Mobile,44,Female,Referral
6448,2023-06-19,India,Odisha,Mobile,21,Female,Organic
6449,2023-04-19,India,Gujarat,Desktop,18,Female,Organic
6450,2023-03-15,India,Odisha,Mobile,23,Female,Facebook Ads
6451,2023-04-05,India,Rajasthan,Mobile,48,Female,Google Ads
6452,2023-04-15,India,Rajasthan,Mobile,18,Female,Google Ads
6453,2023-01-08,India,Rajasthan,Mobile,22,Female,Referral
6454,2023-03-08,India,Karnataka,Mobile,36,Female,Facebook Ads
6455,2023-04-20,India,Delhi,Mobile,22,Male,Organic
6456,2023-01-09,India,West Bengal,Mobile,22,Male,Referral
6457,2023-04-27,India,Tamil Nadu,Desktop,48,Male,Referral
6458,2023-01-11,India,Rajasthan,Mobile,24,Male,Organic
6459,2023-04-09,India,Delhi,Desktop,32,Male,Google Ads
6460,2023-02-11,India,Tamil Nadu,Mobile,30,Female,Organic
6461,2023-05-21,India,Odisha,Mobile,29,Male,Referral
6462,2023-06-13,India,Maharashtra,Mobile,36,Male,Google Ads
6463,2023-04-30,India,Gujarat,Mobile,30,Male,Referral
6464,2023-05-21,India,Delhi,Mobile,44,Female,Facebook Ads
6465,2023-01-12,India,Telangana,Desktop,55,Female,Google Ads
6466,2023-02-06,India,Uttar Pradesh,Mobile,50,Female,Referral
6467,2023-03-15,India,Delhi,Desktop,23,Male,Referral
6468,2023-03-14,India,Rajasthan,Mobile,30,Male,Facebook Ads
6469,2023-02-21,India,Rajasthan,Mobile,30,Male,Organic
6470,2023-05-10,India,Delhi,Mobile,30,Male,Google Ads
6471,2023-02-25,India,Gujarat,Desktop,37,Male,Referral
6472,2023-03-01,India,Tamil Nadu,Mobile,53,Male,Referral
6473,2023-01-23,India,Odisha,Desktop,54,Female,Referral
6474,2023-04-13,India,Uttar Pradesh,Mobile,26,Female,Referral
6475,2023-02-09,India,Odisha,Mobile,34,Female,Organic
6476,2023-03-05,India,Karnataka,Mobile,52,Female,Organic
6477,2023-03-26,India,Gujarat,Desktop,35,Male,Organic
6478,2023-05-31,India,Rajasthan,Desktop,42,Male,Google Ads
6479,2023-06-06,India,Karnataka,Mobile,32,Male,Organic
6480,2023-06-28,India,Odisha,Desktop,40,Male,Google Ads
6481,2023-03-30,India,Odisha,Mobile,18,Male,Organic
6482,2023-01-31,India,Uttar Pradesh,Desktop,58,Male,Referral
6483,2023-06-27,India,West Bengal,Desktop,55,Male,Facebook Ads
6484,2023-01-20,India,Odisha,Desktop,35,Male,Google Ads
6485,2023-05-10,India,Tamil Nadu,Desktop,18,Female,Facebook Ads
6486,2023-06-02,India,Tamil Nadu,Mobile,56,Male,Facebook Ads
6487,2023-01-13,India,Delhi,Mobile,27,Female,Referral
6488,2023-05-02,India,Uttar Pradesh,Mobile,48,Male,Referral
6489,2023-04-13,India,Uttar Pradesh,Mobile,55,Male,Google Ads
6490,2023-04-16,India,Rajasthan,Mobile,24,Female,Google Ads
6491,2023-04-29,India,Odisha,Mobile,55,Male,Google Ads
6492,2023-03-11,India,West Bengal,Mobile,25,Male,Organic
6493,2023-04-09,India,Telangana,Mobile,51,Female,Organic
6494,2023-03-23,India,Karnataka,Mobile,26,Male,Facebook Ads
6495,2023-03-16,India,Uttar Pradesh,Mobile,42,Female,Google Ads
6496,2023-04-28,India,Delhi,Desktop,44,Male,Facebook Ads
6497,2023-03-25,India,Delhi,Mobile,58,Male,Organic
6498,2023-03-10,India,Odisha,Desktop,24,Female,Facebook Ads
6499,2023-02-28,India,Odisha,Mobile,49,Male,Facebook Ads
6500,2023-05-06,India,Telangana,Mobile,26,Female,Google Ads
6501,2023-04-21,India,Maharashtra,Mobile,34,Male,Google Ads
6502,2023-03-03,India,Maharashtra,Mobile,52,Male,Facebook Ads
6503,2023-05-24,India,Odisha,Mobile,33,Female,Organic
6504,2023-05-08,India,Gujarat,Mobile,19,Male,Facebook Ads
6505,2023-04-15,India,Tamil Nadu,Mobile,48,Female,Organic
6506,2023-03-09,India,Tamil Nadu,Mobile,33,Male,Facebook Ads
6507,2023-01-15,India,Telangana,Desktop,50,Female,Facebook Ads
6508,2023-02-04,India,Telangana,Mobile,38,Female,Google Ads
6509,2023-01-14,India,Rajasthan,Mobile,34,Female,Facebook Ads
6510,2023-06-26,India,West Bengal,Mobile,52,Female,Organic
6511,2023-04-12,India,Delhi,Mobile,24,Male,Facebook Ads
6512,2023-04-10,India,Tamil Nadu,Desktop,46,Female,Facebook Ads
6513,2023-01-07,India,Gujarat,Mobile,28,Male,Organic
6514,2023-01-30,India,Odisha,Mobile,47,Male,Facebook Ads
6515,2023-02-18,India,Uttar Pradesh,Mobile,35,Male,Facebook Ads
6516,2023-05-24,India,Gujarat,Mobile,33,Female,Facebook Ads
6517,2023-04-21,India,Rajasthan,Mobile,23,Female,Facebook Ads
6518,2023-06-28,India,Gujarat,Desktop,19,Male,Organic
6519,2023-03-13,India,Uttar Pradesh,Mobile,27,Male,Referral
6520,2023-03-21,India,Karnataka,Mobile,21,Male,Organic
6521,2023-03-24,India,Maharashtra,Mobile,27,Female,Organic
6522,2023-02-11,India,Karnataka,Mobile,26,Female,Referral
6523,2023-01-17,India,Delhi,Mobile,59,Female,Organic
6524,2023-06-22,India,Delhi,Mobile,41,Male,Facebook Ads
6525,2023-01-07,India,Tamil Nadu,Mobile,22,Female,Organic
6526,2023-06-04,India,Uttar Pradesh,Mobile,52,Female,Facebook Ads
6527,2023-01-10,India,Delhi,Mobile,21,Female,Google Ads
6528,2023-02-03,India,Telangana,Mobile,52,Female,Facebook Ads
6529,2023-02-05,India,Tamil Nadu,Mobile,59,Male,Facebook Ads
6530,2023-06-02,India,Rajasthan,Mobile,30,Male,Organic
6531,2023-01-06,India,Tamil Nadu,Mobile,54,Male,Organic
6532,2023-06-01,India,Karnataka,Mobile,49,Male,Organic
6533,2023-05-26,India,Odisha,Desktop,18,Female,Google Ads
6534,2023-05-14,India,Telangana,Desktop,28,Male,Referral
6535,2023-01-29,India,Telangana,Desktop,43,Male,Facebook Ads
6536,2023-05-06,India,West Bengal,Desktop,20,Male,Referral
6537,2023-06-02,India,Telangana,Desktop,30,Male,Referral
6538,2023-03-22,India,Telangana,Desktop,49,Male,Google Ads
6539,2023-06-23,India,Karnataka,Desktop,40,Female,Facebook Ads
6540,2023-06-01,India,Gujarat,Desktop,40,Male,Facebook Ads
6541,2023-03-16,India,Telangana,Mobile,47,Female,Google Ads
6542,2023-01-26,India,Odisha,Mobile,23,Female,Google Ads
6543,2023-05-07,India,Maharashtra,Desktop,24,Female,Facebook Ads
6544,2023-04-25,India,Karnataka,Mobile,47,Male,Google Ads
6545,2023-05-06,India,Karnataka,Desktop,54,Male,Organic
6546,2023-01-28,India,Gujarat,Mobile,49,Female,Facebook Ads
6547,2023-05-11,India,West Bengal,Mobile,23,Male,Referral
6548,2023-03-16,India,Gujarat,Desktop,52,Female,Organic
6549,2023-06-15,India,Tamil Nadu,Desktop,49,Female,Referral
6550,2023-03-19,India,Maharashtra,Mobile,29,Male,Google Ads
6551,2023-06-28,India,Delhi,Desktop,21,Male,Referral
6552,2023-03-31,India,Rajasthan,Desktop,49,Female,Organic
6553,2023-06-25,India,Delhi,Mobile,52,Male,Google Ads
6554,2023-01-21,India,West Bengal,Mobile,33,Female,Organic
6555,2023-02-23,India,West Bengal,Mobile,32,Female,Google Ads
6556,2023-04-13,India,Telangana,Mobile,58,Male,Facebook Ads
6557,2023-02-28,India,Gujarat,Mobile,19,Female,Referral
6558,2023-03-13,India,Tamil Nadu,Mobile,23,Male,Referral
6559,2023-06-28,India,Telangana,Mobile,31,Male,Facebook Ads
6560,2023-01-20,India,Uttar Pradesh,Desktop,58,Female,Facebook Ads
6561,2023-04-22,India,Tamil Nadu,Mobile,46,Male,Referral
6562,2023-02-28,India,West Bengal,Mobile,59,Female,Facebook Ads
6563,2023-03-12,India,West Bengal,Mobile,43,Male,Google Ads
6564,2023-05-17,India,Karnataka,Desktop,35,Female,Referral
6565,2023-04-19,India,Uttar Pradesh,Desktop,21,Female,Organic
6566,2023-05-09,India,Telangana,Mobile,54,Female,Facebook Ads
6567,2023-06-06,India,West Bengal,Desktop,55,Male,Google Ads
6568,2023-02-25,India,Uttar Pradesh,Desktop,42,Female,Referral
6569,2023-02-04,India,Maharashtra,Desktop,46,Female,Referral
6570,2023-05-03,India,Rajasthan,Desktop,51,Female,Google Ads
6571,2023-05-11,India,Gujarat,Mobile,33,Male,Facebook Ads
6572,2023-04-14,India,West Bengal,Mobile,54,Female,Referral
6573,2023-01-07,India,Maharashtra,Mobile,47,Female,Facebook Ads
6574,2023-01-27,India,Tamil Nadu,Mobile,40,Female,Google Ads
6575,2023-01-01,India,Gujarat,Mobile,53,Male,Organic
6576,2023-06-21,India,Uttar Pradesh,Desktop,45,Female,Google Ads
6577,2023-03-28,India,Gujarat,Mobile,18,Male,Facebook Ads
6578,2023-02-10,India,Delhi,Desktop,25,Male,Referral
6579,2023-05-03,India,Karnataka,Mobile,59,Male,Facebook Ads
6580,2023-03-16,India,Uttar Pradesh,Mobile,32,Male,Facebook Ads
6581,2023-02-11,India,Maharashtra,Mobile,51,Male,Organic
6582,2023-04-27,India,West Bengal,Mobile,36,Female,Referral
6583,2023-06-10,India,Uttar Pradesh,Desktop,47,Female,Organic
6584,2023-06-27,India,Odisha,Desktop,27,Male,Organic
6585,2023-03-04,India,Delhi,Mobile,44,Male,Google Ads
6586,2023-06-14,India,Maharashtra,Desktop,37,Female,Google Ads
6587,2023-05-07,India,Tamil Nadu,Desktop,42,Female,Referral
6588,2023-06-25,India,Odisha,Mobile,26,Female,Organic
6589,2023-05-13,India,Uttar Pradesh,Mobile,57,Male,Organic
6590,2023-02-17,India,Karnataka,Mobile,51,Female,Facebook Ads
6591,2023-01-03,India,Odisha,Mobile,38,Female,Facebook Ads
6592,2023-04-26,India,Gujarat,Desktop,41,Male,Google Ads
6593,2023-06-24,India,Uttar Pradesh,Mobile,24,Male,Organic
6594,2023-04-09,India,Maharashtra,Mobile,21,Female,Referral
6595,2023-04-26,India,Uttar Pradesh,Mobile,25,Female,Organic
6596,2023-01-14,India,Karnataka,Desktop,30,Male,Google Ads
6597,2023-04-22,India,Rajasthan,Desktop,38,Female,Referral
6598,2023-03-02,India,Gujarat,Mobile,52,Female,Organic
6599,2023-06-08,India,West Bengal,Mobile,22,Female,Facebook Ads
6600,2023-04-05,India,Uttar Pradesh,Mobile,25,Female,Organic
6601,2023-01-17,India,Karnataka,Desktop,19,Female,Google Ads
6602,2023-05-04,India,Odisha,Mobile,41,Male,Google Ads
6603,2023-01-24,India,Odisha,Desktop,59,Female,Organic
6604,2023-04-26,India,Maharashtra,Desktop,33,Female,Google Ads
6605,2023-05-31,India,Gujarat,Mobile,21,Male,Facebook Ads
6606,2023-03-23,India,Odisha,Mobile,47,Female,Facebook Ads
6607,2023-02-19,India,West Bengal,Mobile,47,Female,Facebook Ads
6608,2023-03-20,India,Rajasthan,Mobile,52,Male,Organic
6609,2023-03-20,India,Rajasthan,Mobile,59,Male,Google Ads
6610,2023-03-11,India,Maharashtra,Mobile,30,Female,Facebook Ads
6611,2023-01-27,India,Uttar Pradesh,Mobile,54,Male,Referral
6612,2023-01-15,India,Odisha,Mobile,28,Female,Google Ads
6613,2023-02-19,India,Karnataka,Desktop,36,Female,Google Ads
6614,2023-02-05,India,Tamil Nadu,Mobile,35,Male,Referral
6615,2023-01-08,India,Rajasthan,Mobile,34,Male,Google Ads
6616,2023-03-20,India,Telangana,Desktop,28,Female,Facebook Ads
6617,2023-05-11,India,Maharashtra,Mobile,32,Female,Google Ads
6618,2023-02-16,India,Uttar Pradesh,Desktop,25,Female,Facebook Ads
6619,2023-04-15,India,Delhi,Desktop,46,Male,Facebook Ads
6620,2023-04-08,India,Maharashtra,Mobile,34,Male,Facebook Ads
6621,2023-04-06,India,Karnataka,Mobile,43,Female,Organic
6622,2023-06-09,India,Tamil Nadu,Mobile,22,Female,Google Ads
6623,2023-04-26,India,Telangana,Mobile,21,Female,Referral
6624,2023-01-13,India,Rajasthan,Mobile,41,Female,Organic
6625,2023-01-01,India,Gujarat,Desktop,28,Female,Organic
6626,2023-02-03,India,Telangana,Mobile,47,Female,Organic
6627,2023-03-20,India,Rajasthan,Mobile,57,Female,Organic
6628,2023-03-19,India,Delhi,Desktop,52,Female,Facebook Ads
6629,2023-05-01,India,Delhi,Desktop,50,Female,Facebook Ads
6630,2023-04-03,India,Rajasthan,Mobile,53,Male,Referral
6631,2023-04-08,India,Gujarat,Mobile,38,Male,Google Ads
6632,2023-03-23,India,Maharashtra,Mobile,55,Female,Referral
6633,2023-06-08,India,Gujarat,Desktop,22,Female,Google Ads
6634,2023-06-02,India,Odisha,Mobile,22,Male,Facebook Ads
6635,2023-02-07,India,Rajasthan,Desktop,38,Male,Google Ads
6636,2023-01-14,India,Rajasthan,Mobile,42,Male,Google Ads
6637,2023-05-16,India,Gujarat,Desktop,27,Male,Organic
6638,2023-04-01,India,West Bengal,Mobile,36,Female,Referral
6639,2023-02-23,India,West Bengal,Desktop,49,Female,Organic
6640,2023-05-10,India,Karnataka,Desktop,35,Male,Organic
6641,2023-04-11,India,West Bengal,Mobile,51,Female,Organic
6642,2023-03-30,India,Delhi,Desktop,32,Female,Organic
6643,2023-02-25,India,Odisha,Desktop,41,Female,Facebook Ads
6644,2023-04-04,India,Rajasthan,Desktop,22,Male,Referral
6645,2023-04-03,India,Telangana,Mobile,49,Male,Organic
6646,2023-03-25,India,Delhi,Mobile,26,Female,Referral
6647,2023-03-26,India,Karnataka,Desktop,22,Male,Organic
6648,2023-01-22,India,Tamil Nadu,Desktop,22,Male,Facebook Ads
6649,2023-02-04,India,Odisha,Mobile,58,Male,Organic
6650,2023-01-16,India,West Bengal,Desktop,58,Female,Google Ads
6651,2023-02-19,India,Uttar Pradesh,Mobile,51,Female,Facebook Ads
6652,2023-05-02,India,Maharashtra,Desktop,24,Female,Referral
6653,2023-05-08,India,Telangana,Mobile,43,Male,Google Ads
6654,2023-04-23,India,Rajasthan,Mobile,18,Male,Google Ads
6655,2023-06-20,India,Tamil Nadu,Mobile,51,Female,Facebook Ads
6656,2023-01-17,India,Maharashtra,Mobile,43,Male,Referral
6657,2023-03-21,India,Gujarat,Mobile,49,Male,Facebook Ads
6658,2023-05-10,India,Gujarat,Mobile,29,Male,Organic
6659,2023-05-12,India,Odisha,Mobile,23,Male,Facebook Ads
6660,2023-03-26,India,Odisha,Mobile,37,Female,Facebook Ads
6661,2023-06-16,India,Odisha,Desktop,36,Female,Organic
6662,2023-04-04,India,Delhi,Mobile,33,Male,Organic
6663,2023-05-14,India,Delhi,Mobile,21,Female,Referral
6664,2023-03-22,India,Gujarat,Mobile,49,Female,Facebook Ads
6665,2023-03-10,India,Odisha,Desktop,35,Female,Organic
6666,2023-03-10,India,Telangana,Desktop,22,Male,Referral
6667,2023-05-28,India,Karnataka,Mobile,23,Female,Referral
6668,2023-01-16,India,Odisha,Desktop,31,Male,Organic
6669,2023-02-20,India,Rajasthan,Desktop,35,Female,Organic
6670,2023-04-15,India,Telangana,Mobile,27,Female,Referral
6671,2023-06-14,India,Rajasthan,Desktop,40,Female,Google Ads
6672,2023-06-19,India,Uttar Pradesh,Mobile,35,Female,Organic
6673,2023-03-07,India,Gujarat,Mobile,21,Male,Google Ads
6674,2023-01-09,India,Odisha,Mobile,49,Female,Referral
6675,2023-04-17,India,West Bengal,Mobile,23,Female,Facebook Ads
6676,2023-04-10,India,Maharashtra,Mobile,43,Female,Google Ads
6677,2023-03-27,India,Odisha,Mobile,23,Female,Google Ads
6678,2023-03-05,India,Karnataka,Mobile,52,Female,Google Ads
6679,2023-01-22,India,Uttar Pradesh,Mobile,58,Male,Google Ads
6680,2023-06-11,India,Odisha,Mobile,22,Male,Google Ads
6681,2023-06-06,India,Maharashtra,Mobile,31,Male,Google Ads
6682,2023-06-15,India,Maharashtra,Mobile,19,Male,Facebook Ads
6683,2023-04-20,India,Delhi,Desktop,57,Female,Facebook Ads
6684,2023-04-07,India,Karnataka,Mobile,30,Male,Facebook Ads
6685,2023-01-18,India,Karnataka,Mobile,22,Male,Google Ads
6686,2023-03-12,India,Telangana,Mobile,53,Female,Referral
6687,2023-05-07,India,West Bengal,Mobile,53,Male,Organic
6688,2023-04-07,India,Karnataka,Mobile,36,Male,Google Ads
6689,2023-01-01,India,Uttar Pradesh,Mobile,37,Female,Facebook Ads
6690,2023-05-12,India,West Bengal,Desktop,39,Male,Referral
6691,2023-01-04,India,Delhi,Mobile,48,Male,Referral
6692,2023-05-05,India,Karnataka,Mobile,58,Male,Google Ads
6693,2023-03-23,India,Delhi,Mobile,21,Male,Facebook Ads
6694,2023-01-27,India,Maharashtra,Desktop,20,Female,Organic
6695,2023-06-20,India,Odisha,Desktop,54,Male,Organic
6696,2023-02-28,India,Karnataka,Mobile,42,Female,Facebook Ads
6697,2023-02-01,India,Maharashtra,Mobile,54,Female,Facebook Ads
6698,2023-06-10,India,Odisha,Desktop,21,Female,Referral
6699,2023-01-28,India,Odisha,Mobile,56,Female,Google Ads
6700,2023-04-16,India,Maharashtra,Mobile,24,Male,Google Ads
6701,2023-04-15,India,Rajasthan,Mobile,24,Male,Google Ads
6702,2023-03-11,India,West Bengal,Mobile,42,Male,Organic
6703,2023-03-03,India,Rajasthan,Desktop,32,Female,Organic
6704,2023-02-03,India,Gujarat,Desktop,24,Female,Organic
6705,2023-03-28,India,Tamil Nadu,Desktop,21,Female,Google Ads
6706,2023-04-24,India,Odisha,Mobile,51,Male,Facebook Ads
6707,2023-04-16,India,Telangana,Mobile,59,Male,Facebook Ads
6708,2023-02-25,India,West Bengal,Mobile,36,Male,Google Ads
6709,2023-04-23,India,Odisha,Desktop,55,Male,Google Ads
6710,2023-01-13,India,Uttar Pradesh,Desktop,44,Male,Facebook Ads
6711,2023-01-18,India,Telangana,Mobile,22,Male,Facebook Ads
6712,2023-04-23,India,Gujarat,Mobile,30,Female,Organic
6713,2023-06-20,India,Gujarat,Mobile,31,Female,Referral
6714,2023-02-08,India,Uttar Pradesh,Desktop,47,Male,Referral
6715,2023-06-19,India,Maharashtra,Mobile,27,Female,Google Ads
6716,2023-03-20,India,West Bengal,Mobile,49,Male,Referral
6717,2023-05-26,India,Delhi,Mobile,18,Female,Referral
6718,2023-05-31,India,West Bengal,Mobile,41,Male,Referral
6719,2023-01-30,India,Telangana,Desktop,46,Male,Organic
6720,2023-04-08,India,Rajasthan,Desktop,24,Male,Organic
6721,2023-02-27,India,Delhi,Desktop,48,Female,Facebook Ads
6722,2023-03-08,India,Gujarat,Desktop,34,Male,Google Ads
6723,2023-03-12,India,Gujarat,Mobile,47,Female,Referral
6724,2023-05-26,India,Maharashtra,Mobile,42,Male,Facebook Ads
6725,2023-04-16,India,Tamil Nadu,Mobile,45,Female,Organic
6726,2023-01-07,India,West Bengal,Desktop,53,Female,Referral
6727,2023-02-09,India,Maharashtra,Mobile,24,Male,Google Ads
6728,2023-03-11,India,Telangana,Mobile,52,Male,Referral
6729,2023-03-09,India,Delhi,Mobile,37,Male,Organic
6730,2023-02-18,India,Uttar Pradesh,Mobile,31,Female,Referral
6731,2023-02-21,India,Odisha,Desktop,47,Male,Referral
6732,2023-04-24,India,Rajasthan,Desktop,18,Male,Referral
6733,2023-04-17,India,Telangana,Mobile,55,Female,Referral
6734,2023-01-29,India,Odisha,Mobile,58,Female,Organic
6735,2023-05-29,India,West Bengal,Desktop,42,Female,Facebook Ads
6736,2023-03-19,India,Uttar Pradesh,Desktop,51,Male,Referral
6737,2023-01-09,India,Gujarat,Mobile,25,Male,Google Ads
6738,2023-06-24,India,Maharashtra,Mobile,37,Male,Referral
6739,2023-03-17,India,Delhi,Mobile,47,Male,Google Ads
6740,2023-02-11,India,Maharashtra,Mobile,21,Female,Google Ads
6741,2023-06-28,India,Delhi,Desktop,38,Female,Referral
6742,2023-06-28,India,Tamil Nadu,Mobile,44,Female,Referral
6743,2023-05-08,India,Tamil Nadu,Mobile,27,Male,Google Ads
6744,2023-01-20,India,Maharashtra,Mobile,40,Female,Organic
6745,2023-06-04,India,Delhi,Mobile,50,Male,Facebook Ads
6746,2023-06-15,India,Delhi,Mobile,28,Female,Google Ads
6747,2023-03-13,India,Odisha,Mobile,58,Female,Organic
6748,2023-03-06,India,Maharashtra,Mobile,36,Male,Facebook Ads
6749,2023-04-23,India,Karnataka,Mobile,28,Female,Facebook Ads
6750,2023-01-24,India,West Bengal,Mobile,21,Female,Facebook Ads
6751,2023-05-08,India,Gujarat,Mobile,40,Male,Referral
6752,2023-06-24,India,Tamil Nadu,Mobile,22,Female,Referral
6753,2023-03-24,India,Karnataka,Mobile,22,Male,Google Ads
6754,2023-03-04,India,Tamil Nadu,Mobile,35,Female,Referral
6755,2023-03-01,India,Uttar Pradesh,Mobile,34,Female,Organic
6756,2023-04-09,India,Tamil Nadu,Desktop,20,Male,Facebook Ads
6757,2023-03-03,India,Telangana,Desktop,25,Male,Facebook Ads
6758,2023-01-30,India,Tamil Nadu,Mobile,57,Male,Facebook Ads
6759,2023-01-22,India,Odisha,Desktop,40,Female,Referral
6760,2023-05-06,India,Karnataka,Mobile,40,Female,Referral
6761,2023-06-06,India,Uttar Pradesh,Mobile,19,Male,Referral
6762,2023-06-18,India,Delhi,Mobile,56,Male,Organic
6763,2023-02-11,India,Delhi,Mobile,38,Male,Referral
6764,2023-04-08,India,Uttar Pradesh,Mobile,41,Male,Referral
6765,2023-01-31,India,Rajasthan,Mobile,55,Female,Referral
6766,2023-06-07,India,Maharashtra,Desktop,37,Female,Organic
6767,2023-04-22,India,Rajasthan,Mobile,56,Male,Referral
6768,2023-05-26,India,Karnataka,Mobile,44,Male,Google Ads
6769,2023-05-02,India,Tamil Nadu,Mobile,56,Female,Referral
6770,2023-01-17,India,Delhi,Mobile,24,Female,Google Ads
6771,2023-02-07,India,Odisha,Desktop,50,Female,Organic
6772,2023-05-22,India,Rajasthan,Desktop,46,Female,Google Ads
6773,2023-04-20,India,Tamil Nadu,Desktop,27,Female,Organic
6774,2023-01-22,India,Gujarat,Mobile,27,Female,Referral
6775,2023-02-25,India,Maharashtra,Mobile,29,Male,Referral
6776,2023-04-29,India,Uttar Pradesh,Mobile,20,Male,Google Ads
6777,2023-05-27,India,Tamil Nadu,Mobile,20,Female,Referral
6778,2023-02-26,India,Maharashtra,Mobile,30,Male,Google Ads
6779,2023-06-21,India,Maharashtra,Desktop,48,Male,Organic
6780,2023-02-04,India,Delhi,Mobile,44,Female,Referral
6781,2023-04-24,India,Delhi,Mobile,23,Female,Referral
6782,2023-05-05,India,Karnataka,Desktop,44,Male,Referral
6783,2023-05-09,India,Gujarat,Desktop,52,Female,Facebook Ads
6784,2023-02-21,India,Uttar Pradesh,Mobile,26,Female,Facebook Ads
6785,2023-03-26,India,Maharashtra,Mobile,23,Male,Google Ads
6786,2023-06-14,India,Karnataka,Mobile,23,Male,Facebook Ads
6787,2023-03-06,India,Telangana,Mobile,57,Male,Referral
6788,2023-06-28,India,Rajasthan,Mobile,43,Female,Facebook Ads
6789,2023-05-09,India,West Bengal,Mobile,36,Male,Google Ads
6790,2023-01-21,India,Maharashtra,Mobile,33,Female,Facebook Ads
6791,2023-01-16,India,Karnataka,Mobile,58,Female,Organic
6792,2023-05-03,India,Gujarat,Desktop,40,Male,Organic
6793,2023-03-02,India,Delhi,Desktop,28,Male,Facebook Ads
6794,2023-02-23,India,Maharashtra,Mobile,33,Female,Organic
6795,2023-06-17,India,Maharashtra,Desktop,46,Female,Organic
6796,2023-01-26,India,Tamil Nadu,Mobile,55,Female,Facebook Ads
6797,2023-03-21,India,Gujarat,Mobile,37,Female,Organic
6798,2023-03-06,India,Uttar Pradesh,Mobile,38,Male,Google Ads
6799,2023-04-10,India,Delhi,Mobile,45,Male,Google Ads
6800,2023-03-15,India,Maharashtra,Mobile,50,Male,Referral
6801,2023-06-20,India,Rajasthan,Desktop,57,Male,Google Ads
6802,2023-01-17,India,Delhi,Mobile,43,Female,Referral
6803,2023-05-01,India,Rajasthan,Desktop,27,Female,Referral
6804,2023-01-23,India,West Bengal,Mobile,51,Male,Facebook Ads
6805,2023-05-15,India,Uttar Pradesh,Mobile,26,Male,Organic
6806,2023-06-21,India,West Bengal,Mobile,53,Female,Facebook Ads
6807,2023-03-12,India,Maharashtra,Mobile,28,Female,Referral
6808,2023-04-18,India,Tamil Nadu,Mobile,27,Female,Facebook Ads
6809,2023-03-20,India,Uttar Pradesh,Mobile,24,Male,Organic
6810,2023-06-11,India,Tamil Nadu,Mobile,55,Male,Organic
6811,2023-02-15,India,Karnataka,Mobile,33,Female,Organic
6812,2023-03-19,India,Telangana,Mobile,43,Male,Referral
6813,2023-01-16,India,Gujarat,Mobile,49,Female,Facebook Ads
6814,2023-03-12,India,Karnataka,Mobile,48,Male,Facebook Ads
6815,2023-04-06,India,West Bengal,Desktop,49,Female,Referral
6816,2023-05-27,India,Rajasthan,Desktop,29,Male,Referral
6817,2023-01-02,India,West Bengal,Mobile,44,Female,Google Ads
6818,2023-01-10,India,Uttar Pradesh,Mobile,39,Male,Facebook Ads
6819,2023-06-27,India,Uttar Pradesh,Mobile,32,Female,Organic
6820,2023-05-05,India,West Bengal,Desktop,25,Female,Facebook Ads
6821,2023-03-22,India,Maharashtra,Mobile,21,Female,Google Ads
6822,2023-05-20,India,West Bengal,Mobile,25,Female,Organic
6823,2023-03-11,India,Uttar Pradesh,Mobile,40,Male,Google Ads
6824,2023-05-30,India,Uttar Pradesh,Mobile,33,Female,Referral
6825,2023-02-01,India,Delhi,Desktop,51,Female,Referral
6826,2023-04-15,India,Odisha,Desktop,39,Female,Facebook Ads
6827,2023-03-25,India,Tamil Nadu,Mobile,40,Male,Referral
6828,2023-05-09,India,Karnataka,Desktop,22,Female,Referral
6829,2023-02-27,India,West Bengal,Mobile,54,Male,Facebook Ads
6830,2023-05-26,India,Delhi,Desktop,24,Female,Google Ads
6831,2023-05-14,India,Maharashtra,Desktop,54,Female,Google Ads
6832,2023-02-14,India,Uttar Pradesh,Mobile,43,Female,Organic
6833,2023-04-07,India,West Bengal,Desktop,45,Female,Organic
6834,2023-01-23,India,Uttar Pradesh,Mobile,21,Male,Google Ads
6835,2023-01-23,India,Rajasthan,Mobile,49,Male,Referral
6836,2023-06-03,India,Delhi,Mobile,55,Female,Organic
6837,2023-05-15,India,West Bengal,Mobile,26,Female,Google Ads
6838,2023-03-20,India,Rajasthan,Mobile,53,Female,Referral
6839,2023-02-13,India,Telangana,Mobile,43,Male,Referral
6840,2023-01-27,India,Delhi,Desktop,28,Female,Google Ads
6841,2023-01-26,India,West Bengal,Mobile,37,Male,Facebook Ads
6842,2023-04-07,India,West Bengal,Mobile,55,Male,Google Ads
6843,2023-02-05,India,Gujarat,Mobile,32,Female,Referral
6844,2023-04-19,India,Delhi,Mobile,52,Male,Organic
6845,2023-02-24,India,Delhi,Mobile,26,Female,Referral
6846,2023-03-10,India,Uttar Pradesh,Mobile,50,Male,Referral
6847,2023-03-02,India,West Bengal,Desktop,28,Female,Google Ads
6848,2023-05-10,India,Tamil Nadu,Mobile,39,Female,Referral
6849,2023-02-24,India,Tamil Nadu,Mobile,23,Female,Facebook Ads
6850,2023-05-02,India,Tamil Nadu,Desktop,54,Female,Organic
6851,2023-04-07,India,Telangana,Mobile,38,Female,Google Ads
6852,2023-03-21,India,West Bengal,Mobile,29,Female,Facebook Ads
6853,2023-03-28,India,West Bengal,Mobile,24,Male,Organic
6854,2023-02-07,India,Rajasthan,Desktop,19,Male,Facebook Ads
6855,2023-04-29,India,Gujarat,Desktop,56,Male,Referral
6856,2023-03-19,India,Delhi,Desktop,58,Female,Referral
6857,2023-06-06,India,Uttar Pradesh,Mobile,41,Female,Facebook Ads
6858,2023-06-03,India,Gujarat,Mobile,43,Female,Organic
6859,2023-02-04,India,Rajasthan,Desktop,42,Female,Facebook Ads
6860,2023-03-20,India,West Bengal,Mobile,37,Female,Facebook Ads
6861,2023-03-08,India,Karnataka,Mobile,57,Female,Facebook Ads
6862,2023-03-28,India,Delhi,Desktop,58,Male,Organic
6863,2023-06-06,India,Telangana,Mobile,59,Female,Facebook Ads
6864,2023-02-03,India,Tamil Nadu,Mobile,19,Female,Referral
6865,2023-04-07,India,Telangana,Desktop,59,Female,Google Ads
6866,2023-06-18,India,West Bengal,Mobile,52,Female,Referral
6867,2023-06-18,India,Rajasthan,Mobile,50,Female,Referral
6868,2023-05-31,India,Karnataka,Desktop,34,Male,Facebook Ads
6869,2023-03-12,India,Maharashtra,Desktop,39,Female,Google Ads
6870,2023-01-03,India,Tamil Nadu,Mobile,18,Female,Facebook Ads
6871,2023-02-27,India,Uttar Pradesh,Mobile,54,Male,Google Ads
6872,2023-02-01,India,West Bengal,Desktop,47,Male,Referral
6873,2023-01-31,India,Odisha,Mobile,23,Female,Organic
6874,2023-03-23,India,Karnataka,Mobile,58,Male,Facebook Ads
6875,2023-02-12,India,Karnataka,Mobile,31,Male,Referral
6876,2023-05-15,India,Delhi,Desktop,53,Female,Google Ads
6877,2023-04-15,India,Telangana,Desktop,50,Male,Referral
6878,2023-01-01,India,Tamil Nadu,Mobile,55,Female,Referral
6879,2023-03-02,India,West Bengal,Desktop,56,Male,Referral
6880,2023-01-14,India,Odisha,Desktop,23,Female,Organic
6881,2023-06-29,India,Tamil Nadu,Mobile,43,Female,Facebook Ads
6882,2023-01-06,India,Rajasthan,Mobile,41,Male,Facebook Ads
6883,2023-04-13,India,Odisha,Mobile,50,Male,Facebook Ads
6884,2023-01-10,India,Gujarat,Desktop,25,Female,Organic
6885,2023-03-12,India,Gujarat,Mobile,51,Female,Organic
6886,2023-03-31,India,Karnataka,Mobile,51,Male,Google Ads
6887,2023-06-07,India,Rajasthan,Mobile,41,Female,Facebook Ads
6888,2023-05-29,India,Gujarat,Mobile,19,Male,Google Ads
6889,2023-05-06,India,Karnataka,Desktop,25,Male,Referral
6890,2023-04-07,India,Telangana,Mobile,42,Male,Google Ads
6891,2023-03-15,India,West Bengal,Desktop,47,Female,Google Ads
6892,2023-04-25,India,Karnataka,Mobile,49,Female,Referral
6893,2023-06-19,India,West Bengal,Mobile,47,Male,Referral
6894,2023-02-20,India,Rajasthan,Desktop,24,Male,Google Ads
6895,2023-02-25,India,Delhi,Mobile,41,Female,Google Ads
6896,2023-02-10,India,Tamil Nadu,Mobile,26,Female,Facebook Ads
6897,2023-02-01,India,Karnataka,Desktop,33,Female,Organic
6898,2023-01-15,India,Karnataka,Mobile,19,Male,Referral
6899,2023-03-03,India,West Bengal,Mobile,52,Male,Google Ads
6900,2023-06-04,India,Gujarat,Mobile,51,Female,Organic
6901,2023-01-28,India,Gujarat,Mobile,39,Male,Google Ads
6902,2023-03-05,India,Karnataka,Desktop,36,Male,Facebook Ads
6903,2023-05-10,India,Gujarat,Desktop,38,Female,Google Ads
6904,2023-05-07,India,Gujarat,Mobile,29,Male,Referral
6905,2023-02-05,India,Karnataka,Desktop,28,Female,Google Ads
6906,2023-04-24,India,Telangana,Desktop,36,Female,Google Ads
6907,2023-01-13,India,Telangana,Mobile,23,Female,Referral
6908,2023-01-15,India,Maharashtra,Mobile,59,Female,Facebook Ads
6909,2023-03-30,India,Telangana,Mobile,31,Male,Referral
6910,2023-01-22,India,Maharashtra,Desktop,50,Female,Google Ads
6911,2023-03-15,India,Rajasthan,Desktop,55,Female,Facebook Ads
6912,2023-01-25,India,Uttar Pradesh,Mobile,30,Female,Referral
6913,2023-04-11,India,Tamil Nadu,Desktop,43,Male,Organic
6914,2023-06-25,India,Uttar Pradesh,Mobile,31,Male,Organic
6915,2023-06-20,India,Gujarat,Mobile,41,Male,Organic
6916,2023-04-27,India,Odisha,Desktop,18,Male,Referral
6917,2023-06-15,India,Gujarat,Mobile,47,Female,Facebook Ads
6918,2023-02-10,India,Karnataka,Mobile,27,Male,Referral
6919,2023-06-22,India,Karnataka,Mobile,27,Male,Google Ads
6920,2023-03-29,India,Tamil Nadu,Mobile,45,Male,Referral
6921,2023-06-17,India,Delhi,Mobile,21,Female,Organic
6922,2023-04-20,India,Delhi,Mobile,31,Female,Organic
6923,2023-04-30,India,Delhi,Desktop,29,Female,Google Ads
6924,2023-04-07,India,Telangana,Desktop,55,Female,Referral
6925,2023-05-25,India,Rajasthan,Mobile,54,Male,Organic
6926,2023-02-26,India,Gujarat,Mobile,27,Male,Referral
6927,2023-05-10,India,Karnataka,Desktop,58,Male,Organic
6928,2023-04-06,India,Odisha,Mobile,44,Male,Google Ads
6929,2023-05-01,India,Odisha,Mobile,59,Male,Facebook Ads
6930,2023-03-03,India,Odisha,Mobile,29,Female,Facebook Ads
6931,2023-05-17,India,Delhi,Mobile,39,Male,Organic
6932,2023-03-09,India,Tamil Nadu,Mobile,21,Female,Organic
6933,2023-03-22,India,Delhi,Mobile,46,Female,Referral
6934,2023-01-17,India,Karnataka,Mobile,53,Female,Facebook Ads
6935,2023-04-27,India,Gujarat,Desktop,31,Male,Referral
6936,2023-02-19,India,Gujarat,Desktop,29,Male,Organic
6937,2023-04-22,India,Tamil Nadu,Mobile,37,Female,Facebook Ads
6938,2023-04-04,India,Rajasthan,Desktop,40,Male,Referral
6939,2023-06-17,India,Telangana,Mobile,39,Male,Organic
6940,2023-03-26,India,Odisha,Mobile,51,Male,Referral
6941,2023-05-29,India,Gujarat,Desktop,38,Male,Referral
6942,2023-05-26,India,Tamil Nadu,Mobile,26,Female,Organic
6943,2023-06-06,India,Odisha,Mobile,27,Male,Referral
6944,2023-06-01,India,Delhi,Mobile,27,Male,Referral
6945,2023-03-15,India,West Bengal,Desktop,47,Male,Facebook Ads
6946,2023-04-19,India,Uttar Pradesh,Mobile,50,Female,Referral
6947,2023-05-25,India,Gujarat,Desktop,19,Female,Google Ads
6948,2023-01-18,India,Rajasthan,Desktop,49,Male,Organic
6949,2023-02-11,India,Tamil Nadu,Desktop,34,Male,Referral
6950,2023-04-11,India,Telangana,Mobile,45,Male,Organic
6951,2023-02-14,India,Rajasthan,Mobile,34,Male,Google Ads
6952,2023-03-23,India,Delhi,Mobile,31,Female,Organic
6953,2023-01-17,India,Gujarat,Mobile,27,Female,Google Ads
6954,2023-03-14,India,Karnataka,Desktop,51,Female,Google Ads
6955,2023-01-14,India,Delhi,Mobile,31,Female,Facebook Ads
6956,2023-06-26,India,Telangana,Desktop,34,Female,Google Ads
6957,2023-06-06,India,Delhi,Mobile,54,Female,Facebook Ads
6958,2023-05-12,India,Tamil Nadu,Desktop,39,Male,Referral
6959,2023-03-23,India,Rajasthan,Mobile,35,Female,Facebook Ads
6960,2023-05-28,India,Tamil Nadu,Mobile,52,Female,Facebook Ads
6961,2023-04-30,India,Odisha,Desktop,35,Female,Referral
6962,2023-04-30,India,West Bengal,Mobile,47,Male,Organic
6963,2023-02-16,India,Rajasthan,Mobile,54,Female,Organic
6964,2023-04-17,India,West Bengal,Mobile,57,Female,Referral
6965,2023-04-18,India,Tamil Nadu,Mobile,23,Female,Google Ads
6966,2023-01-09,India,Karnataka,Desktop,32,Female,Facebook Ads
6967,2023-03-20,India,Gujarat,Desktop,52,Male,Organic
6968,2023-06-04,India,Telangana,Mobile,43,Male,Organic
6969,2023-01-15,India,Delhi,Mobile,58,Male,Google Ads
6970,2023-01-19,India,Delhi,Mobile,44,Female,Organic
6971,2023-03-31,India,West Bengal,Desktop,47,Male,Organic
6972,2023-06-29,India,Telangana,Desktop,28,Male,Organic
6973,2023-01-26,India,Rajasthan,Desktop,41,Male,Referral
6974,2023-06-03,India,Gujarat,Mobile,31,Male,Organic
6975,2023-06-03,India,Uttar Pradesh,Mobile,40,Male,Organic
6976,2023-06-23,India,West Bengal,Mobile,26,Female,Referral
6977,2023-04-02,India,Rajasthan,Mobile,59,Female,Organic
6978,2023-06-26,India,Rajasthan,Desktop,35,Female,Google Ads
6979,2023-03-23,India,Telangana,Mobile,56,Female,Facebook Ads
6980,2023-05-11,India,Telangana,Desktop,36,Female,Referral
6981,2023-02-11,India,Maharashtra,Mobile,22,Female,Referral
6982,2023-01-19,India,Delhi,Desktop,35,Male,Organic
6983,2023-01-17,India,Gujarat,Mobile,50,Male,Facebook Ads
6984,2023-06-10,India,Odisha,Mobile,55,Female,Google Ads
6985,2023-03-17,India,West Bengal,Mobile,30,Female,Google Ads
6986,2023-06-26,India,Gujarat,Desktop,26,Female,Facebook Ads
6987,2023-03-04,India,Maharashtra,Mobile,43,Female,Facebook Ads
6988,2023-05-11,India,Maharashtra,Desktop,18,Male,Google Ads
6989,2023-04-17,India,Gujarat,Mobile,29,Male,Organic
6990,2023-02-18,India,Telangana,Mobile,41,Female,Facebook Ads
6991,2023-02-24,India,Rajasthan,Desktop,18,Female,Facebook Ads
6992,2023-06-03,India,Uttar Pradesh,Mobile,21,Female,Organic
6993,2023-04-09,India,Gujarat,Mobile,24,Female,Referral
6994,2023-02-21,India,West Bengal,Mobile,45,Female,Facebook Ads
6995,2023-04-10,India,Odisha,Desktop,54,Female,Organic
6996,2023-04-27,India,Delhi,Mobile,22,Male,Google Ads
6997,2023-04-28,India,Maharashtra,Mobile,56,Male,Referral
6998,2023-01-07,India,Karnataka,Mobile,49,Male,Facebook Ads
6999,2023-02-15,India,Karnataka,Mobile,48,Male,Organic
7000,2023-02-15,India,Rajasthan,Mobile,32,Female,Referral
7001,2023-04-10,India,Telangana,Mobile,20,Male,Organic
7002,2023-05-24,India,Delhi,Desktop,32,Male,Google Ads
7003,2023-06-01,India,Maharashtra,Mobile,35,Female,Facebook Ads
7004,2023-02-23,India,Karnataka,Desktop,38,Male,Organic
7005,2023-03-03,India,Karnataka,Desktop,27,Male,Facebook Ads
7006,2023-05-09,India,Uttar Pradesh,Desktop,38,Male,Organic
7007,2023-02-18,India,Gujarat,Mobile,43,Female,Facebook Ads
7008,2023-01-25,India,Tamil Nadu,Mobile,58,Female,Facebook Ads
7009,2023-01-10,India,Delhi,Desktop,20,Female,Referral
7010,2023-04-28,India,Tamil Nadu,Mobile,18,Female,Organic
7011,2023-05-24,India,Odisha,Mobile,38,Male,Organic
7012,2023-06-06,India,Telangana,Desktop,28,Female,Facebook Ads
7013,2023-04-02,India,Gujarat,Mobile,33,Female,Facebook Ads
7014,2023-05-14,India,Odisha,Mobile,52,Female,Referral
7015,2023-05-24,India,West Bengal,Mobile,38,Male,Google Ads
7016,2023-05-28,India,Maharashtra,Desktop,58,Male,Organic
7017,2023-03-21,India,Tamil Nadu,Mobile,28,Male,Facebook Ads
7018,2023-03-12,India,Rajasthan,Desktop,48,Male,Referral
7019,2023-03-19,India,West Bengal,Mobile,18,Female,Facebook Ads
7020,2023-02-12,India,Delhi,Mobile,58,Male,Organic
7021,2023-06-03,India,Maharashtra,Mobile,49,Female,Referral
7022,2023-03-31,India,Karnataka,Mobile,20,Male,Referral
7023,2023-03-19,India,Tamil Nadu,Mobile,49,Female,Facebook Ads
7024,2023-06-10,India,Gujarat,Mobile,59,Male,Facebook Ads
7025,2023-01-26,India,Gujarat,Desktop,22,Male,Google Ads
7026,2023-05-01,India,West Bengal,Mobile,54,Male,Google Ads
7027,2023-02-14,India,West Bengal,Mobile,29,Male,Organic
7028,2023-03-04,India,Telangana,Mobile,31,Female,Organic
7029,2023-06-29,India,Karnataka,Desktop,26,Male,Referral
7030,2023-03-09,India,Uttar Pradesh,Mobile,24,Female,Organic
7031,2023-06-03,India,Tamil Nadu,Mobile,33,Female,Google Ads
7032,2023-01-02,India,Odisha,Desktop,45,Male,Google Ads
7033,2023-05-22,India,Delhi,Mobile,24,Male,Google Ads
7034,2023-04-18,India,Tamil Nadu,Mobile,31,Male,Facebook Ads
7035,2023-01-30,India,Tamil Nadu,Mobile,49,Male,Google Ads
7036,2023-02-18,India,Karnataka,Desktop,25,Female,Google Ads
7037,2023-05-20,India,Tamil Nadu,Mobile,44,Female,Organic
7038,2023-02-13,India,Telangana,Mobile,20,Male,Google Ads
7039,2023-06-10,India,Tamil Nadu,Desktop,44,Female,Google Ads
7040,2023-01-13,India,Rajasthan,Mobile,47,Male,Facebook Ads
7041,2023-03-19,India,Rajasthan,Desktop,51,Female,Google Ads
7042,2023-05-06,India,Maharashtra,Mobile,43,Male,Organic
7043,2023-04-08,India,Delhi,Mobile,54,Female,Facebook Ads
7044,2023-01-26,India,Rajasthan,Mobile,57,Male,Referral
7045,2023-05-29,India,Delhi,Mobile,39,Male,Google Ads
7046,2023-06-05,India,Gujarat,Mobile,49,Male,Google Ads
7047,2023-02-17,India,Telangana,Mobile,58,Male,Google Ads
7048,2023-06-17,India,Karnataka,Mobile,19,Female,Referral
7049,2023-03-07,India,Karnataka,Desktop,25,Male,Facebook Ads
7050,2023-03-28,India,Rajasthan,Mobile,59,Male,Facebook Ads
7051,2023-03-20,India,Telangana,Desktop,24,Female,Google Ads
7052,2023-01-23,India,Gujarat,Desktop,36,Female,Referral
7053,2023-03-22,India,Odisha,Desktop,50,Male,Organic
7054,2023-02-17,India,Telangana,Desktop,19,Female,Referral
7055,2023-05-04,India,Maharashtra,Mobile,20,Female,Google Ads
7056,2023-05-10,India,Karnataka,Desktop,45,Male,Referral
7057,2023-03-25,India,Maharashtra,Desktop,31,Male,Facebook Ads
7058,2023-01-20,India,Karnataka,Desktop,32,Male,Facebook Ads
7059,2023-02-15,India,Gujarat,Mobile,38,Male,Facebook Ads
7060,2023-05-11,India,Tamil Nadu,Desktop,31,Male,Organic
7061,2023-01-12,India,Uttar Pradesh,Desktop,57,Female,Referral
7062,2023-02-09,India,Telangana,Desktop,35,Female,Google Ads
7063,2023-03-07,India,Telangana,Mobile,56,Male,Google Ads
7064,2023-04-10,India,Tamil Nadu,Mobile,37,Male,Facebook Ads
7065,2023-03-19,India,Odisha,Desktop,18,Male,Google Ads
7066,2023-01-16,India,Karnataka,Mobile,26,Male,Organic
7067,2023-03-24,India,Odisha,Mobile,26,Female,Referral
7068,2023-06-11,India,Telangana,Desktop,55,Female,Organic
7069,2023-02-13,India,Rajasthan,Mobile,56,Male,Referral
7070,2023-05-14,India,Rajasthan,Mobile,46,Female,Referral
7071,2023-04-10,India,West Bengal,Mobile,32,Female,Referral
7072,2023-01-22,India,Delhi,Mobile,37,Male,Google Ads
7073,2023-01-18,India,Rajasthan,Mobile,55,Male,Google Ads
7074,2023-01-12,India,Rajasthan,Mobile,58,Female,Google Ads
7075,2023-06-29,India,Karnataka,Mobile,47,Female,Google Ads
7076,2023-05-03,India,West Bengal,Mobile,43,Female,Google Ads
7077,2023-04-27,India,Karnataka,Desktop,23,Female,Google Ads
7078,2023-02-20,India,Telangana,Mobile,56,Male,Facebook Ads
7079,2023-03-12,India,Maharashtra,Mobile,34,Female,Facebook Ads
7080,2023-02-17,India,Odisha,Mobile,23,Male,Facebook Ads
7081,2023-01-19,India,Telangana,Desktop,45,Female,Organic
7082,2023-01-06,India,Maharashtra,Desktop,26,Female,Organic
7083,2023-03-25,India,Gujarat,Mobile,44,Male,Organic
7084,2023-06-04,India,Gujarat,Mobile,52,Male,Referral
7085,2023-02-22,India,Karnataka,Mobile,23,Female,Referral
7086,2023-04-17,India,Uttar Pradesh,Desktop,21,Female,Organic
7087,2023-04-11,India,Uttar Pradesh,Mobile,33,Male,Facebook Ads
7088,2023-02-17,India,Maharashtra,Mobile,40,Female,Google Ads
7089,2023-05-15,India,Rajasthan,Desktop,40,Male,Google Ads
7090,2023-03-10,India,Karnataka,Desktop,46,Male,Google Ads
7091,2023-01-11,India,Maharashtra,Mobile,58,Female,Referral
7092,2023-05-23,India,Karnataka,Desktop,21,Female,Organic
7093,2023-05-11,India,Maharashtra,Mobile,57,Male,Facebook Ads
7094,2023-05-02,India,Gujarat,Desktop,57,Male,Google Ads
7095,2023-03-10,India,West Bengal,Mobile,41,Male,Organic
7096,2023-01-23,India,Karnataka,Mobile,23,Male,Organic
7097,2023-02-06,India,West Bengal,Mobile,57,Male,Referral
7098,2023-01-09,India,Gujarat,Mobile,23,Male,Referral
7099,2023-01-15,India,Uttar Pradesh,Mobile,31,Female,Referral
7100,2023-05-11,India,Tamil Nadu,Mobile,31,Female,Referral
7101,2023-04-03,India,Odisha,Mobile,52,Male,Organic
7102,2023-01-17,India,Telangana,Mobile,23,Female,Referral
7103,2023-06-03,India,Odisha,Desktop,40,Male,Google Ads
7104,2023-05-29,India,Odisha,Mobile,37,Male,Facebook Ads
7105,2023-03-13,India,Telangana,Mobile,34,Male,Referral
7106,2023-05-29,India,Gujarat,Mobile,37,Female,Google Ads
7107,2023-05-01,India,Gujarat,Mobile,23,Female,Facebook Ads
7108,2023-01-11,India,Uttar Pradesh,Mobile,57,Male,Referral
7109,2023-06-15,India,Tamil Nadu,Mobile,45,Male,Referral
7110,2023-03-13,India,Delhi,Mobile,30,Female,Facebook Ads
7111,2023-04-16,India,Odisha,Mobile,46,Female,Google Ads
7112,2023-05-05,India,Rajasthan,Desktop,37,Male,Google Ads
7113,2023-02-04,India,Odisha,Mobile,34,Male,Organic
7114,2023-04-29,India,Delhi,Mobile,52,Female,Organic
7115,2023-01-14,India,Karnataka,Mobile,56,Female,Referral
7116,2023-01-14,India,Uttar Pradesh,Desktop,54,Male,Google Ads
7117,2023-01-10,India,West Bengal,Mobile,40,Male,Google Ads
7118,2023-05-20,India,West Bengal,Desktop,35,Male,Referral
7119,2023-02-07,India,Delhi,Mobile,53,Male,Facebook Ads
7120,2023-04-18,India,Odisha,Mobile,37,Male,Facebook Ads
7121,2023-04-29,India,West Bengal,Desktop,24,Male,Organic
7122,2023-02-03,India,Delhi,Desktop,53,Female,Referral
7123,2023-06-18,India,Telangana,Mobile,59,Female,Facebook Ads
7124,2023-01-10,India,Gujarat,Mobile,18,Female,Referral
7125,2023-05-02,India,Maharashtra,Mobile,54,Male,Google Ads
7126,2023-05-25,India,Gujarat,Desktop,52,Male,Facebook Ads
7127,2023-05-25,India,Odisha,Mobile,58,Female,Facebook Ads
7128,2023-04-25,India,Delhi,Mobile,20,Female,Facebook Ads
7129,2023-01-01,India,Karnataka,Mobile,52,Male,Google Ads
7130,2023-01-12,India,West Bengal,Mobile,46,Female,Organic
7131,2023-04-13,India,West Bengal,Mobile,26,Female,Referral
7132,2023-01-04,India,West Bengal,Mobile,54,Male,Facebook Ads
7133,2023-06-19,India,Delhi,Mobile,59,Female,Google Ads
7134,2023-05-21,India,Gujarat,Mobile,42,Female,Facebook Ads
7135,2023-04-08,India,Karnataka,Mobile,29,Female,Referral
7136,2023-04-16,India,Delhi,Mobile,55,Male,Referral
7137,2023-03-26,India,Odisha,Mobile,24,Male,Facebook Ads
7138,2023-05-01,India,Uttar Pradesh,Mobile,24,Female,Google Ads
7139,2023-05-12,India,Odisha,Mobile,21,Female,Facebook Ads
7140,2023-03-23,India,Maharashtra,Mobile,48,Male,Google Ads
7141,2023-01-19,India,Uttar Pradesh,Desktop,56,Male,Organic
7142,2023-05-10,India,Odisha,Mobile,27,Male,Facebook Ads
7143,2023-01-12,India,Karnataka,Mobile,40,Male,Google Ads
7144,2023-03-22,India,Tamil Nadu,Mobile,43,Male,Facebook Ads
7145,2023-03-15,India,Tamil Nadu,Mobile,40,Female,Referral
7146,2023-04-08,India,Tamil Nadu,Mobile,46,Male,Referral
7147,2023-01-06,India,Maharashtra,Mobile,25,Female,Facebook Ads
7148,2023-05-16,India,Maharashtra,Mobile,36,Female,Facebook Ads
7149,2023-05-05,India,Tamil Nadu,Mobile,46,Male,Google Ads
7150,2023-02-20,India,Telangana,Mobile,23,Male,Google Ads
7151,2023-01-11,India,West Bengal,Desktop,46,Male,Referral
7152,2023-05-07,India,Uttar Pradesh,Desktop,41,Female,Google Ads
7153,2023-05-20,India,Uttar Pradesh,Desktop,27,Male,Referral
7154,2023-03-14,India,West Bengal,Mobile,31,Female,Organic
7155,2023-01-02,India,Gujarat,Desktop,23,Male,Facebook Ads
7156,2023-01-08,India,Telangana,Desktop,21,Female,Google Ads
7157,2023-05-19,India,Tamil Nadu,Desktop,32,Female,Referral
7158,2023-05-04,India,West Bengal,Mobile,54,Male,Referral
7159,2023-02-22,India,Delhi,Desktop,56,Male,Facebook Ads
7160,2023-01-10,India,Uttar Pradesh,Mobile,45,Female,Facebook Ads
7161,2023-04-22,India,Delhi,Mobile,19,Female,Facebook Ads
7162,2023-01-08,India,West Bengal,Mobile,30,Male,Google Ads
7163,2023-02-05,India,West Bengal,Desktop,19,Female,Organic
7164,2023-04-16,India,Odisha,Desktop,58,Female,Organic
7165,2023-01-14,India,Odisha,Mobile,49,Male,Organic
7166,2023-03-27,India,Karnataka,Mobile,22,Male,Organic
7167,2023-05-29,India,Karnataka,Mobile,20,Female,Referral
7168,2023-02-19,India,Maharashtra,Mobile,19,Female,Google Ads
7169,2023-06-16,India,Maharashtra,Mobile,31,Male,Organic
7170,2023-01-20,India,Tamil Nadu,Mobile,57,Male,Organic
7171,2023-03-28,India,Odisha,Desktop,46,Male,Google Ads
7172,2023-05-15,India,Tamil Nadu,Mobile,55,Female,Google Ads
7173,2023-05-17,India,West Bengal,Mobile,23,Male,Facebook Ads
7174,2023-05-09,India,Tamil Nadu,Desktop,51,Female,Facebook Ads
7175,2023-06-03,India,West Bengal,Desktop,25,Male,Organic
7176,2023-06-15,India,Uttar Pradesh,Desktop,19,Male,Referral
7177,2023-02-07,India,Odisha,Mobile,43,Female,Facebook Ads
7178,2023-02-13,India,Karnataka,Desktop,34,Male,Google Ads
7179,2023-03-27,India,Tamil Nadu,Mobile,41,Female,Facebook Ads
7180,2023-02-13,India,Odisha,Desktop,48,Male,Facebook Ads
7181,2023-03-15,India,Uttar Pradesh,Desktop,33,Male,Google Ads
7182,2023-04-29,India,Delhi,Desktop,38,Male,Organic
7183,2023-05-02,India,Karnataka,Mobile,55,Male,Facebook Ads
7184,2023-05-14,India,Telangana,Mobile,43,Male,Facebook Ads
7185,2023-05-25,India,Rajasthan,Desktop,34,Female,Organic
7186,2023-02-20,India,Odisha,Desktop,59,Female,Facebook Ads
7187,2023-02-07,India,Gujarat,Mobile,21,Female,Referral
7188,2023-06-01,India,Odisha,Desktop,21,Male,Organic
7189,2023-02-20,India,West Bengal,Mobile,36,Male,Referral
7190,2023-01-10,India,Telangana,Mobile,55,Male,Google Ads
7191,2023-04-30,India,Gujarat,Mobile,42,Male,Referral
7192,2023-05-29,India,Tamil Nadu,Mobile,25,Female,Google Ads
7193,2023-03-11,India,Uttar Pradesh,Mobile,35,Female,Organic
7194,2023-03-26,India,Gujarat,Desktop,35,Male,Google Ads
7195,2023-02-26,India,Tamil Nadu,Mobile,24,Female,Google Ads
7196,2023-05-06,India,Tamil Nadu,Mobile,34,Male,Google Ads
7197,2023-02-08,India,Tamil Nadu,Desktop,20,Male,Google Ads
7198,2023-02-02,India,West Bengal,Desktop,39,Male,Referral
7199,2023-01-18,India,Gujarat,Mobile,32,Female,Google Ads
7200,2023-02-26,India,Maharashtra,Mobile,48,Male,Google Ads
7201,2023-04-06,India,Uttar Pradesh,Mobile,53,Female,Facebook Ads
7202,2023-02-17,India,Delhi,Desktop,43,Female,Facebook Ads
7203,2023-02-11,India,Odisha,Mobile,31,Male,Facebook Ads
7204,2023-01-27,India,West Bengal,Mobile,34,Female,Google Ads
7205,2023-03-15,India,Karnataka,Desktop,26,Male,Facebook Ads
7206,2023-04-20,India,Delhi,Mobile,24,Female,Referral
7207,2023-06-29,India,Uttar Pradesh,Mobile,44,Male,Organic
7208,2023-06-19,India,West Bengal,Desktop,45,Male,Organic
7209,2023-02-01,India,Delhi,Mobile,29,Male,Organic
7210,2023-01-26,India,Odisha,Mobile,34,Male,Facebook Ads
7211,2023-01-25,India,Tamil Nadu,Desktop,26,Male,Google Ads
7212,2023-03-16,India,Telangana,Desktop,25,Female,Organic
7213,2023-01-23,India,Tamil Nadu,Mobile,44,Male,Referral
7214,2023-02-26,India,Uttar Pradesh,Mobile,59,Male,Facebook Ads
7215,2023-06-29,India,Odisha,Desktop,29,Female,Facebook Ads
7216,2023-05-06,India,Delhi,Mobile,54,Male,Referral
7217,2023-03-28,India,Rajasthan,Mobile,37,Male,Google Ads
7218,2023-01-31,India,Telangana,Mobile,18,Female,Google Ads
7219,2023-03-05,India,Tamil Nadu,Mobile,26,Male,Referral
7220,2023-02-02,India,Maharashtra,Desktop,41,Female,Referral
7221,2023-01-02,India,Delhi,Mobile,51,Female,Facebook Ads
7222,2023-01-18,India,Tamil Nadu,Desktop,53,Female,Referral
7223,2023-06-24,India,Delhi,Desktop,21,Male,Google Ads
7224,2023-06-10,India,Telangana,Desktop,46,Female,Google Ads
7225,2023-03-25,India,Uttar Pradesh,Desktop,40,Male,Google Ads
7226,2023-02-04,India,Karnataka,Desktop,52,Female,Google Ads
7227,2023-06-28,India,Tamil Nadu,Mobile,33,Female,Google Ads
7228,2023-04-24,India,Delhi,Mobile,25,Female,Facebook Ads
7229,2023-05-26,India,Karnataka,Desktop,44,Male,Referral
7230,2023-04-20,India,Karnataka,Mobile,56,Female,Referral
7231,2023-03-29,India,Maharashtra,Mobile,29,Male,Organic
7232,2023-03-13,India,Karnataka,Mobile,21,Female,Facebook Ads
7233,2023-05-05,India,Telangana,Mobile,42,Female,Facebook Ads
7234,2023-01-30,India,Odisha,Desktop,23,Male,Facebook Ads
7235,2023-06-21,India,Karnataka,Desktop,20,Female,Facebook Ads
7236,2023-02-22,India,Rajasthan,Mobile,56,Female,Facebook Ads
7237,2023-05-18,India,Delhi,Desktop,41,Male,Google Ads
7238,2023-03-28,India,Karnataka,Mobile,38,Male,Organic
7239,2023-06-29,India,Gujarat,Desktop,23,Female,Google Ads
7240,2023-06-26,India,Odisha,Mobile,50,Female,Organic
7241,2023-05-19,India,West Bengal,Desktop,25,Female,Facebook Ads
7242,2023-06-13,India,Odisha,Mobile,50,Male,Facebook Ads
7243,2023-06-10,India,Uttar Pradesh,Mobile,20,Male,Referral
7244,2023-06-24,India,West Bengal,Desktop,19,Female,Facebook Ads
7245,2023-01-13,India,Maharashtra,Mobile,55,Male,Facebook Ads
7246,2023-02-09,India,Odisha,Desktop,57,Male,Facebook Ads
7247,2023-03-30,India,Uttar Pradesh,Mobile,56,Female,Facebook Ads
7248,2023-03-09,India,Odisha,Mobile,56,Male,Facebook Ads
7249,2023-02-11,India,Karnataka,Mobile,41,Male,Organic
7250,2023-05-27,India,Tamil Nadu,Mobile,38,Male,Referral
7251,2023-04-04,India,Tamil Nadu,Mobile,35,Male,Facebook Ads
7252,2023-01-19,India,Uttar Pradesh,Desktop,52,Male,Facebook Ads
7253,2023-01-23,India,Odisha,Mobile,28,Female,Facebook Ads
7254,2023-02-23,India,Uttar Pradesh,Desktop,28,Male,Organic
7255,2023-03-06,India,Maharashtra,Mobile,20,Male,Organic
7256,2023-05-20,India,Tamil Nadu,Mobile,40,Male,Referral
7257,2023-01-24,India,Gujarat,Mobile,18,Male,Facebook Ads
7258,2023-02-03,India,West Bengal,Mobile,40,Female,Referral
7259,2023-02-22,India,Telangana,Desktop,39,Female,Google Ads
7260,2023-05-16,India,Karnataka,Mobile,59,Male,Organic
7261,2023-01-18,India,Gujarat,Mobile,47,Female,Facebook Ads
7262,2023-02-26,India,Gujarat,Mobile,19,Male,Organic
7263,2023-04-22,India,Delhi,Mobile,34,Female,Referral
7264,2023-01-05,India,Gujarat,Mobile,58,Male,Google Ads
7265,2023-06-03,India,West Bengal,Mobile,37,Male,Facebook Ads
7266,2023-06-07,India,West Bengal,Mobile,26,Female,Organic
7267,2023-01-13,India,Karnataka,Desktop,28,Male,Google Ads
7268,2023-03-24,India,Uttar Pradesh,Desktop,34,Female,Referral
7269,2023-01-29,India,Rajasthan,Mobile,31,Male,Referral
7270,2023-01-03,India,Rajasthan,Mobile,35,Female,Organic
7271,2023-03-31,India,Odisha,Desktop,35,Female,Organic
7272,2023-04-14,India,Odisha,Desktop,25,Female,Facebook Ads
7273,2023-05-03,India,Telangana,Desktop,46,Female,Referral
7274,2023-03-17,India,West Bengal,Desktop,25,Male,Facebook Ads
7275,2023-05-10,India,Odisha,Mobile,43,Male,Organic
7276,2023-04-18,India,Delhi,Desktop,45,Female,Google Ads
7277,2023-06-05,India,Odisha,Desktop,25,Male,Facebook Ads
7278,2023-03-23,India,Maharashtra,Mobile,37,Male,Referral
7279,2023-03-18,India,Maharashtra,Mobile,25,Male,Organic
7280,2023-01-02,India,Delhi,Mobile,31,Female,Organic
7281,2023-05-07,India,Gujarat,Mobile,30,Female,Facebook Ads
7282,2023-05-15,India,Maharashtra,Mobile,57,Male,Facebook Ads
7283,2023-01-26,India,Rajasthan,Mobile,34,Male,Organic
7284,2023-03-29,India,Rajasthan,Mobile,43,Female,Facebook Ads
7285,2023-01-16,India,Maharashtra,Mobile,23,Male,Organic
7286,2023-05-31,India,Odisha,Mobile,34,Male,Referral
7287,2023-06-17,India,Telangana,Desktop,21,Male,Google Ads
7288,2023-03-14,India,Telangana,Mobile,42,Female,Facebook Ads
7289,2023-02-01,India,Rajasthan,Desktop,24,Female,Referral
7290,2023-01-15,India,Maharashtra,Desktop,34,Female,Referral
7291,2023-05-21,India,Gujarat,Desktop,39,Male,Facebook Ads
7292,2023-01-05,India,Karnataka,Desktop,45,Male,Referral
7293,2023-03-15,India,Odisha,Mobile,23,Male,Organic
7294,2023-02-21,India,Odisha,Mobile,47,Female,Facebook Ads
7295,2023-03-18,India,Telangana,Mobile,27,Female,Google Ads
7296,2023-06-18,India,Maharashtra,Desktop,56,Female,Organic
7297,2023-04-20,India,Uttar Pradesh,Mobile,31,Male,Referral
7298,2023-06-27,India,Tamil Nadu,Mobile,59,Female,Referral
7299,2023-05-23,India,Maharashtra,Desktop,39,Male,Google Ads
7300,2023-04-16,India,Delhi,Desktop,58,Male,Google Ads
7301,2023-05-07,India,Maharashtra,Desktop,43,Female,Referral
7302,2023-01-07,India,Odisha,Mobile,27,Male,Google Ads
7303,2023-02-09,India,Karnataka,Mobile,19,Male,Google Ads
7304,2023-06-05,India,Delhi,Mobile,20,Female,Referral
7305,2023-06-09,India,Telangana,Mobile,59,Male,Organic
7306,2023-04-09,India,West Bengal,Desktop,28,Female,Facebook Ads
7307,2023-05-23,India,West Bengal,Mobile,27,Female,Referral
7308,2023-03-26,India,Uttar Pradesh,Mobile,29,Female,Google Ads
7309,2023-03-06,India,Telangana,Desktop,31,Male,Google Ads
7310,2023-05-12,India,Gujarat,Mobile,47,Female,Organic
7311,2023-01-11,India,Rajasthan,Desktop,58,Female,Referral
7312,2023-04-18,India,Uttar Pradesh,Desktop,30,Female,Referral
7313,2023-01-26,India,West Bengal,Desktop,47,Male,Google Ads
7314,2023-06-14,India,Rajasthan,Mobile,55,Male,Referral
7315,2023-05-31,India,Gujarat,Mobile,28,Male,Google Ads
7316,2023-03-26,India,Telangana,Desktop,18,Female,Google Ads
7317,2023-06-17,India,Rajasthan,Desktop,44,Female,Google Ads
7318,2023-05-31,India,Telangana,Mobile,56,Female,Facebook Ads
7319,2023-05-03,India,Gujarat,Mobile,54,Male,Google Ads
7320,2023-05-24,India,Tamil Nadu,Mobile,26,Female,Organic
7321,2023-03-09,India,Delhi,Desktop,43,Female,Referral
7322,2023-04-14,India,Rajasthan,Mobile,42,Male,Facebook Ads
7323,2023-03-21,India,Rajasthan,Mobile,34,Male,Referral
7324,2023-06-08,India,Telangana,Mobile,23,Female,Organic
7325,2023-02-22,India,Telangana,Mobile,32,Female,Facebook Ads
7326,2023-04-16,India,Rajasthan,Desktop,20,Female,Referral
7327,2023-06-02,India,Telangana,Mobile,48,Male,Facebook Ads
7328,2023-02-13,India,Karnataka,Mobile,45,Male,Google Ads
7329,2023-05-20,India,Karnataka,Mobile,26,Female,Google Ads
7330,2023-03-31,India,Tamil Nadu,Mobile,35,Male,Referral
7331,2023-04-11,India,Tamil Nadu,Mobile,57,Male,Organic
7332,2023-04-07,India,Tamil Nadu,Mobile,49,Female,Facebook Ads
7333,2023-01-09,India,West Bengal,Mobile,36,Female,Facebook Ads
7334,2023-01-12,India,West Bengal,Desktop,22,Male,Referral
7335,2023-03-10,India,Maharashtra,Mobile,23,Male,Google Ads
7336,2023-01-28,India,Uttar Pradesh,Desktop,29,Male,Facebook Ads
7337,2023-02-25,India,Delhi,Mobile,59,Male,Google Ads
7338,2023-04-09,India,Karnataka,Mobile,34,Female,Google Ads
7339,2023-04-20,India,Gujarat,Mobile,56,Male,Organic
7340,2023-03-18,India,Delhi,Mobile,24,Female,Google Ads
7341,2023-04-13,India,Delhi,Mobile,28,Male,Google Ads
7342,2023-04-16,India,Gujarat,Mobile,51,Female,Facebook Ads
7343,2023-04-19,India,Odisha,Mobile,19,Male,Organic
7344,2023-04-22,India,Rajasthan,Mobile,31,Female,Organic
7345,2023-02-27,India,Uttar Pradesh,Mobile,35,Female,Referral
7346,2023-03-19,India,Maharashtra,Mobile,26,Female,Referral
7347,2023-03-16,India,Tamil Nadu,Mobile,56,Male,Referral
7348,2023-02-11,India,Gujarat,Desktop,21,Male,Organic
7349,2023-06-15,India,West Bengal,Mobile,31,Male,Google Ads
7350,2023-03-09,India,Tamil Nadu,Desktop,28,Male,Organic
7351,2023-02-02,India,Telangana,Mobile,47,Female,Google Ads
7352,2023-03-12,India,Gujarat,Desktop,57,Male,Referral
7353,2023-02-25,India,Tamil Nadu,Mobile,44,Female,Referral
7354,2023-04-15,India,Rajasthan,Desktop,46,Female,Google Ads
7355,2023-04-11,India,Rajasthan,Mobile,49,Male,Google Ads
7356,2023-02-20,India,Rajasthan,Mobile,47,Female,Referral
7357,2023-03-15,India,Tamil Nadu,Mobile,43,Female,Google Ads
7358,2023-06-20,India,Rajasthan,Mobile,47,Male,Organic
7359,2023-05-01,India,Karnataka,Desktop,27,Male,Referral
7360,2023-05-23,India,West Bengal,Mobile,29,Female,Organic
7361,2023-06-15,India,Maharashtra,Mobile,50,Male,Referral
7362,2023-05-23,India,Gujarat,Mobile,51,Female,Facebook Ads
7363,2023-01-05,India,Delhi,Mobile,35,Male,Organic
7364,2023-03-24,India,Tamil Nadu,Mobile,56,Male,Facebook Ads
7365,2023-02-20,India,Tamil Nadu,Mobile,33,Female,Referral
7366,2023-01-10,India,West Bengal,Mobile,21,Male,Organic
7367,2023-05-20,India,Odisha,Mobile,27,Male,Organic
7368,2023-01-04,India,Uttar Pradesh,Mobile,45,Male,Organic
7369,2023-04-05,India,Telangana,Mobile,58,Female,Google Ads
7370,2023-05-26,India,Gujarat,Mobile,35,Female,Organic
7371,2023-03-21,India,Odisha,Mobile,26,Male,Organic
7372,2023-02-05,India,Telangana,Mobile,39,Female,Facebook Ads
7373,2023-01-25,India,Uttar Pradesh,Desktop,27,Female,Organic
7374,2023-04-08,India,Delhi,Desktop,57,Female,Google Ads
7375,2023-06-13,India,Tamil Nadu,Desktop,40,Male,Organic
7376,2023-04-11,India,Rajasthan,Mobile,30,Male,Facebook Ads
7377,2023-01-09,India,West Bengal,Desktop,41,Male,Organic
7378,2023-03-02,India,Gujarat,Mobile,30,Female,Organic
7379,2023-02-22,India,West Bengal,Mobile,42,Female,Facebook Ads
7380,2023-05-26,India,Maharashtra,Mobile,46,Male,Referral
7381,2023-06-20,India,Delhi,Desktop,33,Male,Organic
7382,2023-06-12,India,Maharashtra,Desktop,57,Male,Referral
7383,2023-03-04,India,Uttar Pradesh,Mobile,23,Male,Facebook Ads
7384,2023-05-01,India,Uttar Pradesh,Mobile,25,Female,Facebook Ads
7385,2023-04-15,India,Karnataka,Mobile,51,Male,Referral
7386,2023-01-04,India,Uttar Pradesh,Desktop,35,Female,Google Ads
7387,2023-04-03,India,Odisha,Desktop,49,Male,Google Ads
7388,2023-06-18,India,Odisha,Mobile,27,Male,Facebook Ads
7389,2023-06-22,India,Rajasthan,Mobile,51,Female,Google Ads
7390,2023-06-27,India,Tamil Nadu,Mobile,40,Male,Google Ads
7391,2023-01-28,India,West Bengal,Desktop,36,Male,Facebook Ads
7392,2023-06-19,India,Tamil Nadu,Desktop,37,Female,Organic
7393,2023-03-21,India,Tamil Nadu,Mobile,51,Female,Organic
7394,2023-03-17,India,Odisha,Mobile,55,Male,Organic
7395,2023-04-26,India,West Bengal,Desktop,34,Female,Google Ads
7396,2023-03-10,India,Rajasthan,Mobile,22,Female,Referral
7397,2023-04-08,India,Delhi,Desktop,19,Male,Google Ads
7398,2023-01-01,India,Karnataka,Mobile,58,Male,Organic
7399,2023-06-16,India,Odisha,Desktop,51,Male,Facebook Ads
7400,2023-04-06,India,Maharashtra,Desktop,37,Female,Facebook Ads
7401,2023-01-17,India,Karnataka,Mobile,19,Female,Facebook Ads
7402,2023-04-22,India,Delhi,Desktop,45,Male,Google Ads
7403,2023-04-01,India,Uttar Pradesh,Mobile,35,Male,Referral
7404,2023-03-29,India,Tamil Nadu,Desktop,56,Male,Organic
7405,2023-06-12,India,Gujarat,Desktop,52,Male,Facebook Ads
7406,2023-06-23,India,Rajasthan,Mobile,32,Female,Organic
7407,2023-06-19,India,Tamil Nadu,Mobile,56,Male,Organic
7408,2023-06-16,India,Uttar Pradesh,Mobile,57,Female,Google Ads
7409,2023-03-31,India,Delhi,Desktop,56,Female,Facebook Ads
7410,2023-02-18,India,Maharashtra,Desktop,20,Male,Google Ads
7411,2023-02-07,India,Rajasthan,Mobile,36,Female,Organic
7412,2023-05-31,India,Rajasthan,Desktop,40,Female,Organic
7413,2023-05-30,India,Delhi,Mobile,36,Female,Organic
7414,2023-05-12,India,Karnataka,Mobile,35,Male,Facebook Ads
7415,2023-06-26,India,Telangana,Mobile,47,Male,Facebook Ads
7416,2023-02-28,India,Tamil Nadu,Mobile,56,Male,Facebook Ads
7417,2023-03-09,India,Karnataka,Mobile,36,Male,Organic
7418,2023-05-10,India,Odisha,Mobile,22,Male,Organic
7419,2023-02-18,India,Delhi,Mobile,30,Male,Referral
7420,2023-05-06,India,Odisha,Desktop,51,Female,Facebook Ads
7421,2023-06-08,India,Maharashtra,Mobile,41,Female,Organic
7422,2023-04-21,India,Karnataka,Mobile,35,Female,Organic
7423,2023-06-17,India,Gujarat,Mobile,21,Female,Referral
7424,2023-02-17,India,Telangana,Desktop,53,Female,Referral
7425,2023-02-20,India,Delhi,Desktop,25,Female,Organic
7426,2023-02-12,India,Delhi,Desktop,18,Female,Facebook Ads
7427,2023-04-08,India,Telangana,Desktop,58,Female,Google Ads
7428,2023-06-26,India,Rajasthan,Mobile,55,Male,Google Ads
7429,2023-05-04,India,Uttar Pradesh,Mobile,53,Male,Google Ads
7430,2023-03-21,India,Maharashtra,Desktop,55,Female,Facebook Ads
7431,2023-04-21,India,Karnataka,Desktop,30,Female,Organic
7432,2023-05-23,India,Delhi,Mobile,39,Male,Google Ads
7433,2023-01-27,India,Delhi,Desktop,46,Male,Google Ads
7434,2023-06-07,India,Telangana,Desktop,26,Male,Facebook Ads
7435,2023-06-13,India,Gujarat,Desktop,44,Female,Organic
7436,2023-04-23,India,Telangana,Desktop,21,Female,Organic
7437,2023-03-27,India,Telangana,Mobile,57,Male,Facebook Ads
7438,2023-04-24,India,Tamil Nadu,Mobile,34,Female,Google Ads
7439,2023-05-04,India,Karnataka,Mobile,54,Female,Organic
7440,2023-02-18,India,Rajasthan,Mobile,20,Male,Organic
7441,2023-03-17,India,Telangana,Desktop,21,Male,Google Ads
7442,2023-02-24,India,Gujarat,Mobile,57,Male,Facebook Ads
7443,2023-02-25,India,Rajasthan,Mobile,33,Female,Google Ads
7444,2023-04-05,India,West Bengal,Mobile,28,Male,Referral
7445,2023-02-13,India,Karnataka,Desktop,44,Male,Organic
7446,2023-06-08,India,Delhi,Mobile,43,Male,Facebook Ads
7447,2023-03-28,India,West Bengal,Mobile,48,Female,Google Ads
7448,2023-03-25,India,Rajasthan,Mobile,51,Female,Google Ads
7449,2023-05-31,India,Rajasthan,Mobile,25,Female,Facebook Ads
7450,2023-06-05,India,Karnataka,Desktop,56,Male,Organic
7451,2023-01-16,India,Uttar Pradesh,Desktop,18,Female,Facebook Ads
7452,2023-06-14,India,Tamil Nadu,Mobile,19,Female,Referral
7453,2023-05-29,India,Delhi,Desktop,44,Male,Facebook Ads
7454,2023-05-25,India,West Bengal,Mobile,20,Female,Referral
7455,2023-02-06,India,Telangana,Desktop,51,Female,Organic
7456,2023-03-18,India,Maharashtra,Mobile,33,Female,Google Ads
7457,2023-05-27,India,Uttar Pradesh,Desktop,18,Female,Referral
7458,2023-06-07,India,Delhi,Mobile,24,Female,Referral
7459,2023-02-14,India,Maharashtra,Mobile,52,Female,Facebook Ads
7460,2023-05-26,India,Tamil Nadu,Mobile,39,Female,Facebook Ads
7461,2023-03-03,India,Maharashtra,Mobile,49,Female,Google Ads
7462,2023-06-13,India,Telangana,Desktop,43,Male,Organic
7463,2023-04-10,India,Maharashtra,Mobile,23,Male,Referral
7464,2023-02-21,India,Uttar Pradesh,Mobile,28,Male,Google Ads
7465,2023-01-19,India,Odisha,Desktop,48,Male,Referral
7466,2023-04-19,India,Uttar Pradesh,Mobile,38,Male,Google Ads
7467,2023-02-13,India,Telangana,Desktop,39,Male,Facebook Ads
7468,2023-01-07,India,West Bengal,Mobile,18,Male,Facebook Ads
7469,2023-06-21,India,Odisha,Mobile,38,Female,Organic
7470,2023-04-27,India,Tamil Nadu,Desktop,37,Female,Facebook Ads
7471,2023-03-09,India,Uttar Pradesh,Mobile,26,Female,Google Ads
7472,2023-02-03,India,Odisha,Mobile,44,Female,Referral
7473,2023-03-10,India,Rajasthan,Desktop,46,Female,Google Ads
7474,2023-02-24,India,Uttar Pradesh,Mobile,50,Male,Organic
7475,2023-01-10,India,Odisha,Desktop,18,Male,Facebook Ads
7476,2023-02-11,India,Karnataka,Desktop,20,Female,Facebook Ads
7477,2023-02-10,India,West Bengal,Mobile,49,Female,Referral
7478,2023-05-02,India,Delhi,Desktop,37,Female,Organic
7479,2023-05-18,India,Maharashtra,Mobile,34,Male,Organic
7480,2023-01-10,India,Odisha,Mobile,54,Male,Facebook Ads
7481,2023-04-12,India,Delhi,Desktop,55,Female,Organic
7482,2023-05-08,India,Uttar Pradesh,Desktop,27,Male,Google Ads
7483,2023-06-28,India,Delhi,Desktop,46,Female,Organic
7484,2023-05-29,India,Rajasthan,Desktop,59,Female,Google Ads
7485,2023-05-16,India,Gujarat,Mobile,49,Male,Google Ads
7486,2023-04-02,India,Gujarat,Mobile,30,Female,Google Ads
7487,2023-04-23,India,West Bengal,Mobile,48,Male,Facebook Ads
7488,2023-03-19,India,Odisha,Mobile,21,Female,Google Ads
7489,2023-03-26,India,Rajasthan,Mobile,35,Female,Referral
7490,2023-01-30,India,Maharashtra,Desktop,28,Male,Organic
7491,2023-02-18,India,Tamil Nadu,Mobile,59,Male,Google Ads
7492,2023-01-09,India,Telangana,Desktop,35,Male,Referral
7493,2023-05-25,India,West Bengal,Desktop,58,Female,Facebook Ads
7494,2023-03-10,India,Telangana,Mobile,54,Female,Facebook Ads
7495,2023-02-27,India,Gujarat,Mobile,50,Female,Facebook Ads
7496,2023-03-03,India,Karnataka,Mobile,54,Female,Facebook Ads
7497,2023-02-21,India,Tamil Nadu,Mobile,20,Female,Organic
7498,2023-02-09,India,Tamil Nadu,Desktop,18,Male,Facebook Ads
7499,2023-06-15,India,Telangana,Mobile,36,Male,Organic
7500,2023-06-20,India,Karnataka,Desktop,23,Female,Referral
7501,2023-03-04,India,Uttar Pradesh,Desktop,27,Male,Facebook Ads
7502,2023-05-27,India,Delhi,Mobile,54,Male,Facebook Ads
7503,2023-02-19,India,West Bengal,Desktop,29,Female,Referral
7504,2023-06-10,India,Rajasthan,Mobile,34,Male,Referral
7505,2023-05-21,India,Tamil Nadu,Mobile,44,Female,Organic
7506,2023-03-19,India,Telangana,Mobile,19,Female,Google Ads
7507,2023-04-07,India,Delhi,Mobile,42,Male,Organic
7508,2023-02-12,India,Gujarat,Mobile,45,Male,Google Ads
7509,2023-06-26,India,Rajasthan,Desktop,54,Female,Organic
7510,2023-02-05,India,Telangana,Mobile,54,Female,Google Ads
7511,2023-05-02,India,West Bengal,Mobile,34,Female,Facebook Ads
7512,2023-04-18,India,Maharashtra,Mobile,22,Male,Google Ads
7513,2023-01-10,India,Tamil Nadu,Mobile,36,Female,Referral
7514,2023-04-05,India,Gujarat,Mobile,21,Female,Referral
7515,2023-01-06,India,West Bengal,Mobile,56,Female,Google Ads
7516,2023-02-26,India,Odisha,Mobile,55,Female,Facebook Ads
7517,2023-05-09,India,Gujarat,Mobile,47,Male,Facebook Ads
7518,2023-03-12,India,Rajasthan,Mobile,49,Female,Google Ads
7519,2023-01-21,India,Odisha,Desktop,54,Male,Google Ads
7520,2023-04-02,India,Gujarat,Mobile,44,Female,Referral
7521,2023-05-07,India,Telangana,Desktop,49,Female,Referral
7522,2023-03-21,India,Maharashtra,Mobile,59,Female,Organic
7523,2023-02-25,India,Delhi,Mobile,28,Female,Facebook Ads
7524,2023-04-26,India,Maharashtra,Mobile,58,Male,Facebook Ads
7525,2023-05-28,India,Maharashtra,Mobile,30,Male,Facebook Ads
7526,2023-01-25,India,Telangana,Mobile,52,Male,Organic
7527,2023-06-05,India,Karnataka,Desktop,34,Female,Organic
7528,2023-01-05,India,Gujarat,Mobile,47,Female,Referral
7529,2023-04-30,India,Delhi,Desktop,35,Male,Referral
7530,2023-01-21,India,Uttar Pradesh,Mobile,54,Male,Google Ads
7531,2023-01-18,India,Telangana,Mobile,47,Male,Organic
7532,2023-06-24,India,Karnataka,Mobile,43,Female,Organic
7533,2023-02-26,India,Telangana,Mobile,33,Female,Organic
7534,2023-04-03,India,Karnataka,Desktop,28,Male,Facebook Ads
7535,2023-01-19,India,Maharashtra,Desktop,21,Male,Referral
7536,2023-05-08,India,Tamil Nadu,Desktop,58,Male,Google Ads
7537,2023-04-07,India,Tamil Nadu,Mobile,32,Female,Organic
7538,2023-05-11,India,Odisha,Mobile,29,Female,Organic
7539,2023-06-19,India,Uttar Pradesh,Desktop,44,Female,Organic
7540,2023-01-21,India,Delhi,Mobile,21,Female,Facebook Ads
7541,2023-02-09,India,Karnataka,Desktop,52,Female,Google Ads
7542,2023-03-08,India,Gujarat,Mobile,38,Male,Google Ads
7543,2023-06-02,India,Maharashtra,Desktop,53,Male,Organic
7544,2023-05-07,India,Rajasthan,Desktop,19,Female,Google Ads
7545,2023-02-24,India,Gujarat,Desktop,56,Male,Facebook Ads
7546,2023-06-29,India,Gujarat,Mobile,45,Female,Organic
7547,2023-06-21,India,Karnataka,Mobile,51,Male,Referral
7548,2023-04-19,India,Delhi,Mobile,50,Male,Referral
7549,2023-04-08,India,Maharashtra,Desktop,25,Male,Google Ads
7550,2023-04-22,India,Maharashtra,Desktop,25,Female,Referral
7551,2023-04-25,India,Delhi,Mobile,59,Male,Referral
7552,2023-04-27,India,Tamil Nadu,Mobile,39,Female,Organic
7553,2023-03-28,India,West Bengal,Mobile,44,Male,Facebook Ads
7554,2023-03-22,India,Odisha,Desktop,45,Male,Organic
7555,2023-03-07,India,Telangana,Mobile,28,Male,Facebook Ads
7556,2023-01-19,India,Odisha,Mobile,44,Male,Organic
7557,2023-05-15,India,Tamil Nadu,Mobile,18,Male,Referral
7558,2023-04-28,India,Karnataka,Mobile,56,Male,Organic
7559,2023-02-11,India,Karnataka,Desktop,45,Female,Google Ads
7560,2023-02-11,India,Uttar Pradesh,Mobile,44,Female,Google Ads
7561,2023-02-28,India,Odisha,Mobile,25,Female,Facebook Ads
7562,2023-01-20,India,Odisha,Mobile,41,Female,Facebook Ads
7563,2023-03-14,India,Telangana,Mobile,57,Female,Facebook Ads
7564,2023-01-17,India,Karnataka,Mobile,53,Female,Google Ads
7565,2023-01-27,India,Gujarat,Mobile,41,Male,Organic
7566,2023-06-24,India,Odisha,Mobile,59,Male,Referral
7567,2023-01-02,India,Telangana,Mobile,39,Male,Facebook Ads
7568,2023-03-04,India,Delhi,Desktop,27,Female,Organic
7569,2023-03-03,India,Rajasthan,Desktop,21,Female,Organic
7570,2023-04-10,India,Delhi,Desktop,25,Male,Google Ads
7571,2023-01-19,India,Telangana,Desktop,56,Male,Google Ads
7572,2023-01-17,India,Gujarat,Mobile,32,Male,Referral
7573,2023-03-10,India,Uttar Pradesh,Mobile,25,Male,Organic
7574,2023-06-16,India,Karnataka,Desktop,46,Female,Facebook Ads
7575,2023-04-27,India,Uttar Pradesh,Mobile,59,Male,Google Ads
7576,2023-03-22,India,Uttar Pradesh,Mobile,56,Female,Organic
7577,2023-02-08,India,Telangana,Mobile,52,Female,Google Ads
7578,2023-02-05,India,Karnataka,Mobile,58,Male,Organic
7579,2023-06-17,India,Maharashtra,Mobile,31,Female,Google Ads
7580,2023-06-22,India,Rajasthan,Mobile,49,Female,Facebook Ads
7581,2023-05-12,India,Odisha,Mobile,24,Male,Referral
7582,2023-06-02,India,Uttar Pradesh,Desktop,50,Female,Facebook Ads
7583,2023-06-07,India,Delhi,Mobile,52,Female,Google Ads
7584,2023-01-29,India,Maharashtra,Desktop,44,Male,Google Ads
7585,2023-02-20,India,Maharashtra,Mobile,18,Male,Google Ads
7586,2023-06-01,India,Gujarat,Mobile,23,Male,Facebook Ads
7587,2023-01-14,India,Uttar Pradesh,Mobile,19,Male,Google Ads
7588,2023-03-10,India,Uttar Pradesh,Mobile,24,Male,Facebook Ads
7589,2023-05-26,India,West Bengal,Mobile,25,Female,Google Ads
7590,2023-06-19,India,Telangana,Mobile,46,Male,Referral
7591,2023-02-26,India,Gujarat,Desktop,33,Male,Referral
7592,2023-01-12,India,Maharashtra,Desktop,46,Female,Google Ads
7593,2023-01-17,India,Maharashtra,Mobile,48,Female,Organic
7594,2023-01-30,India,West Bengal,Mobile,39,Female,Facebook Ads
7595,2023-03-29,India,Odisha,Mobile,27,Male,Google Ads
7596,2023-04-09,India,Tamil Nadu,Mobile,21,Male,Facebook Ads
7597,2023-01-23,India,Delhi,Mobile,42,Male,Organic
7598,2023-05-09,India,Tamil Nadu,Desktop,30,Female,Referral
7599,2023-03-20,India,Uttar Pradesh,Mobile,34,Male,Facebook Ads
7600,2023-02-01,India,Karnataka,Desktop,57,Female,Facebook Ads
7601,2023-01-09,India,Gujarat,Mobile,25,Female,Facebook Ads
7602,2023-01-15,India,Uttar Pradesh,Desktop,40,Female,Facebook Ads
7603,2023-06-05,India,Odisha,Mobile,24,Female,Facebook Ads
7604,2023-06-01,India,Tamil Nadu,Desktop,49,Female,Referral
7605,2023-06-12,India,Uttar Pradesh,Desktop,41,Female,Facebook Ads
7606,2023-01-27,India,Delhi,Mobile,18,Male,Facebook Ads
7607,2023-04-19,India,Maharashtra,Mobile,53,Female,Referral
7608,2023-03-17,India,Telangana,Desktop,44,Male,Google Ads
7609,2023-05-28,India,Rajasthan,Desktop,23,Female,Google Ads
7610,2023-03-06,India,Uttar Pradesh,Mobile,59,Female,Facebook Ads
7611,2023-06-26,India,Odisha,Mobile,48,Female,Referral
7612,2023-04-19,India,Gujarat,Mobile,29,Female,Facebook Ads
7613,2023-05-09,India,Karnataka,Mobile,43,Female,Google Ads
7614,2023-01-10,India,Delhi,Mobile,42,Female,Referral
7615,2023-02-16,India,West Bengal,Mobile,21,Female,Organic
7616,2023-05-03,India,Odisha,Mobile,23,Male,Referral
7617,2023-02-28,India,Tamil Nadu,Desktop,30,Female,Google Ads
7618,2023-04-06,India,Telangana,Desktop,42,Male,Referral
7619,2023-04-13,India,Tamil Nadu,Mobile,48,Female,Organic
7620,2023-05-04,India,Maharashtra,Desktop,39,Female,Referral
7621,2023-03-27,India,Telangana,Mobile,52,Male,Facebook Ads
7622,2023-05-26,India,Tamil Nadu,Mobile,38,Male,Facebook Ads
7623,2023-04-22,India,Gujarat,Desktop,32,Female,Google Ads
7624,2023-06-23,India,Tamil Nadu,Mobile,20,Male,Referral
7625,2023-06-09,India,Delhi,Mobile,54,Female,Google Ads
7626,2023-01-27,India,Delhi,Mobile,43,Male,Referral
7627,2023-01-18,India,Rajasthan,Mobile,34,Male,Google Ads
7628,2023-06-16,India,Tamil Nadu,Desktop,55,Male,Referral
7629,2023-06-26,India,Gujarat,Desktop,52,Male,Facebook Ads
7630,2023-03-23,India,Gujarat,Desktop,58,Male,Google Ads
7631,2023-06-21,India,Uttar Pradesh,Desktop,25,Female,Google Ads
7632,2023-03-13,India,Karnataka,Desktop,28,Male,Organic
7633,2023-02-23,India,Telangana,Desktop,41,Male,Referral
7634,2023-06-11,India,Odisha,Mobile,25,Male,Facebook Ads
7635,2023-03-12,India,West Bengal,Desktop,47,Female,Facebook Ads
7636,2023-06-13,India,Telangana,Mobile,18,Female,Facebook Ads
7637,2023-05-26,India,Telangana,Desktop,51,Male,Google Ads
7638,2023-02-07,India,Maharashtra,Mobile,37,Female,Facebook Ads
7639,2023-05-17,India,Telangana,Desktop,53,Female,Google Ads
7640,2023-06-28,India,Maharashtra,Desktop,51,Female,Organic
7641,2023-02-04,India,Uttar Pradesh,Desktop,51,Male,Facebook Ads
7642,2023-03-23,India,Karnataka,Desktop,30,Male,Organic
7643,2023-05-13,India,Gujarat,Mobile,23,Female,Referral
7644,2023-05-22,India,Rajasthan,Mobile,53,Female,Referral
7645,2023-06-07,India,Gujarat,Mobile,42,Male,Organic
7646,2023-01-04,India,Tamil Nadu,Mobile,44,Male,Referral
7647,2023-06-16,India,West Bengal,Mobile,48,Female,Facebook Ads
7648,2023-06-02,India,Karnataka,Mobile,20,Male,Facebook Ads
7649,2023-06-05,India,Karnataka,Mobile,45,Female,Google Ads
7650,2023-05-30,India,Uttar Pradesh,Desktop,21,Male,Organic
7651,2023-06-08,India,West Bengal,Desktop,34,Male,Organic
7652,2023-01-23,India,Tamil Nadu,Mobile,55,Male,Google Ads
7653,2023-02-17,India,Tamil Nadu,Mobile,51,Male,Facebook Ads
7654,2023-05-28,India,Rajasthan,Mobile,37,Female,Organic
7655,2023-05-05,India,Odisha,Mobile,30,Male,Google Ads
7656,2023-06-15,India,Gujarat,Mobile,22,Male,Organic
7657,2023-02-24,India,Telangana,Mobile,41,Male,Organic
7658,2023-03-09,India,West Bengal,Mobile,55,Male,Google Ads
7659,2023-03-29,India,Tamil Nadu,Mobile,34,Male,Organic
7660,2023-01-01,India,Tamil Nadu,Mobile,48,Female,Referral
7661,2023-05-15,India,Odisha,Mobile,45,Female,Google Ads
7662,2023-04-05,India,Karnataka,Desktop,18,Male,Google Ads
7663,2023-05-20,India,Tamil Nadu,Desktop,19,Female,Referral
7664,2023-04-16,India,Rajasthan,Mobile,50,Male,Organic
7665,2023-05-13,India,Tamil Nadu,Mobile,57,Female,Referral
7666,2023-04-18,India,Tamil Nadu,Mobile,46,Male,Organic
7667,2023-06-27,India,Odisha,Mobile,21,Male,Facebook Ads
7668,2023-02-11,India,Rajasthan,Mobile,35,Female,Referral
7669,2023-04-12,India,Delhi,Mobile,41,Male,Referral
7670,2023-05-04,India,Maharashtra,Mobile,49,Male,Referral
7671,2023-05-20,India,Odisha,Mobile,26,Male,Facebook Ads
7672,2023-04-13,India,Karnataka,Desktop,33,Male,Organic
7673,2023-05-26,India,Karnataka,Mobile,38,Male,Facebook Ads
7674,2023-03-15,India,West Bengal,Mobile,47,Female,Referral
7675,2023-04-18,India,Odisha,Mobile,20,Female,Facebook Ads
7676,2023-05-02,India,Uttar Pradesh,Mobile,50,Female,Referral
7677,2023-01-17,India,Odisha,Desktop,48,Female,Google Ads
7678,2023-03-12,India,Delhi,Mobile,31,Male,Organic
7679,2023-03-03,India,Tamil Nadu,Mobile,23,Male,Referral
7680,2023-02-10,India,Odisha,Mobile,22,Female,Facebook Ads
7681,2023-04-29,India,Uttar Pradesh,Mobile,46,Male,Facebook Ads
7682,2023-06-11,India,Telangana,Mobile,54,Female,Facebook Ads
7683,2023-02-14,India,Uttar Pradesh,Mobile,53,Male,Organic
7684,2023-02-27,India,Karnataka,Desktop,38,Male,Google Ads
7685,2023-06-28,India,Delhi,Mobile,29,Female,Organic
7686,2023-05-06,India,Tamil Nadu,Mobile,40,Female,Google Ads
7687,2023-06-11,India,Uttar Pradesh,Mobile,31,Female,Facebook Ads
7688,2023-02-13,India,Delhi,Desktop,59,Female,Organic
7689,2023-01-15,India,Telangana,Desktop,27,Female,Google Ads
7690,2023-03-19,India,Rajasthan,Desktop,44,Female,Facebook Ads
7691,2023-03-11,India,Rajasthan,Desktop,58,Female,Facebook Ads
7692,2023-06-27,India,Rajasthan,Desktop,19,Male,Organic
7693,2023-04-11,India,Telangana,Mobile,31,Female,Google Ads
7694,2023-06-09,India,Tamil Nadu,Desktop,24,Female,Facebook Ads
7695,2023-01-03,India,Maharashtra,Desktop,34,Female,Facebook Ads
7696,2023-03-27,India,Maharashtra,Mobile,37,Male,Facebook Ads
7697,2023-03-15,India,Delhi,Mobile,25,Male,Referral
7698,2023-02-20,India,Rajasthan,Desktop,37,Male,Google Ads
7699,2023-03-08,India,Karnataka,Desktop,53,Female,Google Ads
7700,2023-03-17,India,Tamil Nadu,Desktop,22,Male,Referral
7701,2023-04-03,India,Maharashtra,Desktop,30,Female,Facebook Ads
7702,2023-06-25,India,Odisha,Desktop,56,Female,Referral
7703,2023-05-25,India,West Bengal,Mobile,55,Male,Referral
7704,2023-01-07,India,Gujarat,Mobile,34,Female,Referral
7705,2023-01-13,India,Telangana,Mobile,23,Male,Google Ads
7706,2023-04-30,India,Telangana,Mobile,36,Male,Facebook Ads
7707,2023-03-07,India,Maharashtra,Mobile,42,Male,Facebook Ads
7708,2023-01-04,India,Telangana,Mobile,20,Male,Google Ads
7709,2023-05-18,India,Rajasthan,Mobile,58,Female,Google Ads
7710,2023-03-29,India,Gujarat,Desktop,45,Male,Referral
7711,2023-01-17,India,Karnataka,Mobile,43,Male,Referral
7712,2023-02-21,India,Odisha,Desktop,25,Female,Organic
7713,2023-05-14,India,Delhi,Desktop,32,Female,Organic
7714,2023-03-10,India,Gujarat,Mobile,18,Male,Google Ads
7715,2023-05-17,India,Karnataka,Mobile,57,Male,Referral
7716,2023-01-21,India,Telangana,Desktop,40,Male,Google Ads
7717,2023-01-24,India,Maharashtra,Desktop,53,Male,Referral
7718,2023-01-04,India,Uttar Pradesh,Mobile,59,Female,Referral
7719,2023-06-01,India,Delhi,Mobile,33,Male,Google Ads
7720,2023-01-03,India,Tamil Nadu,Mobile,21,Female,Google Ads
7721,2023-03-09,India,West Bengal,Mobile,25,Female,Facebook Ads
7722,2023-04-11,India,Maharashtra,Mobile,53,Female,Facebook Ads
7723,2023-06-17,India,Telangana,Mobile,27,Male,Organic
7724,2023-06-25,India,Maharashtra,Mobile,47,Male,Google Ads
7725,2023-02-23,India,Rajasthan,Desktop,53,Female,Organic
7726,2023-02-04,India,Telangana,Mobile,33,Male,Google Ads
7727,2023-02-25,India,Maharashtra,Desktop,47,Female,Google Ads
7728,2023-04-18,India,Gujarat,Desktop,27,Female,Google Ads
7729,2023-02-09,India,Gujarat,Desktop,28,Male,Facebook Ads
7730,2023-03-09,India,Odisha,Mobile,51,Male,Organic
7731,2023-02-15,India,Odisha,Mobile,33,Female,Google Ads
7732,2023-03-19,India,Delhi,Desktop,36,Female,Organic
7733,2023-05-21,India,Maharashtra,Desktop,21,Female,Organic
7734,2023-06-04,India,Odisha,Mobile,48,Male,Facebook Ads
7735,2023-01-06,India,Rajasthan,Mobile,52,Male,Facebook Ads
7736,2023-01-17,India,Karnataka,Desktop,51,Male,Google Ads
7737,2023-06-13,India,Odisha,Mobile,43,Female,Referral
7738,2023-04-09,India,Maharashtra,Mobile,56,Male,Organic
7739,2023-03-22,India,Gujarat,Desktop,23,Female,Facebook Ads
7740,2023-01-02,India,West Bengal,Mobile,50,Female,Organic
7741,2023-03-18,India,Uttar Pradesh,Mobile,44,Male,Referral
7742,2023-06-29,India,Tamil Nadu,Desktop,29,Female,Organic
7743,2023-03-07,India,Odisha,Mobile,25,Female,Google Ads
7744,2023-02-21,India,Tamil Nadu,Mobile,26,Female,Organic
7745,2023-04-02,India,Uttar Pradesh,Mobile,18,Male,Facebook Ads
7746,2023-06-20,India,Delhi,Mobile,22,Female,Google Ads
7747,2023-01-22,India,Gujarat,Desktop,24,Female,Google Ads
7748,2023-04-21,India,Gujarat,Mobile,35,Male,Referral
7749,2023-04-17,India,Uttar Pradesh,Mobile,57,Female,Google Ads
7750,2023-03-08,India,Maharashtra,Mobile,41,Male,Facebook Ads
7751,2023-05-20,India,Tamil Nadu,Mobile,43,Male,Referral
7752,2023-03-10,India,Tamil Nadu,Mobile,27,Female,Google Ads
7753,2023-03-25,India,Uttar Pradesh,Mobile,57,Female,Referral
7754,2023-04-13,India,Tamil Nadu,Mobile,29,Male,Organic
7755,2023-02-08,India,Maharashtra,Mobile,39,Female,Google Ads
7756,2023-01-13,India,Gujarat,Mobile,44,Female,Facebook Ads
7757,2023-02-10,India,Delhi,Desktop,20,Female,Facebook Ads
7758,2023-02-26,India,Rajasthan,Mobile,35,Female,Google Ads
7759,2023-01-12,India,Gujarat,Mobile,22,Male,Organic
7760,2023-01-13,India,Karnataka,Mobile,31,Male,Referral
7761,2023-04-30,India,Karnataka,Desktop,42,Female,Facebook Ads
7762,2023-04-07,India,Gujarat,Mobile,48,Male,Facebook Ads
7763,2023-02-26,India,Maharashtra,Desktop,38,Male,Referral
7764,2023-02-09,India,Rajasthan,Mobile,55,Male,Referral
7765,2023-04-28,India,Delhi,Desktop,37,Female,Facebook Ads
7766,2023-03-21,India,Tamil Nadu,Mobile,31,Male,Referral
7767,2023-05-08,India,Karnataka,Desktop,37,Male,Google Ads
7768,2023-06-22,India,Karnataka,Desktop,54,Male,Facebook Ads
7769,2023-02-04,India,Karnataka,Mobile,47,Male,Facebook Ads
7770,2023-01-03,India,Telangana,Mobile,58,Male,Facebook Ads
7771,2023-04-30,India,Maharashtra,Mobile,37,Female,Google Ads
7772,2023-01-05,India,Gujarat,Mobile,24,Female,Facebook Ads
7773,2023-01-11,India,Rajasthan,Desktop,22,Male,Referral
7774,2023-05-06,India,Gujarat,Mobile,48,Female,Facebook Ads
7775,2023-03-12,India,Telangana,Mobile,46,Male,Google Ads
7776,2023-04-27,India,Karnataka,Mobile,32,Female,Google Ads
7777,2023-05-18,India,Uttar Pradesh,Mobile,42,Female,Organic
7778,2023-04-16,India,Telangana,Desktop,30,Female,Facebook Ads
7779,2023-04-26,India,Maharashtra,Desktop,41,Female,Google Ads
7780,2023-06-11,India,Delhi,Mobile,32,Female,Organic
7781,2023-03-08,India,Tamil Nadu,Desktop,41,Female,Facebook Ads
7782,2023-01-31,India,West Bengal,Desktop,43,Female,Google Ads
7783,2023-03-16,India,Rajasthan,Mobile,36,Male,Google Ads
7784,2023-03-12,India,Telangana,Desktop,41,Male,Facebook Ads
7785,2023-03-07,India,Delhi,Mobile,36,Male,Facebook Ads
7786,2023-03-11,India,West Bengal,Mobile,59,Male,Organic
7787,2023-02-10,India,Delhi,Mobile,34,Male,Facebook Ads
7788,2023-06-09,India,Gujarat,Desktop,22,Female,Facebook Ads
7789,2023-01-20,India,Gujarat,Mobile,21,Female,Referral
7790,2023-06-27,India,Karnataka,Mobile,39,Female,Facebook Ads
7791,2023-06-02,India,Odisha,Mobile,27,Male,Google Ads
7792,2023-05-20,India,Tamil Nadu,Mobile,38,Female,Organic
7793,2023-02-08,India,Maharashtra,Desktop,42,Female,Organic
7794,2023-05-25,India,Maharashtra,Mobile,23,Male,Organic
7795,2023-02-14,India,Karnataka,Mobile,47,Male,Google Ads
7796,2023-05-19,India,Gujarat,Mobile,46,Female,Facebook Ads
7797,2023-03-11,India,Karnataka,Mobile,28,Female,Google Ads
7798,2023-05-05,India,Uttar Pradesh,Mobile,28,Female,Referral
7799,2023-05-31,India,Telangana,Mobile,44,Female,Organic
7800,2023-04-01,India,Telangana,Mobile,36,Male,Facebook Ads
7801,2023-03-11,India,Rajasthan,Mobile,39,Male,Facebook Ads
7802,2023-06-15,India,Gujarat,Mobile,45,Male,Organic
7803,2023-05-10,India,Odisha,Mobile,21,Female,Referral
7804,2023-03-25,India,Uttar Pradesh,Desktop,54,Female,Referral
7805,2023-03-30,India,Uttar Pradesh,Mobile,36,Male,Facebook Ads
7806,2023-03-20,India,Gujarat,Desktop,34,Female,Google Ads
7807,2023-04-23,India,Telangana,Mobile,57,Female,Organic
7808,2023-04-03,India,West Bengal,Mobile,53,Male,Google Ads
7809,2023-03-13,India,Telangana,Mobile,40,Male,Facebook Ads
7810,2023-06-14,India,Rajasthan,Mobile,45,Female,Organic
7811,2023-02-18,India,Rajasthan,Mobile,28,Male,Referral
7812,2023-02-21,India,Gujarat,Desktop,31,Female,Referral
7813,2023-02-02,India,Tamil Nadu,Mobile,30,Female,Referral
7814,2023-01-22,India,Tamil Nadu,Mobile,41,Female,Facebook Ads
7815,2023-04-24,India,Odisha,Mobile,33,Female,Referral
7816,2023-05-13,India,Tamil Nadu,Desktop,45,Female,Organic
7817,2023-01-18,India,Delhi,Desktop,47,Female,Organic
7818,2023-06-15,India,Delhi,Mobile,58,Male,Organic
7819,2023-04-28,India,Maharashtra,Mobile,56,Male,Organic
7820,2023-04-27,India,Delhi,Mobile,59,Female,Referral
7821,2023-02-06,India,West Bengal,Desktop,44,Female,Organic
7822,2023-03-05,India,West Bengal,Desktop,34,Female,Facebook Ads
7823,2023-05-18,India,West Bengal,Desktop,43,Male,Organic
7824,2023-03-20,India,Delhi,Mobile,24,Female,Referral
7825,2023-06-19,India,Odisha,Mobile,52,Male,Referral
7826,2023-05-03,India,Telangana,Desktop,32,Male,Google Ads
7827,2023-06-25,India,Gujarat,Desktop,33,Female,Organic
7828,2023-02-13,India,Karnataka,Desktop,38,Male,Referral
7829,2023-03-23,India,Maharashtra,Mobile,34,Male,Google Ads
7830,2023-03-28,India,Rajasthan,Mobile,43,Male,Facebook Ads
7831,2023-01-16,India,Uttar Pradesh,Mobile,52,Female,Organic
7832,2023-02-23,India,Rajasthan,Desktop,37,Male,Referral
7833,2023-04-12,India,Maharashtra,Mobile,37,Female,Referral
7834,2023-06-12,India,Rajasthan,Mobile,40,Male,Organic
7835,2023-04-08,India,Telangana,Mobile,22,Male,Google Ads
7836,2023-06-05,India,Rajasthan,Mobile,26,Male,Organic
7837,2023-01-02,India,Rajasthan,Mobile,40,Male,Facebook Ads
7838,2023-04-04,India,Telangana,Mobile,35,Male,Facebook Ads
7839,2023-05-21,India,Telangana,Mobile,46,Female,Organic
7840,2023-06-18,India,Delhi,Desktop,28,Female,Google Ads
7841,2023-02-28,India,Telangana,Desktop,25,Male,Facebook Ads
7842,2023-03-10,India,Karnataka,Mobile,44,Male,Organic
7843,2023-04-29,India,Tamil Nadu,Desktop,19,Male,Google Ads
7844,2023-04-02,India,Karnataka,Mobile,40,Male,Google Ads
7845,2023-02-14,India,Rajasthan,Desktop,38,Female,Referral
7846,2023-05-28,India,Karnataka,Desktop,27,Female,Facebook Ads
7847,2023-01-24,India,Maharashtra,Mobile,55,Male,Organic
7848,2023-04-01,India,Gujarat,Mobile,21,Female,Facebook Ads
7849,2023-04-04,India,Tamil Nadu,Mobile,38,Male,Google Ads
7850,2023-02-27,India,Gujarat,Desktop,54,Male,Referral
7851,2023-06-04,India,Uttar Pradesh,Mobile,29,Female,Facebook Ads
7852,2023-06-03,India,Karnataka,Mobile,31,Female,Organic
7853,2023-05-08,India,Gujarat,Mobile,37,Male,Facebook Ads
7854,2023-01-07,India,Telangana,Desktop,25,Male,Google Ads
7855,2023-06-19,India,Odisha,Desktop,44,Male,Referral
7856,2023-02-16,India,Odisha,Mobile,54,Female,Facebook Ads
7857,2023-02-22,India,Telangana,Desktop,58,Male,Google Ads
7858,2023-02-07,India,Gujarat,Desktop,38,Female,Google Ads
7859,2023-02-22,India,Rajasthan,Desktop,52,Male,Referral
7860,2023-05-23,India,Telangana,Mobile,56,Female,Google Ads
7861,2023-06-03,India,Tamil Nadu,Mobile,32,Female,Facebook Ads
7862,2023-02-17,India,West Bengal,Mobile,29,Female,Organic
7863,2023-04-05,India,Maharashtra,Mobile,51,Male,Referral
7864,2023-05-27,India,Rajasthan,Mobile,25,Male,Google Ads
7865,2023-05-17,India,Tamil Nadu,Mobile,54,Male,Facebook Ads
7866,2023-03-05,India,Gujarat,Mobile,47,Female,Referral
7867,2023-04-03,India,Rajasthan,Mobile,20,Female,Google Ads
7868,2023-05-05,India,Rajasthan,Mobile,47,Female,Facebook Ads
7869,2023-06-28,India,Gujarat,Mobile,46,Female,Google Ads
7870,2023-02-08,India,Telangana,Desktop,18,Female,Facebook Ads
7871,2023-01-04,India,Gujarat,Desktop,33,Female,Google Ads
7872,2023-05-06,India,Karnataka,Mobile,59,Female,Referral
7873,2023-01-03,India,Karnataka,Desktop,48,Male,Referral
7874,2023-03-05,India,Maharashtra,Mobile,27,Female,Referral
7875,2023-01-29,India,Odisha,Desktop,47,Female,Google Ads
7876,2023-04-26,India,Delhi,Mobile,43,Female,Google Ads
7877,2023-01-11,India,Maharashtra,Mobile,29,Female,Referral
7878,2023-04-07,India,Maharashtra,Mobile,57,Female,Referral
7879,2023-04-12,India,West Bengal,Mobile,22,Male,Organic
7880,2023-06-04,India,Delhi,Mobile,26,Female,Facebook Ads
7881,2023-01-21,India,Odisha,Mobile,28,Female,Organic
7882,2023-02-08,India,Rajasthan,Mobile,40,Female,Facebook Ads
7883,2023-04-12,India,Delhi,Desktop,34,Male,Google Ads
7884,2023-02-15,India,West Bengal,Mobile,30,Female,Facebook Ads
7885,2023-03-07,India,Uttar Pradesh,Mobile,34,Female,Facebook Ads
7886,2023-04-01,India,Maharashtra,Mobile,40,Male,Google Ads
7887,2023-06-13,India,Gujarat,Desktop,56,Female,Google Ads
7888,2023-04-21,India,Maharashtra,Mobile,26,Female,Google Ads
7889,2023-03-23,India,Telangana,Mobile,35,Male,Referral
7890,2023-05-03,India,West Bengal,Mobile,35,Male,Referral
7891,2023-04-09,India,Maharashtra,Mobile,47,Male,Facebook Ads
7892,2023-02-04,India,Maharashtra,Mobile,59,Female,Google Ads
7893,2023-06-08,India,Delhi,Mobile,43,Female,Referral
7894,2023-06-05,India,Delhi,Mobile,35,Female,Google Ads
7895,2023-04-13,India,Gujarat,Mobile,38,Female,Facebook Ads
7896,2023-05-09,India,Tamil Nadu,Mobile,58,Female,Referral
7897,2023-01-25,India,Telangana,Mobile,58,Male,Referral
7898,2023-02-12,India,Gujarat,Mobile,59,Female,Organic
7899,2023-03-25,India,Uttar Pradesh,Desktop,50,Male,Facebook Ads
7900,2023-02-20,India,Telangana,Mobile,31,Female,Referral
7901,2023-05-10,India,Delhi,Desktop,27,Male,Facebook Ads
7902,2023-05-06,India,Maharashtra,Mobile,45,Male,Facebook Ads
7903,2023-03-10,India,Rajasthan,Mobile,31,Female,Google Ads
7904,2023-01-09,India,Maharashtra,Desktop,36,Male,Facebook Ads
7905,2023-01-02,India,Odisha,Mobile,43,Female,Organic
7906,2023-06-11,India,Gujarat,Mobile,27,Female,Referral
7907,2023-06-08,India,Telangana,Mobile,34,Male,Facebook Ads
7908,2023-01-10,India,Rajasthan,Mobile,51,Male,Facebook Ads
7909,2023-04-24,India,Odisha,Desktop,31,Female,Google Ads
7910,2023-03-17,India,Uttar Pradesh,Mobile,43,Female,Google Ads
7911,2023-06-13,India,Maharashtra,Mobile,51,Female,Organic
7912,2023-03-26,India,Tamil Nadu,Desktop,36,Female,Facebook Ads
7913,2023-02-18,India,West Bengal,Desktop,41,Male,Facebook Ads
7914,2023-03-11,India,Odisha,Desktop,48,Female,Facebook Ads
7915,2023-06-26,India,Maharashtra,Mobile,57,Male,Facebook Ads
7916,2023-05-11,India,Maharashtra,Desktop,23,Female,Referral
7917,2023-05-13,India,Telangana,Desktop,37,Female,Facebook Ads
7918,2023-03-31,India,Telangana,Desktop,56,Female,Facebook Ads
7919,2023-01-26,India,Tamil Nadu,Desktop,51,Male,Referral
7920,2023-03-13,India,Odisha,Desktop,39,Male,Google Ads
7921,2023-01-05,India,Delhi,Mobile,24,Male,Organic
7922,2023-01-15,India,Telangana,Mobile,50,Female,Facebook Ads
7923,2023-05-03,India,West Bengal,Desktop,23,Female,Referral
7924,2023-05-24,India,Maharashtra,Mobile,33,Male,Facebook Ads
7925,2023-01-01,India,Maharashtra,Mobile,25,Female,Google Ads
7926,2023-05-24,India,Uttar Pradesh,Mobile,40,Male,Referral
7927,2023-06-14,India,Uttar Pradesh,Desktop,35,Male,Referral
7928,2023-01-03,India,Tamil Nadu,Mobile,31,Female,Referral
7929,2023-06-29,India,Odisha,Mobile,53,Male,Facebook Ads
7930,2023-02-16,India,Karnataka,Mobile,32,Female,Google Ads
7931,2023-04-05,India,Rajasthan,Mobile,22,Female,Organic
7932,2023-01-13,India,Telangana,Mobile,32,Male,Referral
7933,2023-04-30,India,Odisha,Mobile,28,Female,Facebook Ads
7934,2023-02-24,India,Maharashtra,Desktop,19,Male,Organic
7935,2023-05-29,India,Gujarat,Desktop,40,Male,Referral
7936,2023-03-07,India,Uttar Pradesh,Desktop,41,Male,Facebook Ads
7937,2023-06-04,India,Rajasthan,Mobile,35,Female,Organic
7938,2023-06-15,India,Telangana,Mobile,21,Male,Organic
7939,2023-03-31,India,Delhi,Mobile,32,Female,Referral
7940,2023-03-03,India,Delhi,Mobile,29,Male,Facebook Ads
7941,2023-04-12,India,Uttar Pradesh,Mobile,20,Female,Organic
7942,2023-06-23,India,Odisha,Desktop,49,Male,Google Ads
7943,2023-05-19,India,Telangana,Mobile,53,Male,Google Ads
7944,2023-01-08,India,Rajasthan,Mobile,38,Female,Organic
7945,2023-04-07,India,Maharashtra,Desktop,23,Male,Referral
7946,2023-04-27,India,Odisha,Mobile,19,Male,Referral
7947,2023-03-05,India,Uttar Pradesh,Desktop,26,Female,Referral
7948,2023-01-21,India,Tamil Nadu,Desktop,29,Female,Organic
7949,2023-04-25,India,Karnataka,Mobile,41,Male,Referral
7950,2023-03-26,India,Odisha,Mobile,31,Male,Referral
7951,2023-01-20,India,West Bengal,Desktop,58,Female,Google Ads
7952,2023-01-08,India,Telangana,Mobile,29,Male,Facebook Ads
7953,2023-02-27,India,Delhi,Mobile,44,Female,Google Ads
7954,2023-02-15,India,West Bengal,Desktop,27,Female,Organic
7955,2023-01-31,India,Odisha,Mobile,19,Male,Google Ads
7956,2023-04-03,India,Odisha,Mobile,48,Female,Facebook Ads
7957,2023-01-09,India,West Bengal,Mobile,45,Female,Google Ads
7958,2023-01-15,India,Tamil Nadu,Desktop,33,Male,Referral
7959,2023-04-04,India,West Bengal,Mobile,18,Male,Facebook Ads
7960,2023-06-03,India,Maharashtra,Mobile,39,Male,Organic
7961,2023-05-18,India,Rajasthan,Mobile,18,Male,Google Ads
7962,2023-01-29,India,West Bengal,Mobile,48,Female,Google Ads
7963,2023-03-21,India,West Bengal,Desktop,39,Female,Referral
7964,2023-02-05,India,Telangana,Desktop,51,Female,Facebook Ads
7965,2023-03-25,India,Rajasthan,Mobile,29,Male,Referral
7966,2023-04-19,India,Karnataka,Mobile,40,Female,Google Ads
7967,2023-04-28,India,West Bengal,Mobile,45,Male,Google Ads
7968,2023-02-06,India,West Bengal,Mobile,29,Female,Facebook Ads
7969,2023-03-27,India,Maharashtra,Mobile,44,Male,Google Ads
7970,2023-03-12,India,Delhi,Mobile,40,Male,Facebook Ads
7971,2023-05-31,India,Maharashtra,Mobile,18,Female,Organic
7972,2023-06-18,India,West Bengal,Mobile,19,Male,Google Ads
7973,2023-04-03,India,Telangana,Desktop,48,Female,Facebook Ads
7974,2023-03-21,India,Maharashtra,Desktop,19,Female,Facebook Ads
7975,2023-04-12,India,Telangana,Mobile,42,Female,Referral
7976,2023-06-05,India,Rajasthan,Mobile,55,Female,Google Ads
7977,2023-06-25,India,Telangana,Desktop,36,Male,Referral
7978,2023-06-15,India,Tamil Nadu,Desktop,45,Female,Facebook Ads
7979,2023-06-08,India,Gujarat,Mobile,23,Female,Organic
7980,2023-01-14,India,Rajasthan,Desktop,56,Female,Organic
7981,2023-04-27,India,Gujarat,Desktop,36,Male,Google Ads
7982,2023-03-14,India,West Bengal,Mobile,34,Female,Organic
7983,2023-04-01,India,West Bengal,Mobile,23,Male,Google Ads
7984,2023-03-31,India,Tamil Nadu,Mobile,32,Female,Google Ads
7985,2023-01-29,India,Odisha,Mobile,39,Female,Facebook Ads
7986,2023-06-28,India,Gujarat,Mobile,58,Female,Facebook Ads
7987,2023-02-18,India,Maharashtra,Desktop,51,Female,Facebook Ads
7988,2023-06-20,India,Tamil Nadu,Desktop,22,Female,Referral
7989,2023-03-13,India,Rajasthan,Mobile,40,Male,Facebook Ads
7990,2023-05-13,India,Karnataka,Mobile,22,Male,Google Ads
7991,2023-02-11,India,Maharashtra,Mobile,27,Female,Facebook Ads
7992,2023-05-15,India,Telangana,Mobile,21,Female,Referral
7993,2023-02-11,India,West Bengal,Mobile,29,Female,Facebook Ads
7994,2023-06-13,India,Rajasthan,Desktop,27,Male,Organic
7995,2023-04-15,India,Tamil Nadu,Mobile,47,Female,Google Ads
7996,2023-01-27,India,Gujarat,Mobile,41,Male,Organic
7997,2023-02-27,India,Gujarat,Mobile,22,Female,Organic
7998,2023-02-15,India,Uttar Pradesh,Mobile,30,Female,Referral
7999,2023-03-07,India,West Bengal,Mobile,53,Female,Organic
8000,2023-01-25,India,Maharashtra,Mobile,26,Male,Facebook Ads
8001,2023-03-14,India,Telangana,Mobile,35,Female,Google Ads
8002,2023-04-27,India,Telangana,Mobile,52,Male,Organic
8003,2023-06-04,India,West Bengal,Mobile,48,Female,Organic
8004,2023-05-09,India,Uttar Pradesh,Mobile,41,Male,Google Ads
8005,2023-03-28,India,Uttar Pradesh,Mobile,21,Male,Facebook Ads
8006,2023-03-15,India,Maharashtra,Desktop,58,Female,Organic
8007,2023-06-19,India,Uttar Pradesh,Mobile,43,Male,Google Ads
8008,2023-06-29,India,Tamil Nadu,Mobile,59,Female,Facebook Ads
8009,2023-06-02,India,Uttar Pradesh,Mobile,27,Female,Facebook Ads
8010,2023-05-05,India,Gujarat,Mobile,58,Female,Facebook Ads
8011,2023-03-08,India,Delhi,Desktop,59,Female,Referral
8012,2023-01-06,India,Odisha,Mobile,26,Male,Facebook Ads
8013,2023-05-05,India,Gujarat,Desktop,18,Female,Facebook Ads
8014,2023-02-27,India,Gujarat,Mobile,33,Male,Google Ads
8015,2023-03-11,India,Karnataka,Mobile,30,Female,Referral
8016,2023-02-22,India,Karnataka,Desktop,55,Male,Facebook Ads
8017,2023-03-07,India,West Bengal,Mobile,31,Female,Organic
8018,2023-02-27,India,Karnataka,Mobile,57,Male,Referral
8019,2023-03-23,India,West Bengal,Desktop,40,Female,Google Ads
8020,2023-03-28,India,Gujarat,Desktop,35,Female,Referral
8021,2023-01-02,India,Odisha,Mobile,45,Female,Organic
8022,2023-05-30,India,Maharashtra,Mobile,37,Male,Referral
8023,2023-02-06,India,Maharashtra,Mobile,18,Female,Organic
8024,2023-05-28,India,Delhi,Mobile,29,Female,Facebook Ads
8025,2023-04-13,India,Rajasthan,Mobile,44,Male,Facebook Ads
8026,2023-01-24,India,Maharashtra,Desktop,30,Male,Referral
8027,2023-04-22,India,Rajasthan,Mobile,21,Female,Referral
8028,2023-03-06,India,Uttar Pradesh,Desktop,42,Male,Google Ads
8029,2023-05-09,India,Telangana,Mobile,23,Male,Google Ads
8030,2023-04-27,India,Gujarat,Mobile,39,Female,Organic
8031,2023-04-26,India,Odisha,Desktop,55,Male,Facebook Ads
8032,2023-04-15,India,West Bengal,Mobile,53,Male,Referral
8033,2023-01-03,India,Rajasthan,Mobile,20,Male,Facebook Ads
8034,2023-02-15,India,Delhi,Mobile,32,Female,Referral
8035,2023-02-24,India,Maharashtra,Desktop,28,Male,Organic
8036,2023-03-16,India,Tamil Nadu,Mobile,51,Female,Facebook Ads
8037,2023-02-14,India,Maharashtra,Mobile,44,Female,Google Ads
8038,2023-06-03,India,Karnataka,Mobile,40,Male,Organic
8039,2023-03-18,India,Gujarat,Mobile,34,Female,Facebook Ads
8040,2023-01-24,India,Karnataka,Desktop,40,Female,Organic
8041,2023-02-04,India,Maharashtra,Mobile,51,Female,Referral
8042,2023-01-24,India,Tamil Nadu,Mobile,38,Female,Facebook Ads
8043,2023-01-28,India,Karnataka,Mobile,50,Male,Facebook Ads
8044,2023-01-16,India,Odisha,Desktop,22,Female,Facebook Ads
8045,2023-02-28,India,Karnataka,Desktop,34,Female,Google Ads
8046,2023-05-24,India,Tamil Nadu,Desktop,18,Female,Organic
8047,2023-01-15,India,Karnataka,Mobile,24,Male,Google Ads
8048,2023-01-11,India,Rajasthan,Mobile,20,Male,Google Ads
8049,2023-03-20,India,Uttar Pradesh,Mobile,43,Female,Organic
8050,2023-04-25,India,West Bengal,Desktop,33,Female,Organic
8051,2023-03-09,India,Maharashtra,Desktop,33,Male,Facebook Ads
8052,2023-02-12,India,Rajasthan,Desktop,58,Male,Facebook Ads
8053,2023-03-10,India,West Bengal,Mobile,31,Male,Organic
8054,2023-05-21,India,Uttar Pradesh,Mobile,43,Female,Facebook Ads
8055,2023-05-18,India,Rajasthan,Mobile,44,Male,Referral
8056,2023-03-16,India,Delhi,Desktop,34,Male,Facebook Ads
8057,2023-04-13,India,Rajasthan,Mobile,21,Female,Organic
8058,2023-02-10,India,Odisha,Desktop,34,Female,Google Ads
8059,2023-06-27,India,Tamil Nadu,Mobile,50,Male,Organic
8060,2023-02-28,India,Maharashtra,Mobile,47,Female,Organic
8061,2023-02-08,India,Gujarat,Mobile,38,Female,Google Ads
8062,2023-01-03,India,West Bengal,Mobile,34,Female,Referral
8063,2023-01-07,India,Karnataka,Mobile,28,Male,Facebook Ads
8064,2023-02-18,India,Maharashtra,Mobile,47,Female,Referral
8065,2023-01-26,India,Gujarat,Mobile,35,Female,Google Ads
8066,2023-06-10,India,Uttar Pradesh,Mobile,37,Female,Referral
8067,2023-04-11,India,Rajasthan,Desktop,51,Female,Google Ads
8068,2023-06-25,India,Gujarat,Desktop,58,Female,Organic
8069,2023-03-20,India,Delhi,Mobile,45,Female,Referral
8070,2023-01-02,India,Maharashtra,Mobile,26,Female,Facebook Ads
8071,2023-05-07,India,Maharashtra,Mobile,48,Female,Facebook Ads
8072,2023-06-09,India,Maharashtra,Desktop,33,Female,Google Ads
8073,2023-05-12,India,Tamil Nadu,Mobile,48,Male,Organic
8074,2023-01-20,India,Uttar Pradesh,Mobile,46,Female,Referral
8075,2023-04-27,India,Tamil Nadu,Desktop,30,Female,Referral
8076,2023-06-13,India,Maharashtra,Mobile,40,Female,Google Ads
8077,2023-02-01,India,Delhi,Desktop,31,Female,Referral
8078,2023-01-28,India,Karnataka,Mobile,56,Female,Facebook Ads
8079,2023-03-18,India,Delhi,Mobile,19,Female,Facebook Ads
8080,2023-01-01,India,West Bengal,Mobile,29,Male,Referral
8081,2023-02-25,India,Uttar Pradesh,Desktop,45,Female,Referral
8082,2023-02-04,India,Rajasthan,Desktop,49,Female,Organic
8083,2023-04-22,India,Maharashtra,Mobile,41,Male,Organic
8084,2023-01-30,India,Gujarat,Mobile,54,Male,Referral
8085,2023-02-23,India,Karnataka,Mobile,46,Male,Referral
8086,2023-02-05,India,Rajasthan,Desktop,59,Female,Google Ads
8087,2023-03-21,India,Telangana,Mobile,35,Female,Organic
8088,2023-02-27,India,Delhi,Desktop,20,Female,Referral
8089,2023-03-24,India,Karnataka,Mobile,30,Female,Google Ads
8090,2023-03-06,India,Telangana,Mobile,30,Female,Organic
8091,2023-03-10,India,Tamil Nadu,Mobile,59,Female,Google Ads
8092,2023-05-08,India,Telangana,Desktop,46,Male,Referral
8093,2023-02-20,India,Rajasthan,Desktop,19,Female,Facebook Ads
8094,2023-01-22,India,Uttar Pradesh,Mobile,45,Female,Facebook Ads
8095,2023-04-17,India,Delhi,Mobile,21,Male,Facebook Ads
8096,2023-04-19,India,Karnataka,Mobile,22,Female,Facebook Ads
8097,2023-04-26,India,Telangana,Mobile,56,Male,Referral
8098,2023-04-11,India,Delhi,Desktop,58,Male,Facebook Ads
8099,2023-04-10,India,Karnataka,Mobile,22,Male,Facebook Ads
8100,2023-06-13,India,Karnataka,Desktop,25,Male,Referral
8101,2023-03-09,India,Rajasthan,Desktop,51,Female,Organic
8102,2023-02-05,India,Delhi,Desktop,42,Female,Organic
8103,2023-06-29,India,Rajasthan,Desktop,44,Female,Organic
8104,2023-06-27,India,Telangana,Mobile,24,Female,Google Ads
8105,2023-06-18,India,West Bengal,Desktop,53,Female,Organic
8106,2023-05-26,India,Uttar Pradesh,Mobile,49,Female,Referral
8107,2023-01-22,India,West Bengal,Mobile,38,Male,Organic
8108,2023-03-07,India,Odisha,Desktop,35,Male,Google Ads
8109,2023-01-21,India,Maharashtra,Mobile,19,Male,Google Ads
8110,2023-04-10,India,West Bengal,Desktop,59,Male,Facebook Ads
8111,2023-05-08,India,Tamil Nadu,Desktop,22,Male,Referral
8112,2023-02-13,India,Uttar Pradesh,Desktop,59,Female,Organic
8113,2023-04-13,India,Maharashtra,Mobile,55,Female,Organic
8114,2023-02-16,India,Telangana,Mobile,45,Male,Referral
8115,2023-02-08,India,Rajasthan,Mobile,48,Male,Referral
8116,2023-01-29,India,Tamil Nadu,Desktop,41,Female,Referral
8117,2023-02-23,India,Maharashtra,Mobile,50,Female,Referral
8118,2023-03-31,India,Maharashtra,Mobile,56,Female,Referral
8119,2023-03-26,India,Karnataka,Mobile,29,Female,Referral
8120,2023-01-17,India,Odisha,Mobile,56,Female,Referral
8121,2023-03-21,India,Rajasthan,Mobile,26,Male,Google Ads
8122,2023-06-08,India,Telangana,Mobile,32,Male,Facebook Ads
8123,2023-03-14,India,Delhi,Mobile,40,Male,Organic
8124,2023-02-18,India,West Bengal,Desktop,39,Female,Google Ads
8125,2023-04-11,India,Uttar Pradesh,Mobile,53,Male,Google Ads
8126,2023-01-02,India,Odisha,Mobile,27,Male,Organic
8127,2023-06-25,India,Karnataka,Mobile,45,Male,Google Ads
8128,2023-05-22,India,Karnataka,Desktop,52,Female,Referral
8129,2023-02-28,India,Maharashtra,Mobile,46,Female,Google Ads
8130,2023-04-07,India,Gujarat,Mobile,22,Female,Organic
8131,2023-04-09,India,West Bengal,Mobile,21,Female,Facebook Ads
8132,2023-04-13,India,Odisha,Mobile,32,Male,Organic
8133,2023-06-28,India,Maharashtra,Mobile,47,Male,Facebook Ads
8134,2023-01-02,India,Odisha,Mobile,43,Female,Referral
8135,2023-02-10,India,Tamil Nadu,Desktop,40,Female,Google Ads
8136,2023-05-03,India,Rajasthan,Mobile,56,Female,Organic
8137,2023-03-23,India,Uttar Pradesh,Mobile,46,Male,Organic
8138,2023-05-24,India,West Bengal,Mobile,39,Female,Facebook Ads
8139,2023-05-12,India,Karnataka,Mobile,52,Male,Google Ads
8140,2023-05-20,India,Gujarat,Desktop,35,Female,Organic
8141,2023-01-29,India,Telangana,Mobile,52,Female,Organic
8142,2023-05-15,India,Delhi,Desktop,50,Female,Google Ads
8143,2023-01-14,India,Rajasthan,Desktop,24,Male,Referral
8144,2023-01-12,India,West Bengal,Mobile,51,Female,Facebook Ads
8145,2023-04-09,India,Tamil Nadu,Desktop,27,Male,Organic
8146,2023-05-13,India,West Bengal,Mobile,41,Male,Google Ads
8147,2023-03-22,India,Telangana,Mobile,42,Female,Referral
8148,2023-04-16,India,Uttar Pradesh,Mobile,44,Male,Organic
8149,2023-02-01,India,Uttar Pradesh,Mobile,23,Female,Referral
8150,2023-03-15,India,Odisha,Mobile,25,Female,Organic
8151,2023-06-20,India,Maharashtra,Mobile,38,Female,Organic
8152,2023-03-22,India,Uttar Pradesh,Mobile,58,Female,Referral
8153,2023-03-10,India,Gujarat,Mobile,36,Male,Facebook Ads
8154,2023-02-14,India,Delhi,Mobile,51,Male,Referral
8155,2023-04-16,India,Tamil Nadu,Mobile,56,Female,Google Ads
8156,2023-05-17,India,Telangana,Mobile,40,Female,Organic
8157,2023-06-26,India,Karnataka,Mobile,30,Male,Referral
8158,2023-06-10,India,Uttar Pradesh,Mobile,59,Male,Referral
8159,2023-04-10,India,Karnataka,Mobile,56,Male,Organic
8160,2023-05-26,India,Uttar Pradesh,Mobile,45,Male,Organic
8161,2023-01-09,India,Gujarat,Mobile,23,Female,Referral
8162,2023-03-03,India,Karnataka,Mobile,29,Male,Facebook Ads
8163,2023-01-29,India,Maharashtra,Desktop,20,Male,Organic
8164,2023-05-05,India,Tamil Nadu,Mobile,37,Female,Referral
8165,2023-04-24,India,Delhi,Mobile,58,Female,Google Ads
8166,2023-06-02,India,Gujarat,Mobile,59,Male,Facebook Ads
8167,2023-05-23,India,Maharashtra,Mobile,25,Female,Google Ads
8168,2023-05-14,India,Delhi,Mobile,43,Male,Organic
8169,2023-04-30,India,Maharashtra,Mobile,55,Female,Organic
8170,2023-06-19,India,Maharashtra,Mobile,45,Male,Facebook Ads
8171,2023-06-06,India,Maharashtra,Mobile,52,Female,Organic
8172,2023-03-20,India,Odisha,Desktop,58,Male,Google Ads
8173,2023-04-03,India,Delhi,Mobile,58,Female,Referral
8174,2023-01-04,India,Maharashtra,Mobile,55,Male,Referral
8175,2023-03-23,India,Rajasthan,Desktop,19,Female,Google Ads
8176,2023-06-26,India,Rajasthan,Mobile,24,Female,Google Ads
8177,2023-06-21,India,Uttar Pradesh,Desktop,58,Female,Organic
8178,2023-03-16,India,Tamil Nadu,Mobile,42,Female,Organic
8179,2023-01-14,India,Karnataka,Mobile,49,Female,Facebook Ads
8180,2023-05-11,India,Uttar Pradesh,Mobile,29,Male,Referral
8181,2023-04-24,India,Odisha,Desktop,28,Female,Facebook Ads
8182,2023-03-03,India,Rajasthan,Mobile,27,Female,Google Ads
8183,2023-04-16,India,Delhi,Desktop,52,Male,Google Ads
8184,2023-03-05,India,Tamil Nadu,Mobile,21,Male,Facebook Ads
8185,2023-04-12,India,Tamil Nadu,Mobile,59,Female,Facebook Ads
8186,2023-06-22,India,Karnataka,Desktop,19,Female,Referral
8187,2023-04-16,India,Delhi,Mobile,45,Female,Google Ads
8188,2023-01-20,India,Telangana,Desktop,31,Male,Facebook Ads
8189,2023-02-27,India,Karnataka,Mobile,46,Female,Referral
8190,2023-04-22,India,Tamil Nadu,Desktop,19,Male,Organic
8191,2023-02-26,India,Odisha,Mobile,51,Male,Organic
8192,2023-04-29,India,Gujarat,Mobile,50,Male,Referral
8193,2023-04-07,India,Gujarat,Desktop,37,Female,Facebook Ads
8194,2023-04-02,India,Rajasthan,Mobile,47,Female,Referral
8195,2023-02-21,India,Tamil Nadu,Mobile,59,Female,Referral
8196,2023-02-06,India,Odisha,Mobile,43,Female,Facebook Ads
8197,2023-01-08,India,Karnataka,Mobile,37,Male,Organic
8198,2023-02-13,India,Odisha,Desktop,18,Female,Referral
8199,2023-04-08,India,West Bengal,Mobile,18,Male,Organic
8200,2023-05-13,India,Karnataka,Mobile,42,Female,Referral
8201,2023-04-28,India,Maharashtra,Mobile,50,Male,Google Ads
8202,2023-03-10,India,Karnataka,Desktop,40,Female,Facebook Ads
8203,2023-06-08,India,Rajasthan,Mobile,28,Female,Organic
8204,2023-02-14,India,Gujarat,Mobile,32,Male,Facebook Ads
8205,2023-05-17,India,Karnataka,Mobile,31,Female,Organic
8206,2023-02-01,India,Maharashtra,Mobile,18,Female,Organic
8207,2023-02-02,India,West Bengal,Desktop,50,Male,Facebook Ads
8208,2023-05-06,India,Odisha,Mobile,23,Male,Referral
8209,2023-03-08,India,Delhi,Mobile,40,Male,Referral
8210,2023-01-30,India,Gujarat,Mobile,43,Male,Google Ads
8211,2023-04-24,India,Odisha,Desktop,20,Female,Organic
8212,2023-01-29,India,West Bengal,Mobile,23,Female,Facebook Ads
8213,2023-05-11,India,Delhi,Mobile,57,Male,Organic
8214,2023-01-30,India,Tamil Nadu,Mobile,42,Female,Referral
8215,2023-05-17,India,Uttar Pradesh,Desktop,34,Female,Facebook Ads
8216,2023-06-03,India,Rajasthan,Mobile,45,Male,Facebook Ads
8217,2023-05-10,India,Odisha,Mobile,49,Male,Organic
8218,2023-03-03,India,Telangana,Mobile,46,Female,Google Ads
8219,2023-01-03,India,Delhi,Mobile,40,Female,Referral
8220,2023-06-23,India,Tamil Nadu,Desktop,58,Male,Referral
8221,2023-03-09,India,Telangana,Mobile,33,Male,Organic
8222,2023-01-25,India,Uttar Pradesh,Desktop,49,Male,Organic
8223,2023-06-28,India,Uttar Pradesh,Mobile,43,Female,Google Ads
8224,2023-05-21,India,Gujarat,Mobile,50,Male,Referral
8225,2023-02-13,India,Telangana,Mobile,36,Male,Google Ads
8226,2023-06-12,India,Gujarat,Desktop,58,Female,Facebook Ads
8227,2023-02-24,India,Gujarat,Mobile,34,Male,Facebook Ads
8228,2023-05-17,India,Gujarat,Desktop,55,Male,Google Ads
8229,2023-05-10,India,Gujarat,Mobile,31,Male,Google Ads
8230,2023-02-10,India,Tamil Nadu,Mobile,35,Female,Organic
8231,2023-06-21,India,Rajasthan,Desktop,38,Female,Referral
8232,2023-03-05,India,Karnataka,Desktop,56,Male,Referral
8233,2023-01-31,India,Tamil Nadu,Mobile,59,Female,Referral
8234,2023-02-16,India,West Bengal,Mobile,56,Male,Google Ads
8235,2023-05-10,India,Gujarat,Mobile,45,Female,Organic
8236,2023-04-06,India,Delhi,Mobile,37,Female,Organic
8237,2023-03-18,India,Delhi,Mobile,23,Male,Organic
8238,2023-04-20,India,Telangana,Mobile,43,Male,Google Ads
8239,2023-03-10,India,Telangana,Mobile,23,Female,Google Ads
8240,2023-02-27,India,West Bengal,Mobile,56,Female,Organic
8241,2023-04-16,India,Tamil Nadu,Desktop,43,Female,Google Ads
8242,2023-02-13,India,Delhi,Mobile,34,Female,Facebook Ads
8243,2023-03-15,India,Maharashtra,Mobile,57,Male,Referral
8244,2023-02-25,India,Maharashtra,Desktop,19,Female,Referral
8245,2023-06-20,India,Karnataka,Mobile,38,Male,Referral
8246,2023-05-07,India,Maharashtra,Mobile,24,Male,Facebook Ads
8247,2023-06-11,India,Odisha,Mobile,37,Female,Organic
8248,2023-01-30,India,Gujarat,Mobile,20,Female,Referral
8249,2023-03-12,India,West Bengal,Desktop,53,Female,Google Ads
8250,2023-04-28,India,Telangana,Mobile,36,Male,Facebook Ads
8251,2023-02-24,India,Odisha,Mobile,47,Male,Organic
8252,2023-03-08,India,Rajasthan,Mobile,28,Female,Facebook Ads
8253,2023-05-21,India,Gujarat,Desktop,30,Female,Referral
8254,2023-01-03,India,Delhi,Mobile,50,Female,Organic
8255,2023-01-26,India,Gujarat,Mobile,55,Male,Referral
8256,2023-02-26,India,Telangana,Mobile,19,Male,Organic
8257,2023-05-06,India,Uttar Pradesh,Mobile,40,Female,Referral
8258,2023-06-01,India,Uttar Pradesh,Mobile,37,Male,Organic
8259,2023-02-22,India,Odisha,Mobile,47,Male,Facebook Ads
8260,2023-02-12,India,Tamil Nadu,Mobile,32,Male,Organic
8261,2023-02-18,India,Delhi,Mobile,19,Male,Organic
8262,2023-02-11,India,Telangana,Mobile,47,Female,Facebook Ads
8263,2023-01-11,India,Telangana,Mobile,42,Female,Organic
8264,2023-04-13,India,Telangana,Desktop,21,Female,Facebook Ads
8265,2023-04-08,India,Maharashtra,Mobile,18,Male,Referral
8266,2023-05-26,India,Telangana,Mobile,25,Female,Referral
8267,2023-03-26,India,Uttar Pradesh,Mobile,31,Female,Referral
8268,2023-04-10,India,Rajasthan,Mobile,28,Male,Organic
8269,2023-04-14,India,West Bengal,Mobile,41,Male,Google Ads
8270,2023-06-29,India,Gujarat,Desktop,41,Male,Google Ads
8271,2023-02-15,India,West Bengal,Mobile,49,Female,Referral
8272,2023-02-13,India,Uttar Pradesh,Desktop,42,Female,Facebook Ads
8273,2023-01-22,India,Uttar Pradesh,Desktop,45,Male,Organic
8274,2023-04-24,India,Rajasthan,Mobile,33,Female,Facebook Ads
8275,2023-05-05,India,Karnataka,Desktop,59,Female,Organic
8276,2023-05-04,India,Odisha,Mobile,56,Male,Facebook Ads
8277,2023-01-30,India,Maharashtra,Mobile,33,Male,Referral
8278,2023-01-08,India,Tamil Nadu,Mobile,53,Female,Google Ads
8279,2023-04-08,India,Telangana,Mobile,29,Female,Facebook Ads
8280,2023-02-26,India,Telangana,Desktop,29,Male,Referral
8281,2023-04-21,India,Rajasthan,Desktop,51,Male,Google Ads
8282,2023-03-14,India,Karnataka,Desktop,55,Male,Google Ads
8283,2023-04-25,India,Telangana,Mobile,37,Male,Google Ads
8284,2023-01-20,India,Maharashtra,Mobile,32,Female,Facebook Ads
8285,2023-01-25,India,Odisha,Mobile,39,Female,Facebook Ads
8286,2023-01-19,India,Maharashtra,Mobile,33,Female,Google Ads
8287,2023-01-05,India,Karnataka,Mobile,41,Female,Facebook Ads
8288,2023-03-16,India,Uttar Pradesh,Mobile,20,Female,Referral
8289,2023-05-08,India,Maharashtra,Mobile,18,Male,Organic
8290,2023-03-13,India,West Bengal,Mobile,55,Male,Google Ads
8291,2023-06-04,India,Maharashtra,Mobile,34,Male,Organic
8292,2023-02-09,India,Uttar Pradesh,Mobile,58,Male,Google Ads
8293,2023-01-26,India,Telangana,Desktop,38,Female,Organic
8294,2023-01-27,India,Gujarat,Mobile,30,Female,Google Ads
8295,2023-03-24,India,Gujarat,Mobile,19,Male,Referral
8296,2023-05-08,India,Gujarat,Desktop,19,Female,Google Ads
8297,2023-06-27,India,Telangana,Desktop,42,Male,Referral
8298,2023-06-19,India,Rajasthan,Desktop,45,Female,Google Ads
8299,2023-06-06,India,Odisha,Mobile,43,Female,Facebook Ads
8300,2023-06-16,India,Odisha,Mobile,52,Female,Organic
8301,2023-06-18,India,Telangana,Desktop,45,Female,Referral
8302,2023-02-02,India,Maharashtra,Desktop,50,Female,Google Ads
8303,2023-04-07,India,Tamil Nadu,Mobile,35,Female,Facebook Ads
8304,2023-04-21,India,Odisha,Mobile,31,Female,Google Ads
8305,2023-01-16,India,West Bengal,Mobile,58,Male,Organic
8306,2023-01-23,India,West Bengal,Mobile,26,Male,Google Ads
8307,2023-05-15,India,Delhi,Mobile,47,Female,Facebook Ads
8308,2023-01-26,India,West Bengal,Mobile,20,Male,Google Ads
8309,2023-04-06,India,Odisha,Desktop,51,Male,Google Ads
8310,2023-01-12,India,Tamil Nadu,Mobile,50,Male,Referral
8311,2023-03-13,India,Uttar Pradesh,Desktop,44,Male,Referral
8312,2023-05-13,India,Gujarat,Mobile,26,Male,Google Ads
8313,2023-04-16,India,Maharashtra,Mobile,30,Female,Google Ads
8314,2023-04-27,India,Uttar Pradesh,Mobile,47,Female,Facebook Ads
8315,2023-06-26,India,Tamil Nadu,Desktop,33,Female,Google Ads
8316,2023-01-26,India,Rajasthan,Mobile,59,Male,Organic
8317,2023-05-13,India,Gujarat,Mobile,43,Male,Referral
8318,2023-01-22,India,Delhi,Desktop,22,Female,Organic
8319,2023-01-13,India,Rajasthan,Mobile,44,Male,Google Ads
8320,2023-06-05,India,Odisha,Desktop,32,Female,Facebook Ads
8321,2023-06-10,India,Tamil Nadu,Desktop,45,Female,Organic
8322,2023-04-17,India,Gujarat,Desktop,20,Male,Google Ads
8323,2023-01-23,India,Delhi,Mobile,58,Male,Referral
8324,2023-04-07,India,Maharashtra,Mobile,18,Male,Google Ads
8325,2023-01-18,India,Maharashtra,Desktop,18,Female,Referral
8326,2023-04-27,India,Telangana,Mobile,23,Female,Facebook Ads
8327,2023-01-30,India,Odisha,Mobile,28,Female,Referral
8328,2023-01-26,India,West Bengal,Desktop,33,Female,Google Ads
8329,2023-05-24,India,Tamil Nadu,Mobile,50,Male,Facebook Ads
8330,2023-02-08,India,Delhi,Desktop,41,Female,Referral
8331,2023-06-10,India,Delhi,Desktop,49,Male,Referral
8332,2023-06-03,India,West Bengal,Desktop,27,Female,Organic
8333,2023-06-25,India,West Bengal,Mobile,42,Female,Referral
8334,2023-06-15,India,Rajasthan,Mobile,27,Female,Google Ads
8335,2023-05-10,India,Gujarat,Mobile,30,Female,Facebook Ads
8336,2023-04-23,India,Rajasthan,Mobile,18,Female,Google Ads
8337,2023-05-14,India,Karnataka,Mobile,52,Female,Referral
8338,2023-02-15,India,Karnataka,Mobile,31,Male,Google Ads
8339,2023-02-19,India,Odisha,Mobile,38,Female,Organic
8340,2023-06-15,India,Telangana,Mobile,55,Male,Google Ads
8341,2023-04-16,India,Tamil Nadu,Desktop,18,Male,Facebook Ads
8342,2023-05-26,India,Delhi,Mobile,37,Female,Facebook Ads
8343,2023-06-04,India,Gujarat,Mobile,22,Female,Referral
8344,2023-06-18,India,Maharashtra,Mobile,57,Female,Facebook Ads
8345,2023-03-13,India,Maharashtra,Desktop,49,Male,Google Ads
8346,2023-03-15,India,Uttar Pradesh,Mobile,18,Male,Referral
8347,2023-01-17,India,West Bengal,Mobile,58,Male,Google Ads
8348,2023-06-06,India,Odisha,Mobile,57,Male,Organic
8349,2023-03-11,India,Uttar Pradesh,Mobile,19,Female,Google Ads
8350,2023-05-30,India,Uttar Pradesh,Desktop,48,Male,Facebook Ads
8351,2023-01-06,India,Telangana,Desktop,43,Male,Facebook Ads
8352,2023-01-26,India,Tamil Nadu,Mobile,26,Male,Organic
8353,2023-06-16,India,Delhi,Desktop,47,Male,Referral
8354,2023-05-20,India,Gujarat,Desktop,25,Female,Facebook Ads
8355,2023-04-09,India,Maharashtra,Desktop,22,Female,Facebook Ads
8356,2023-05-22,India,Maharashtra,Mobile,56,Female,Facebook Ads
8357,2023-01-22,India,Maharashtra,Mobile,21,Female,Organic
8358,2023-02-20,India,Karnataka,Mobile,57,Female,Organic
8359,2023-05-31,India,Tamil Nadu,Mobile,53,Male,Facebook Ads
8360,2023-06-25,India,Odisha,Mobile,38,Male,Referral
8361,2023-04-14,India,Maharashtra,Desktop,50,Male,Facebook Ads
8362,2023-06-27,India,Telangana,Desktop,43,Male,Google Ads
8363,2023-03-30,India,Maharashtra,Desktop,57,Male,Google Ads
8364,2023-05-21,India,Odisha,Mobile,56,Female,Referral
8365,2023-05-18,India,Karnataka,Mobile,28,Male,Facebook Ads
8366,2023-01-09,India,Telangana,Mobile,38,Female,Referral
8367,2023-03-20,India,Uttar Pradesh,Mobile,39,Female,Google Ads
8368,2023-02-21,India,Odisha,Desktop,54,Female,Facebook Ads
8369,2023-05-10,India,Uttar Pradesh,Mobile,24,Male,Facebook Ads
8370,2023-06-02,India,West Bengal,Desktop,59,Male,Google Ads
8371,2023-01-13,India,Rajasthan,Mobile,30,Male,Referral
8372,2023-02-20,India,Maharashtra,Mobile,37,Female,Referral
8373,2023-02-03,India,Odisha,Mobile,32,Female,Organic
8374,2023-02-04,India,Rajasthan,Mobile,55,Male,Organic
8375,2023-05-11,India,Gujarat,Mobile,51,Female,Organic
8376,2023-04-30,India,Telangana,Mobile,53,Female,Referral
8377,2023-03-11,India,Tamil Nadu,Mobile,42,Female,Facebook Ads
8378,2023-06-25,India,West Bengal,Desktop,46,Male,Facebook Ads
8379,2023-05-27,India,Gujarat,Desktop,45,Female,Organic
8380,2023-03-08,India,Gujarat,Desktop,31,Male,Referral
8381,2023-04-13,India,West Bengal,Desktop,21,Male,Organic
8382,2023-03-14,India,Uttar Pradesh,Desktop,55,Female,Referral
8383,2023-04-26,India,Odisha,Mobile,24,Female,Referral
8384,2023-05-13,India,Delhi,Mobile,30,Female,Organic
8385,2023-03-08,India,Maharashtra,Mobile,34,Male,Facebook Ads
8386,2023-05-19,India,Telangana,Desktop,46,Male,Facebook Ads
8387,2023-05-01,India,Karnataka,Mobile,34,Female,Referral
8388,2023-04-04,India,Odisha,Mobile,53,Female,Google Ads
8389,2023-05-09,India,Maharashtra,Desktop,36,Male,Google Ads
8390,2023-04-01,India,Odisha,Mobile,43,Female,Google Ads
8391,2023-04-02,India,Gujarat,Desktop,26,Male,Organic
8392,2023-03-04,India,Delhi,Desktop,19,Female,Facebook Ads
8393,2023-01-29,India,Karnataka,Mobile,37,Female,Google Ads
8394,2023-01-12,India,Odisha,Mobile,40,Female,Google Ads
8395,2023-03-18,India,Maharashtra,Desktop,35,Male,Google Ads
8396,2023-02-10,India,Karnataka,Mobile,43,Female,Google Ads
8397,2023-05-10,India,Karnataka,Desktop,42,Female,Organic
8398,2023-02-06,India,Tamil Nadu,Desktop,34,Male,Facebook Ads
8399,2023-06-22,India,Telangana,Mobile,56,Male,Facebook Ads
8400,2023-06-25,India,Gujarat,Mobile,27,Male,Facebook Ads
8401,2023-01-24,India,Tamil Nadu,Mobile,42,Male,Google Ads
8402,2023-04-09,India,Maharashtra,Mobile,45,Male,Referral
8403,2023-05-30,India,Maharashtra,Mobile,43,Male,Organic
8404,2023-04-10,India,Uttar Pradesh,Desktop,29,Male,Organic
8405,2023-05-19,India,Odisha,Mobile,36,Male,Organic
8406,2023-02-27,India,Odisha,Desktop,40,Female,Facebook Ads
8407,2023-06-23,India,Uttar Pradesh,Mobile,31,Female,Facebook Ads
8408,2023-01-29,India,Rajasthan,Mobile,34,Female,Organic
8409,2023-06-12,India,West Bengal,Mobile,32,Female,Google Ads
8410,2023-05-23,India,Odisha,Desktop,38,Male,Referral
8411,2023-03-01,India,West Bengal,Mobile,55,Male,Facebook Ads
8412,2023-04-05,India,Odisha,Mobile,47,Male,Facebook Ads
8413,2023-02-11,India,Telangana,Desktop,36,Male,Google Ads
8414,2023-02-12,India,Rajasthan,Mobile,49,Male,Google Ads
8415,2023-03-15,India,Delhi,Mobile,46,Female,Facebook Ads
8416,2023-06-26,India,Rajasthan,Mobile,39,Female,Google Ads
8417,2023-06-09,India,Maharashtra,Desktop,37,Male,Google Ads
8418,2023-03-05,India,Uttar Pradesh,Mobile,55,Female,Google Ads
8419,2023-01-02,India,Maharashtra,Mobile,55,Male,Referral
8420,2023-06-01,India,Delhi,Mobile,53,Male,Referral
8421,2023-03-07,India,Tamil Nadu,Desktop,18,Female,Referral
8422,2023-06-15,India,Maharashtra,Mobile,36,Female,Google Ads
8423,2023-01-31,India,Maharashtra,Mobile,43,Male,Google Ads
8424,2023-04-25,India,Maharashtra,Mobile,24,Female,Referral
8425,2023-01-26,India,Karnataka,Mobile,51,Male,Referral
8426,2023-01-29,India,West Bengal,Desktop,53,Male,Organic
8427,2023-03-19,India,Rajasthan,Mobile,23,Female,Facebook Ads
8428,2023-01-25,India,Tamil Nadu,Desktop,54,Male,Referral
8429,2023-02-17,India,Rajasthan,Desktop,39,Male,Organic
8430,2023-03-06,India,Telangana,Desktop,26,Female,Organic
8431,2023-03-08,India,West Bengal,Mobile,46,Male,Referral
8432,2023-03-31,India,Tamil Nadu,Desktop,34,Male,Organic
8433,2023-05-26,India,Telangana,Mobile,30,Female,Referral
8434,2023-05-17,India,Gujarat,Desktop,34,Female,Facebook Ads
8435,2023-02-07,India,Karnataka,Mobile,27,Female,Facebook Ads
8436,2023-03-28,India,Maharashtra,Desktop,42,Male,Facebook Ads
8437,2023-05-29,India,Karnataka,Mobile,35,Male,Referral
8438,2023-03-06,India,Rajasthan,Desktop,32,Female,Organic
8439,2023-05-29,India,Tamil Nadu,Desktop,44,Female,Referral
8440,2023-01-27,India,Telangana,Desktop,36,Male,Facebook Ads
8441,2023-04-16,India,Delhi,Desktop,32,Female,Organic
8442,2023-05-03,India,Telangana,Mobile,24,Male,Google Ads
8443,2023-02-13,India,Karnataka,Mobile,57,Male,Facebook Ads
8444,2023-04-10,India,Maharashtra,Desktop,33,Female,Referral
8445,2023-01-28,India,Delhi,Mobile,41,Male,Referral
8446,2023-06-22,India,Rajasthan,Mobile,40,Female,Referral
8447,2023-01-17,India,Delhi,Mobile,28,Male,Google Ads
8448,2023-05-07,India,West Bengal,Mobile,41,Male,Organic
8449,2023-05-03,India,Gujarat,Mobile,22,Male,Referral
8450,2023-06-17,India,Maharashtra,Mobile,56,Female,Referral
8451,2023-05-11,India,Karnataka,Mobile,47,Male,Referral
8452,2023-03-17,India,Tamil Nadu,Mobile,33,Male,Facebook Ads
8453,2023-02-15,India,Uttar Pradesh,Mobile,37,Female,Facebook Ads
8454,2023-06-07,India,Delhi,Mobile,46,Female,Google Ads
8455,2023-03-10,India,Odisha,Mobile,34,Male,Organic
8456,2023-05-17,India,Uttar Pradesh,Mobile,36,Female,Organic
8457,2023-03-26,India,Rajasthan,Desktop,43,Male,Referral
8458,2023-01-11,India,Odisha,Mobile,32,Male,Referral
8459,2023-03-10,India,Odisha,Desktop,42,Male,Facebook Ads
8460,2023-04-09,India,Odisha,Desktop,32,Male,Facebook Ads
8461,2023-04-01,India,Telangana,Mobile,37,Male,Facebook Ads
8462,2023-06-08,India,Uttar Pradesh,Mobile,47,Male,Facebook Ads
8463,2023-06-10,India,Rajasthan,Mobile,38,Female,Referral
8464,2023-06-16,India,Karnataka,Mobile,52,Male,Facebook Ads
8465,2023-04-04,India,Gujarat,Mobile,23,Male,Organic
8466,2023-06-23,India,Rajasthan,Mobile,54,Female,Facebook Ads
8467,2023-06-14,India,Karnataka,Mobile,28,Male,Google Ads
8468,2023-04-25,India,Karnataka,Mobile,40,Male,Facebook Ads
8469,2023-01-31,India,Odisha,Desktop,56,Male,Referral
8470,2023-01-11,India,Maharashtra,Mobile,26,Male,Referral
8471,2023-03-28,India,Uttar Pradesh,Desktop,35,Female,Referral
8472,2023-05-01,India,Karnataka,Mobile,53,Male,Facebook Ads
8473,2023-05-10,India,Uttar Pradesh,Mobile,57,Female,Organic
8474,2023-04-15,India,West Bengal,Mobile,53,Female,Referral
8475,2023-01-27,India,Telangana,Desktop,45,Female,Organic
8476,2023-01-02,India,Gujarat,Mobile,36,Male,Referral
8477,2023-04-13,India,West Bengal,Mobile,47,Male,Referral
8478,2023-04-11,India,Karnataka,Desktop,55,Female,Organic
8479,2023-01-21,India,Rajasthan,Mobile,32,Female,Google Ads
8480,2023-02-27,India,Uttar Pradesh,Mobile,29,Male,Referral
8481,2023-05-13,India,West Bengal,Desktop,19,Male,Organic
8482,2023-06-29,India,Uttar Pradesh,Desktop,26,Male,Referral
8483,2023-06-22,India,Telangana,Mobile,52,Male,Facebook Ads
8484,2023-03-26,India,Rajasthan,Mobile,18,Male,Organic
8485,2023-04-03,India,West Bengal,Desktop,48,Female,Referral
8486,2023-01-20,India,Uttar Pradesh,Desktop,45,Female,Google Ads
8487,2023-03-02,India,Rajasthan,Mobile,54,Female,Facebook Ads
8488,2023-02-07,India,Odisha,Desktop,24,Male,Referral
8489,2023-05-28,India,Delhi,Mobile,33,Female,Facebook Ads
8490,2023-01-25,India,Odisha,Mobile,31,Male,Google Ads
8491,2023-05-10,India,Gujarat,Mobile,50,Female,Organic
8492,2023-05-01,India,Karnataka,Mobile,23,Male,Referral
8493,2023-06-09,India,Maharashtra,Mobile,38,Female,Organic
8494,2023-01-26,India,Delhi,Mobile,27,Female,Referral
8495,2023-06-18,India,Karnataka,Mobile,49,Male,Referral
8496,2023-03-08,India,West Bengal,Mobile,23,Male,Organic
8497,2023-01-01,India,Gujarat,Mobile,19,Female,Organic
8498,2023-02-20,India,Telangana,Desktop,56,Female,Referral
8499,2023-01-05,India,Gujarat,Desktop,44,Male,Google Ads
8500,2023-01-13,India,Uttar Pradesh,Mobile,31,Male,Google Ads
8501,2023-05-27,India,Gujarat,Desktop,40,Male,Referral
8502,2023-05-20,India,West Bengal,Mobile,56,Female,Organic
8503,2023-02-17,India,Telangana,Mobile,38,Female,Google Ads
8504,2023-06-02,India,Telangana,Desktop,58,Male,Referral
8505,2023-02-26,India,Tamil Nadu,Mobile,47,Female,Facebook Ads
8506,2023-04-25,India,Gujarat,Mobile,42,Male,Referral
8507,2023-02-04,India,Odisha,Mobile,41,Female,Organic
8508,2023-03-17,India,Tamil Nadu,Mobile,28,Male,Referral
8509,2023-04-04,India,Tamil Nadu,Mobile,52,Male,Facebook Ads
8510,2023-01-05,India,West Bengal,Desktop,21,Female,Facebook Ads
8511,2023-01-22,India,Delhi,Mobile,54,Male,Referral
8512,2023-04-13,India,Odisha,Desktop,53,Male,Facebook Ads
8513,2023-06-24,India,Telangana,Desktop,30,Female,Referral
8514,2023-05-11,India,Gujarat,Mobile,26,Female,Organic
8515,2023-05-04,India,Tamil Nadu,Mobile,45,Female,Organic
8516,2023-02-22,India,Karnataka,Mobile,33,Female,Organic
8517,2023-06-08,India,Karnataka,Mobile,23,Male,Google Ads
8518,2023-03-10,India,Tamil Nadu,Mobile,44,Male,Referral
8519,2023-04-14,India,Uttar Pradesh,Desktop,27,Male,Organic
8520,2023-06-10,India,Gujarat,Desktop,40,Male,Referral
8521,2023-06-27,India,West Bengal,Mobile,38,Male,Facebook Ads
8522,2023-01-16,India,Telangana,Mobile,43,Female,Organic
8523,2023-04-26,India,Tamil Nadu,Mobile,20,Female,Google Ads
8524,2023-03-17,India,Odisha,Mobile,52,Male,Organic
8525,2023-04-19,India,Tamil Nadu,Desktop,24,Female,Google Ads
8526,2023-02-08,India,Rajasthan,Desktop,44,Female,Facebook Ads
8527,2023-03-30,India,Telangana,Mobile,59,Female,Referral
8528,2023-06-23,India,Delhi,Mobile,50,Female,Facebook Ads
8529,2023-04-22,India,Telangana,Mobile,21,Female,Facebook Ads
8530,2023-02-16,India,Odisha,Mobile,43,Male,Facebook Ads
8531,2023-06-21,India,Rajasthan,Mobile,25,Female,Facebook Ads
8532,2023-05-17,India,Delhi,Mobile,37,Male,Facebook Ads
8533,2023-05-08,India,Maharashtra,Mobile,34,Male,Referral
8534,2023-06-27,India,Odisha,Mobile,22,Male,Google Ads
8535,2023-03-18,India,Karnataka,Mobile,26,Male,Facebook Ads
8536,2023-01-15,India,Uttar Pradesh,Mobile,25,Male,Organic
8537,2023-02-05,India,Telangana,Mobile,24,Female,Google Ads
8538,2023-03-04,India,Maharashtra,Mobile,54,Male,Google Ads
8539,2023-03-10,India,Rajasthan,Mobile,53,Male,Organic
8540,2023-06-18,India,Maharashtra,Mobile,20,Male,Organic
8541,2023-03-15,India,West Bengal,Desktop,25,Female,Organic
8542,2023-01-24,India,Gujarat,Mobile,22,Female,Organic
8543,2023-02-18,India,Telangana,Mobile,22,Female,Organic
8544,2023-05-26,India,Gujarat,Desktop,34,Female,Facebook Ads
8545,2023-01-07,India,Karnataka,Mobile,44,Male,Google Ads
8546,2023-01-04,India,Maharashtra,Desktop,57,Male,Organic
8547,2023-03-31,India,Rajasthan,Mobile,56,Male,Organic
8548,2023-03-01,India,Karnataka,Mobile,29,Male,Referral
8549,2023-02-24,India,Gujarat,Mobile,45,Male,Google Ads
8550,2023-01-16,India,Maharashtra,Mobile,21,Female,Google Ads
8551,2023-01-29,India,Karnataka,Mobile,45,Male,Facebook Ads
8552,2023-05-31,India,Odisha,Mobile,42,Female,Google Ads
8553,2023-01-14,India,Tamil Nadu,Desktop,53,Male,Organic
8554,2023-03-20,India,Uttar Pradesh,Mobile,59,Female,Referral
8555,2023-06-26,India,Delhi,Mobile,20,Female,Google Ads
8556,2023-02-02,India,Odisha,Mobile,48,Female,Referral
8557,2023-06-02,India,Karnataka,Desktop,54,Male,Organic
8558,2023-01-21,India,Rajasthan,Desktop,29,Female,Referral
8559,2023-05-25,India,West Bengal,Desktop,54,Male,Google Ads
8560,2023-01-23,India,Tamil Nadu,Mobile,54,Male,Google Ads
8561,2023-02-26,India,Delhi,Mobile,21,Female,Facebook Ads
8562,2023-05-22,India,Odisha,Mobile,47,Female,Organic
8563,2023-04-03,India,West Bengal,Mobile,55,Female,Facebook Ads
8564,2023-01-20,India,West Bengal,Desktop,59,Female,Facebook Ads
8565,2023-06-07,India,West Bengal,Desktop,55,Male,Organic
8566,2023-01-19,India,Tamil Nadu,Mobile,44,Male,Google Ads
8567,2023-04-13,India,Maharashtra,Mobile,39,Male,Referral
8568,2023-03-18,India,Odisha,Mobile,18,Female,Facebook Ads
8569,2023-05-31,India,Maharashtra,Mobile,55,Female,Google Ads
8570,2023-02-02,India,Telangana,Mobile,37,Female,Google Ads
8571,2023-01-18,India,Tamil Nadu,Mobile,35,Female,Facebook Ads
8572,2023-03-14,India,West Bengal,Desktop,23,Male,Facebook Ads
8573,2023-06-10,India,West Bengal,Mobile,29,Male,Facebook Ads
8574,2023-06-09,India,Tamil Nadu,Desktop,34,Male,Google Ads
8575,2023-01-17,India,Telangana,Mobile,39,Female,Organic
8576,2023-01-19,India,Uttar Pradesh,Mobile,35,Female,Organic
8577,2023-03-11,India,Rajasthan,Mobile,27,Female,Facebook Ads
8578,2023-04-30,India,Uttar Pradesh,Mobile,41,Female,Referral
8579,2023-04-11,India,Maharashtra,Mobile,37,Female,Google Ads
8580,2023-02-03,India,Tamil Nadu,Mobile,29,Male,Referral
8581,2023-03-25,India,Rajasthan,Mobile,21,Female,Facebook Ads
8582,2023-06-02,India,Uttar Pradesh,Desktop,59,Male,Google Ads
8583,2023-03-15,India,Maharashtra,Mobile,22,Female,Organic
8584,2023-03-29,India,Karnataka,Desktop,43,Male,Organic
8585,2023-03-26,India,Gujarat,Mobile,53,Female,Referral
8586,2023-01-11,India,Rajasthan,Mobile,33,Female,Facebook Ads
8587,2023-04-01,India,Delhi,Mobile,22,Male,Referral
8588,2023-05-24,India,Rajasthan,Desktop,43,Female,Facebook Ads
8589,2023-05-07,India,Maharashtra,Mobile,36,Female,Organic
8590,2023-04-23,India,West Bengal,Mobile,23,Female,Google Ads
8591,2023-03-21,India,Maharashtra,Mobile,41,Male,Organic
8592,2023-01-07,India,Odisha,Mobile,48,Female,Referral
8593,2023-01-16,India,West Bengal,Desktop,48,Female,Google Ads
8594,2023-01-16,India,Maharashtra,Mobile,24,Female,Facebook Ads
8595,2023-06-17,India,Uttar Pradesh,Mobile,27,Female,Organic
8596,2023-01-12,India,Gujarat,Desktop,56,Female,Facebook Ads
8597,2023-02-04,India,Maharashtra,Mobile,39,Male,Organic
8598,2023-01-21,India,Uttar Pradesh,Mobile,31,Male,Facebook Ads
8599,2023-06-27,India,Delhi,Mobile,45,Male,Organic
8600,2023-06-20,India,Odisha,Desktop,59,Male,Organic
8601,2023-01-17,India,Karnataka,Desktop,39,Female,Facebook Ads
8602,2023-02-01,India,Odisha,Mobile,49,Female,Organic
8603,2023-02-10,India,West Bengal,Desktop,28,Male,Organic
8604,2023-05-14,India,Gujarat,Mobile,31,Male,Organic
8605,2023-01-27,India,Odisha,Mobile,48,Male,Referral
8606,2023-05-28,India,Rajasthan,Mobile,21,Male,Organic
8607,2023-06-02,India,Karnataka,Mobile,39,Male,Facebook Ads
8608,2023-03-07,India,West Bengal,Mobile,46,Female,Facebook Ads
8609,2023-05-17,India,Rajasthan,Desktop,52,Male,Referral
8610,2023-04-02,India,West Bengal,Mobile,30,Female,Organic
8611,2023-03-02,India,Rajasthan,Desktop,37,Female,Referral
8612,2023-06-15,India,Telangana,Mobile,36,Male,Referral
8613,2023-01-03,India,Gujarat,Mobile,32,Female,Organic
8614,2023-04-13,India,Uttar Pradesh,Mobile,43,Female,Facebook Ads
8615,2023-02-24,India,Odisha,Mobile,37,Female,Organic
8616,2023-01-01,India,Delhi,Desktop,53,Female,Referral
8617,2023-04-11,India,Rajasthan,Mobile,23,Male,Google Ads
8618,2023-02-14,India,Telangana,Desktop,32,Female,Referral
8619,2023-06-24,India,Gujarat,Desktop,21,Female,Facebook Ads
8620,2023-01-26,India,Delhi,Mobile,23,Male,Organic
8621,2023-05-01,India,Odisha,Mobile,19,Male,Google Ads
8622,2023-05-22,India,Telangana,Mobile,53,Male,Referral
8623,2023-02-15,India,Delhi,Mobile,32,Female,Referral
8624,2023-05-02,India,Karnataka,Mobile,29,Male,Referral
8625,2023-01-31,India,Tamil Nadu,Mobile,57,Female,Organic
8626,2023-02-28,India,West Bengal,Mobile,58,Male,Organic
8627,2023-01-29,India,West Bengal,Desktop,24,Female,Referral
8628,2023-04-16,India,Maharashtra,Mobile,39,Male,Organic
8629,2023-01-17,India,Karnataka,Mobile,25,Male,Google Ads
8630,2023-05-22,India,Tamil Nadu,Mobile,59,Female,Google Ads
8631,2023-06-13,India,Maharashtra,Desktop,28,Male,Facebook Ads
8632,2023-01-24,India,Delhi,Mobile,19,Male,Organic
8633,2023-04-19,India,Maharashtra,Mobile,47,Female,Organic
8634,2023-04-01,India,Rajasthan,Desktop,21,Male,Referral
8635,2023-01-25,India,Karnataka,Desktop,42,Male,Google Ads
8636,2023-02-01,India,Telangana,Desktop,38,Female,Organic
8637,2023-04-26,India,Telangana,Mobile,42,Female,Organic
8638,2023-03-23,India,Tamil Nadu,Desktop,26,Male,Organic
8639,2023-04-20,India,Odisha,Mobile,25,Male,Referral
8640,2023-05-26,India,Telangana,Desktop,22,Female,Google Ads
8641,2023-02-06,India,Karnataka,Mobile,45,Female,Organic
8642,2023-01-26,India,Gujarat,Desktop,19,Male,Organic
8643,2023-05-17,India,West Bengal,Desktop,38,Female,Referral
8644,2023-03-05,India,Gujarat,Mobile,25,Male,Facebook Ads
8645,2023-03-13,India,Maharashtra,Desktop,51,Male,Referral
8646,2023-05-28,India,Uttar Pradesh,Mobile,40,Female,Organic
8647,2023-04-16,India,Rajasthan,Mobile,32,Female,Google Ads
8648,2023-03-27,India,Uttar Pradesh,Mobile,44,Female,Google Ads
8649,2023-06-07,India,Karnataka,Desktop,19,Female,Organic
8650,2023-02-22,India,Uttar Pradesh,Mobile,45,Male,Facebook Ads
8651,2023-04-02,India,Gujarat,Mobile,28,Female,Referral
8652,2023-04-09,India,Odisha,Mobile,38,Male,Organic
8653,2023-01-11,India,Karnataka,Desktop,59,Male,Organic
8654,2023-01-31,India,West Bengal,Desktop,49,Male,Organic
8655,2023-06-26,India,Tamil Nadu,Mobile,49,Male,Referral
8656,2023-04-10,India,Karnataka,Mobile,24,Male,Google Ads
8657,2023-03-28,India,Delhi,Mobile,39,Female,Referral
8658,2023-05-27,India,West Bengal,Mobile,31,Female,Organic
8659,2023-05-20,India,Karnataka,Mobile,30,Male,Google Ads
8660,2023-01-15,India,Delhi,Mobile,38,Female,Facebook Ads
8661,2023-06-08,India,West Bengal,Desktop,39,Female,Organic
8662,2023-06-20,India,Maharashtra,Mobile,51,Male,Google Ads
8663,2023-04-11,India,Telangana,Mobile,27,Male,Google Ads
8664,2023-06-14,India,Rajasthan,Mobile,18,Female,Google Ads
8665,2023-01-29,India,Telangana,Mobile,18,Male,Organic
8666,2023-04-24,India,Gujarat,Mobile,41,Female,Facebook Ads
8667,2023-04-17,India,Tamil Nadu,Mobile,20,Female,Google Ads
8668,2023-06-03,India,Telangana,Desktop,48,Male,Organic
8669,2023-04-18,India,Karnataka,Mobile,58,Female,Google Ads
8670,2023-05-10,India,Maharashtra,Mobile,30,Female,Referral
8671,2023-03-25,India,Uttar Pradesh,Desktop,21,Male,Google Ads
8672,2023-01-15,India,Gujarat,Desktop,40,Male,Organic
8673,2023-05-12,India,Telangana,Desktop,23,Female,Google Ads
8674,2023-02-19,India,Odisha,Desktop,51,Male,Google Ads
8675,2023-06-15,India,Tamil Nadu,Desktop,58,Female,Referral
8676,2023-01-23,India,Uttar Pradesh,Mobile,35,Male,Referral
8677,2023-02-28,India,Rajasthan,Desktop,53,Male,Organic
8678,2023-03-31,India,Karnataka,Mobile,43,Female,Facebook Ads
8679,2023-04-25,India,Maharashtra,Mobile,50,Female,Facebook Ads
8680,2023-03-16,India,West Bengal,Mobile,50,Female,Facebook Ads
8681,2023-06-05,India,Telangana,Mobile,42,Male,Facebook Ads
8682,2023-05-03,India,Odisha,Mobile,34,Female,Organic
8683,2023-05-16,India,Tamil Nadu,Mobile,20,Male,Organic
8684,2023-06-06,India,Rajasthan,Mobile,39,Male,Referral
8685,2023-05-19,India,Telangana,Desktop,52,Female,Referral
8686,2023-01-18,India,Rajasthan,Desktop,21,Female,Facebook Ads
8687,2023-02-19,India,Uttar Pradesh,Mobile,45,Male,Referral
8688,2023-05-22,India,Uttar Pradesh,Desktop,30,Female,Organic
8689,2023-04-28,India,Gujarat,Mobile,47,Male,Facebook Ads
8690,2023-05-17,India,Telangana,Desktop,29,Male,Google Ads
8691,2023-05-19,India,Maharashtra,Mobile,20,Male,Google Ads
8692,2023-04-18,India,Tamil Nadu,Mobile,38,Female,Google Ads
8693,2023-03-08,India,West Bengal,Mobile,57,Male,Referral
8694,2023-06-16,India,West Bengal,Mobile,18,Male,Facebook Ads
8695,2023-03-19,India,Karnataka,Mobile,35,Female,Google Ads
8696,2023-06-05,India,Karnataka,Mobile,30,Female,Facebook Ads
8697,2023-03-16,India,Tamil Nadu,Mobile,24,Female,Organic
8698,2023-02-08,India,Telangana,Mobile,30,Male,Google Ads
8699,2023-01-25,India,Telangana,Mobile,34,Female,Google Ads
8700,2023-01-21,India,Uttar Pradesh,Desktop,49,Male,Google Ads
8701,2023-05-18,India,Odisha,Mobile,46,Male,Organic
8702,2023-06-20,India,Karnataka,Mobile,47,Male,Facebook Ads
8703,2023-01-15,India,Odisha,Mobile,28,Female,Google Ads
8704,2023-02-17,India,Telangana,Desktop,31,Male,Google Ads
8705,2023-03-27,India,Karnataka,Mobile,27,Male,Facebook Ads
8706,2023-05-29,India,West Bengal,Desktop,25,Female,Referral
8707,2023-04-26,India,Rajasthan,Mobile,48,Male,Referral
8708,2023-02-19,India,Karnataka,Mobile,23,Female,Google Ads
8709,2023-05-31,India,Telangana,Mobile,36,Female,Google Ads
8710,2023-05-21,India,Telangana,Mobile,36,Female,Referral
8711,2023-03-10,India,Rajasthan,Mobile,29,Female,Referral
8712,2023-01-04,India,Odisha,Mobile,56,Male,Google Ads
8713,2023-03-19,India,Tamil Nadu,Mobile,35,Male,Facebook Ads
8714,2023-01-09,India,Rajasthan,Desktop,20,Male,Referral
8715,2023-05-01,India,West Bengal,Mobile,26,Male,Google Ads
8716,2023-04-25,India,Telangana,Mobile,23,Female,Organic
8717,2023-06-12,India,Maharashtra,Mobile,18,Male,Facebook Ads
8718,2023-04-11,India,West Bengal,Mobile,59,Female,Google Ads
8719,2023-05-29,India,Odisha,Mobile,57,Male,Organic
8720,2023-05-26,India,Rajasthan,Desktop,46,Male,Referral
8721,2023-04-07,India,Telangana,Desktop,52,Female,Organic
8722,2023-03-22,India,Telangana,Mobile,52,Male,Organic
8723,2023-02-12,India,Rajasthan,Desktop,47,Male,Organic
8724,2023-04-05,India,Tamil Nadu,Mobile,52,Female,Referral
8725,2023-01-06,India,Rajasthan,Mobile,56,Male,Organic
8726,2023-03-08,India,Karnataka,Mobile,39,Male,Referral
8727,2023-05-20,India,Delhi,Mobile,45,Male,Google Ads
8728,2023-04-10,India,Tamil Nadu,Mobile,35,Female,Organic
8729,2023-01-12,India,Delhi,Mobile,49,Female,Facebook Ads
8730,2023-03-07,India,Odisha,Mobile,22,Male,Google Ads
8731,2023-01-02,India,Uttar Pradesh,Desktop,51,Male,Referral
8732,2023-05-23,India,West Bengal,Mobile,48,Male,Google Ads
8733,2023-05-31,India,Gujarat,Desktop,50,Female,Organic
8734,2023-06-06,India,Rajasthan,Mobile,21,Male,Referral
8735,2023-03-22,India,West Bengal,Mobile,31,Female,Organic
8736,2023-05-15,India,Gujarat,Desktop,32,Female,Google Ads
8737,2023-06-05,India,Odisha,Mobile,37,Male,Facebook Ads
8738,2023-05-22,India,Odisha,Mobile,37,Female,Google Ads
8739,2023-06-21,India,Uttar Pradesh,Mobile,52,Female,Google Ads
8740,2023-06-07,India,Tamil Nadu,Mobile,21,Female,Organic
8741,2023-06-09,India,West Bengal,Mobile,35,Female,Facebook Ads
8742,2023-03-11,India,West Bengal,Mobile,41,Female,Organic
8743,2023-04-25,India,Rajasthan,Desktop,44,Male,Organic
8744,2023-03-29,India,Odisha,Mobile,50,Female,Organic
8745,2023-01-06,India,Gujarat,Mobile,42,Female,Referral
8746,2023-01-27,India,Maharashtra,Mobile,22,Female,Organic
8747,2023-03-23,India,Uttar Pradesh,Mobile,35,Female,Facebook Ads
8748,2023-03-29,India,Tamil Nadu,Mobile,37,Female,Organic
8749,2023-04-30,India,Telangana,Mobile,52,Male,Organic
8750,2023-01-24,India,Maharashtra,Mobile,23,Male,Facebook Ads
8751,2023-04-12,India,Karnataka,Desktop,44,Female,Google Ads
8752,2023-02-03,India,Delhi,Mobile,45,Male,Organic
8753,2023-06-17,India,Uttar Pradesh,Desktop,28,Female,Google Ads
8754,2023-02-16,India,Gujarat,Mobile,26,Male,Organic
8755,2023-01-24,India,Maharashtra,Mobile,45,Male,Organic
8756,2023-03-06,India,Gujarat,Mobile,36,Female,Referral
8757,2023-01-18,India,Rajasthan,Desktop,56,Female,Facebook Ads
8758,2023-02-13,India,Uttar Pradesh,Mobile,38,Female,Facebook Ads
8759,2023-03-17,India,Odisha,Desktop,48,Female,Google Ads
8760,2023-02-26,India,Tamil Nadu,Desktop,59,Male,Referral
8761,2023-04-17,India,Gujarat,Desktop,24,Female,Organic
8762,2023-06-05,India,West Bengal,Mobile,54,Male,Referral
8763,2023-05-04,India,Maharashtra,Desktop,42,Female,Facebook Ads
8764,2023-05-31,India,West Bengal,Desktop,45,Female,Organic
8765,2023-06-11,India,Gujarat,Mobile,53,Male,Organic
8766,2023-05-19,India,Maharashtra,Desktop,34,Female,Google Ads
8767,2023-06-12,India,Odisha,Desktop,43,Female,Referral
8768,2023-04-26,India,Delhi,Mobile,45,Male,Organic
8769,2023-04-03,India,Delhi,Mobile,54,Male,Facebook Ads
8770,2023-02-11,India,Rajasthan,Mobile,34,Female,Google Ads
8771,2023-01-28,India,Karnataka,Mobile,34,Male,Facebook Ads
8772,2023-05-03,India,Delhi,Mobile,50,Female,Google Ads
8773,2023-01-24,India,Karnataka,Mobile,51,Male,Referral
8774,2023-05-16,India,Maharashtra,Mobile,40,Female,Google Ads
8775,2023-04-16,India,Delhi,Mobile,47,Male,Referral
8776,2023-04-28,India,Gujarat,Desktop,44,Male,Referral
8777,2023-02-22,India,Odisha,Mobile,26,Male,Organic
8778,2023-05-12,India,Gujarat,Desktop,37,Female,Referral
8779,2023-04-10,India,Gujarat,Mobile,40,Female,Google Ads
8780,2023-01-05,India,Karnataka,Desktop,36,Female,Google Ads
8781,2023-02-18,India,Telangana,Desktop,54,Male,Organic
8782,2023-04-08,India,Telangana,Mobile,21,Male,Google Ads
8783,2023-01-30,India,Tamil Nadu,Mobile,30,Male,Referral
8784,2023-03-13,India,Delhi,Mobile,55,Male,Google Ads
8785,2023-04-13,India,Odisha,Desktop,29,Female,Facebook Ads
8786,2023-03-04,India,Odisha,Desktop,26,Male,Facebook Ads
8787,2023-06-24,India,West Bengal,Mobile,32,Male,Organic
8788,2023-01-26,India,Gujarat,Mobile,38,Female,Referral
8789,2023-02-06,India,Odisha,Mobile,32,Female,Google Ads
8790,2023-01-07,India,Maharashtra,Mobile,22,Male,Organic
8791,2023-05-07,India,Uttar Pradesh,Desktop,22,Male,Organic
8792,2023-06-17,India,Gujarat,Mobile,42,Male,Referral
8793,2023-04-02,India,Karnataka,Desktop,41,Female,Organic
8794,2023-06-16,India,Gujarat,Desktop,54,Male,Facebook Ads
8795,2023-04-13,India,Odisha,Desktop,48,Male,Organic
8796,2023-02-22,India,Rajasthan,Mobile,51,Male,Google Ads
8797,2023-05-12,India,Maharashtra,Mobile,58,Female,Facebook Ads
8798,2023-04-18,India,Maharashtra,Mobile,31,Male,Facebook Ads
8799,2023-04-22,India,Delhi,Desktop,44,Female,Facebook Ads
8800,2023-06-02,India,Telangana,Mobile,21,Female,Google Ads
8801,2023-01-07,India,Karnataka,Mobile,40,Female,Referral
8802,2023-06-05,India,Delhi,Desktop,55,Female,Organic
8803,2023-03-08,India,Tamil Nadu,Mobile,22,Female,Organic
8804,2023-04-18,India,Uttar Pradesh,Mobile,44,Male,Facebook Ads
8805,2023-04-21,India,West Bengal,Mobile,31,Male,Facebook Ads
8806,2023-05-28,India,Maharashtra,Mobile,24,Female,Organic
8807,2023-03-24,India,Karnataka,Mobile,35,Female,Google Ads
8808,2023-05-04,India,Telangana,Mobile,49,Male,Facebook Ads
8809,2023-05-19,India,Karnataka,Desktop,19,Female,Facebook Ads
8810,2023-04-14,India,West Bengal,Desktop,58,Male,Google Ads
8811,2023-03-08,India,West Bengal,Mobile,37,Male,Referral
8812,2023-01-07,India,Delhi,Desktop,46,Female,Facebook Ads
8813,2023-05-31,India,Gujarat,Mobile,43,Male,Referral
8814,2023-04-20,India,Tamil Nadu,Mobile,55,Male,Google Ads
8815,2023-02-03,India,Tamil Nadu,Desktop,18,Male,Organic
8816,2023-04-16,India,Odisha,Mobile,22,Female,Organic
8817,2023-05-27,India,Tamil Nadu,Mobile,31,Male,Referral
8818,2023-02-27,India,Karnataka,Mobile,42,Male,Facebook Ads
8819,2023-01-09,India,Tamil Nadu,Mobile,26,Male,Organic
8820,2023-02-17,India,Telangana,Mobile,47,Female,Google Ads
8821,2023-04-25,India,Tamil Nadu,Desktop,36,Female,Facebook Ads
8822,2023-02-10,India,Maharashtra,Mobile,57,Female,Referral
8823,2023-02-17,India,Odisha,Desktop,25,Female,Referral
8824,2023-06-22,India,Karnataka,Mobile,33,Male,Referral
8825,2023-01-25,India,West Bengal,Mobile,25,Male,Referral
8826,2023-04-26,India,Delhi,Mobile,40,Male,Google Ads
8827,2023-03-19,India,Uttar Pradesh,Mobile,26,Male,Organic
8828,2023-04-18,India,Delhi,Desktop,49,Female,Referral
8829,2023-01-25,India,Gujarat,Mobile,54,Female,Organic
8830,2023-05-27,India,Uttar Pradesh,Mobile,51,Female,Organic
8831,2023-02-08,India,Telangana,Mobile,35,Male,Referral
8832,2023-04-29,India,Rajasthan,Mobile,32,Female,Facebook Ads
8833,2023-03-20,India,Odisha,Mobile,32,Female,Referral
8834,2023-03-21,India,West Bengal,Mobile,46,Male,Google Ads
8835,2023-01-27,India,Delhi,Mobile,40,Male,Facebook Ads
8836,2023-04-14,India,Tamil Nadu,Mobile,40,Male,Referral
8837,2023-03-15,India,Odisha,Desktop,18,Female,Organic
8838,2023-03-09,India,Tamil Nadu,Mobile,39,Male,Organic
8839,2023-05-27,India,Odisha,Desktop,24,Female,Facebook Ads
8840,2023-01-28,India,Odisha,Mobile,49,Female,Google Ads
8841,2023-05-03,India,Gujarat,Mobile,45,Male,Organic
8842,2023-06-10,India,Maharashtra,Mobile,49,Female,Google Ads
8843,2023-05-18,India,Telangana,Mobile,50,Female,Organic
8844,2023-03-24,India,Tamil Nadu,Mobile,30,Male,Facebook Ads
8845,2023-01-30,India,Tamil Nadu,Mobile,45,Female,Referral
8846,2023-01-22,India,Tamil Nadu,Mobile,26,Female,Organic
8847,2023-01-03,India,Gujarat,Desktop,20,Female,Facebook Ads
8848,2023-04-11,India,Delhi,Desktop,34,Male,Facebook Ads
8849,2023-04-15,India,Karnataka,Desktop,51,Female,Referral
8850,2023-06-25,India,Tamil Nadu,Mobile,49,Male,Referral
8851,2023-01-02,India,Delhi,Mobile,26,Male,Facebook Ads
8852,2023-02-23,India,Maharashtra,Mobile,58,Female,Organic
8853,2023-01-06,India,Tamil Nadu,Mobile,18,Male,Google Ads
8854,2023-04-17,India,Telangana,Mobile,59,Female,Google Ads
8855,2023-06-17,India,West Bengal,Mobile,37,Male,Referral
8856,2023-05-03,India,Rajasthan,Mobile,22,Male,Organic
8857,2023-01-02,India,Tamil Nadu,Desktop,57,Female,Facebook Ads
8858,2023-04-21,India,Karnataka,Desktop,38,Male,Google Ads
8859,2023-01-02,India,West Bengal,Mobile,22,Female,Google Ads
8860,2023-04-03,India,Telangana,Mobile,21,Female,Organic
8861,2023-04-11,India,Gujarat,Desktop,25,Female,Facebook Ads
8862,2023-04-07,India,Rajasthan,Mobile,42,Female,Referral
8863,2023-04-21,India,Gujarat,Mobile,24,Female,Google Ads
8864,2023-01-06,India,Karnataka,Mobile,54,Male,Organic
8865,2023-05-07,India,Rajasthan,Mobile,59,Female,Referral
8866,2023-04-14,India,Karnataka,Mobile,49,Female,Organic
8867,2023-05-27,India,Gujarat,Desktop,34,Female,Facebook Ads
8868,2023-06-04,India,Telangana,Mobile,45,Female,Organic
8869,2023-01-01,India,Rajasthan,Mobile,23,Male,Referral
8870,2023-02-02,India,Uttar Pradesh,Mobile,59,Male,Facebook Ads
8871,2023-02-09,India,Delhi,Desktop,59,Male,Google Ads
8872,2023-02-01,India,Telangana,Mobile,53,Male,Referral
8873,2023-01-17,India,Rajasthan,Mobile,19,Female,Organic
8874,2023-05-06,India,Karnataka,Mobile,48,Female,Google Ads
8875,2023-01-08,India,Karnataka,Mobile,18,Female,Facebook Ads
8876,2023-02-26,India,Maharashtra,Mobile,20,Female,Referral
8877,2023-02-11,India,Telangana,Mobile,30,Female,Facebook Ads
8878,2023-04-08,India,Karnataka,Desktop,48,Female,Facebook Ads
8879,2023-05-17,India,Odisha,Desktop,46,Female,Organic
8880,2023-04-30,India,Delhi,Mobile,50,Female,Organic
8881,2023-03-28,India,Gujarat,Mobile,27,Female,Organic
8882,2023-06-12,India,West Bengal,Mobile,55,Female,Google Ads
8883,2023-02-23,India,Maharashtra,Desktop,26,Male,Google Ads
8884,2023-03-25,India,Karnataka,Mobile,18,Male,Organic
8885,2023-01-25,India,Odisha,Desktop,54,Female,Google Ads
8886,2023-03-08,India,Maharashtra,Mobile,49,Female,Referral
8887,2023-06-23,India,Odisha,Desktop,50,Male,Facebook Ads
8888,2023-06-01,India,Maharashtra,Desktop,19,Female,Organic
8889,2023-02-15,India,Karnataka,Desktop,19,Female,Facebook Ads
8890,2023-01-22,India,Odisha,Mobile,22,Female,Facebook Ads
8891,2023-05-19,India,Rajasthan,Mobile,27,Female,Facebook Ads
8892,2023-06-25,India,Telangana,Mobile,55,Female,Referral
8893,2023-01-08,India,West Bengal,Mobile,54,Male,Referral
8894,2023-02-08,India,Gujarat,Mobile,19,Female,Google Ads
8895,2023-06-12,India,West Bengal,Mobile,58,Male,Facebook Ads
8896,2023-02-18,India,Gujarat,Mobile,59,Female,Google Ads
8897,2023-02-15,India,Uttar Pradesh,Mobile,57,Female,Facebook Ads
8898,2023-02-07,India,Delhi,Mobile,42,Female,Organic
8899,2023-05-16,India,Uttar Pradesh,Mobile,55,Male,Facebook Ads
8900,2023-02-23,India,Tamil Nadu,Mobile,54,Male,Facebook Ads
8901,2023-06-14,India,Karnataka,Mobile,35,Female,Referral
8902,2023-04-02,India,Rajasthan,Desktop,44,Male,Organic
8903,2023-02-09,India,Telangana,Mobile,37,Male,Google Ads
8904,2023-02-03,India,Rajasthan,Mobile,51,Male,Organic
8905,2023-04-06,India,West Bengal,Mobile,25,Female,Referral
8906,2023-03-20,India,Gujarat,Mobile,21,Male,Referral
8907,2023-05-07,India,Uttar Pradesh,Mobile,47,Male,Facebook Ads
8908,2023-01-17,India,Rajasthan,Desktop,53,Male,Referral
8909,2023-06-10,India,Uttar Pradesh,Mobile,26,Female,Referral
8910,2023-06-24,India,Delhi,Mobile,58,Male,Facebook Ads
8911,2023-04-20,India,Delhi,Mobile,29,Male,Referral
8912,2023-02-21,India,Gujarat,Mobile,31,Female,Referral
8913,2023-04-28,India,Tamil Nadu,Desktop,52,Female,Google Ads
8914,2023-01-09,India,Rajasthan,Mobile,23,Female,Facebook Ads
8915,2023-02-02,India,Telangana,Desktop,40,Male,Facebook Ads
8916,2023-04-23,India,Uttar Pradesh,Mobile,21,Female,Google Ads
8917,2023-05-29,India,Uttar Pradesh,Desktop,18,Female,Google Ads
8918,2023-03-26,India,Delhi,Mobile,26,Male,Google Ads
8919,2023-01-10,India,Karnataka,Mobile,26,Female,Google Ads
8920,2023-01-06,India,Gujarat,Desktop,32,Male,Facebook Ads
8921,2023-04-25,India,Uttar Pradesh,Mobile,41,Female,Google Ads
8922,2023-05-01,India,Delhi,Mobile,25,Female,Google Ads
8923,2023-05-21,India,Delhi,Mobile,45,Male,Referral
8924,2023-03-06,India,Odisha,Mobile,59,Male,Facebook Ads
8925,2023-01-20,India,Uttar Pradesh,Mobile,34,Male,Google Ads
8926,2023-02-26,India,Odisha,Mobile,52,Male,Referral
8927,2023-02-15,India,Telangana,Mobile,48,Female,Facebook Ads
8928,2023-05-16,India,Telangana,Mobile,21,Female,Google Ads
8929,2023-01-10,India,Delhi,Mobile,31,Male,Google Ads
8930,2023-04-23,India,Karnataka,Mobile,42,Female,Referral
8931,2023-05-19,India,Karnataka,Desktop,57,Male,Organic
8932,2023-01-12,India,Odisha,Mobile,24,Female,Facebook Ads
8933,2023-05-18,India,Delhi,Desktop,48,Male,Referral
8934,2023-06-02,India,Odisha,Mobile,52,Male,Google Ads
8935,2023-06-26,India,Gujarat,Mobile,55,Male,Organic
8936,2023-06-26,India,Odisha,Mobile,37,Male,Organic
8937,2023-01-11,India,Tamil Nadu,Mobile,33,Female,Referral
8938,2023-04-28,India,Uttar Pradesh,Mobile,39,Male,Referral
8939,2023-06-13,India,Telangana,Mobile,53,Male,Referral
8940,2023-02-08,India,Maharashtra,Mobile,36,Female,Facebook Ads
8941,2023-02-22,India,Delhi,Desktop,19,Female,Organic
8942,2023-02-25,India,Karnataka,Desktop,21,Male,Facebook Ads
8943,2023-04-14,India,Rajasthan,Mobile,51,Female,Organic
8944,2023-05-09,India,Uttar Pradesh,Mobile,24,Female,Facebook Ads
8945,2023-02-25,India,Maharashtra,Mobile,31,Male,Referral
8946,2023-04-28,India,Tamil Nadu,Mobile,49,Male,Google Ads
8947,2023-05-12,India,Rajasthan,Mobile,34,Male,Referral
8948,2023-01-30,India,Karnataka,Mobile,54,Female,Facebook Ads
8949,2023-01-12,India,Tamil Nadu,Desktop,31,Female,Referral
8950,2023-02-04,India,Karnataka,Mobile,34,Female,Organic
8951,2023-03-18,India,Karnataka,Mobile,49,Male,Facebook Ads
8952,2023-06-29,India,Delhi,Desktop,19,Male,Referral
8953,2023-06-08,India,Rajasthan,Mobile,56,Female,Referral
8954,2023-04-12,India,Gujarat,Mobile,21,Male,Google Ads
8955,2023-03-28,India,Odisha,Desktop,57,Female,Google Ads
8956,2023-02-21,India,Odisha,Mobile,47,Female,Referral
8957,2023-03-21,India,Uttar Pradesh,Mobile,47,Male,Organic
8958,2023-05-15,India,Karnataka,Mobile,50,Male,Organic
8959,2023-01-22,India,Uttar Pradesh,Mobile,59,Female,Organic
8960,2023-03-16,India,Rajasthan,Desktop,18,Male,Referral
8961,2023-02-27,India,Karnataka,Mobile,50,Male,Google Ads
8962,2023-04-03,India,Karnataka,Mobile,53,Male,Referral
8963,2023-04-13,India,Maharashtra,Mobile,48,Male,Google Ads
8964,2023-05-20,India,Telangana,Desktop,54,Male,Organic
8965,2023-01-07,India,Odisha,Mobile,31,Male,Google Ads
8966,2023-05-08,India,Rajasthan,Mobile,23,Female,Referral
8967,2023-02-24,India,Tamil Nadu,Desktop,24,Male,Referral
8968,2023-04-16,India,Tamil Nadu,Desktop,57,Female,Referral
8969,2023-03-03,India,Gujarat,Mobile,41,Female,Google Ads
8970,2023-03-31,India,West Bengal,Mobile,21,Female,Organic
8971,2023-04-08,India,Rajasthan,Mobile,42,Male,Referral
8972,2023-03-18,India,West Bengal,Mobile,20,Female,Referral
8973,2023-04-29,India,Maharashtra,Mobile,45,Male,Google Ads
8974,2023-02-05,India,Tamil Nadu,Mobile,40,Female,Organic
8975,2023-03-30,India,Rajasthan,Mobile,53,Female,Google Ads
8976,2023-06-01,India,Karnataka,Mobile,30,Female,Facebook Ads
8977,2023-06-21,India,Telangana,Desktop,39,Male,Facebook Ads
8978,2023-05-25,India,Delhi,Mobile,42,Female,Referral
8979,2023-05-10,India,Telangana,Mobile,41,Female,Google Ads
8980,2023-05-21,India,Gujarat,Desktop,54,Male,Google Ads
8981,2023-06-08,India,Tamil Nadu,Mobile,50,Female,Referral
8982,2023-04-03,India,Uttar Pradesh,Mobile,31,Female,Facebook Ads
8983,2023-04-24,India,Uttar Pradesh,Mobile,41,Female,Organic
8984,2023-01-28,India,Delhi,Mobile,39,Female,Organic
8985,2023-06-04,India,Tamil Nadu,Mobile,54,Female,Facebook Ads
8986,2023-05-23,India,Rajasthan,Mobile,40,Female,Referral
8987,2023-02-02,India,Karnataka,Mobile,23,Male,Referral
8988,2023-01-20,India,Gujarat,Mobile,36,Female,Organic
8989,2023-06-19,India,Uttar Pradesh,Mobile,29,Male,Organic
8990,2023-05-20,India,Delhi,Mobile,43,Male,Facebook Ads
8991,2023-04-11,India,Telangana,Mobile,46,Male,Facebook Ads
8992,2023-01-23,India,Karnataka,Mobile,31,Male,Google Ads
8993,2023-04-22,India,Uttar Pradesh,Desktop,34,Female,Facebook Ads
8994,2023-01-14,India,Telangana,Mobile,47,Female,Facebook Ads
8995,2023-04-01,India,Rajasthan,Mobile,24,Male,Organic
8996,2023-06-02,India,Telangana,Mobile,38,Male,Organic
8997,2023-03-18,India,Karnataka,Mobile,18,Female,Google Ads
8998,2023-03-26,India,Telangana,Desktop,55,Female,Organic
8999,2023-04-19,India,Rajasthan,Desktop,21,Female,Organic
9000,2023-01-31,India,Gujarat,Mobile,25,Male,Organic
9001,2023-05-02,India,Karnataka,Desktop,35,Male,Facebook Ads
9002,2023-04-17,India,Gujarat,Mobile,25,Male,Organic
9003,2023-02-23,India,Delhi,Desktop,48,Female,Referral
9004,2023-05-13,India,Tamil Nadu,Mobile,48,Male,Facebook Ads
9005,2023-05-21,India,Telangana,Mobile,45,Male,Organic
9006,2023-06-05,India,Maharashtra,Desktop,54,Female,Facebook Ads
9007,2023-02-12,India,Gujarat,Mobile,20,Female,Organic
9008,2023-03-30,India,Rajasthan,Desktop,32,Female,Google Ads
9009,2023-04-25,India,Uttar Pradesh,Mobile,21,Female,Google Ads
9010,2023-04-09,India,Gujarat,Mobile,52,Female,Google Ads
9011,2023-02-16,India,Uttar Pradesh,Mobile,51,Male,Organic
9012,2023-03-12,India,Telangana,Mobile,53,Male,Google Ads
9013,2023-06-15,India,Delhi,Mobile,23,Female,Facebook Ads
9014,2023-03-08,India,Odisha,Mobile,21,Male,Google Ads
9015,2023-03-03,India,Karnataka,Mobile,47,Female,Google Ads
9016,2023-04-19,India,Uttar Pradesh,Desktop,56,Male,Google Ads
9017,2023-06-16,India,Uttar Pradesh,Mobile,35,Female,Google Ads
9018,2023-02-06,India,Karnataka,Desktop,39,Female,Facebook Ads
9019,2023-04-29,India,Odisha,Mobile,27,Male,Referral
9020,2023-03-27,India,Telangana,Mobile,46,Female,Google Ads
9021,2023-05-06,India,Rajasthan,Mobile,40,Female,Organic
9022,2023-05-16,India,Tamil Nadu,Desktop,21,Female,Referral
9023,2023-02-21,India,Uttar Pradesh,Mobile,36,Male,Google Ads
9024,2023-04-01,India,Odisha,Mobile,43,Male,Referral
9025,2023-02-02,India,Odisha,Desktop,24,Female,Organic
9026,2023-03-22,India,Delhi,Mobile,30,Male,Organic
9027,2023-02-11,India,Uttar Pradesh,Desktop,20,Male,Google Ads
9028,2023-04-22,India,Gujarat,Mobile,57,Female,Google Ads
9029,2023-05-06,India,Telangana,Mobile,28,Male,Organic
9030,2023-06-04,India,Rajasthan,Mobile,33,Female,Facebook Ads
9031,2023-05-16,India,Odisha,Mobile,37,Female,Referral
9032,2023-05-31,India,Delhi,Desktop,40,Female,Facebook Ads
9033,2023-04-16,India,Delhi,Desktop,40,Female,Google Ads
9034,2023-05-05,India,Karnataka,Mobile,49,Male,Facebook Ads
9035,2023-04-23,India,Uttar Pradesh,Desktop,58,Female,Facebook Ads
9036,2023-03-05,India,Odisha,Mobile,59,Male,Referral
9037,2023-05-03,India,Rajasthan,Mobile,55,Male,Google Ads
9038,2023-04-24,India,Gujarat,Mobile,20,Male,Referral
9039,2023-01-20,India,Maharashtra,Mobile,25,Female,Organic
9040,2023-01-16,India,Maharashtra,Mobile,55,Female,Referral
9041,2023-05-25,India,Gujarat,Mobile,57,Female,Referral
9042,2023-01-19,India,Odisha,Mobile,31,Female,Organic
9043,2023-04-30,India,Uttar Pradesh,Desktop,25,Female,Facebook Ads
9044,2023-05-16,India,Rajasthan,Desktop,28,Female,Referral
9045,2023-06-15,India,Karnataka,Mobile,59,Female,Organic
9046,2023-02-07,India,Uttar Pradesh,Mobile,59,Male,Google Ads
9047,2023-04-03,India,Tamil Nadu,Mobile,50,Male,Facebook Ads
9048,2023-04-15,India,Uttar Pradesh,Desktop,32,Female,Organic
9049,2023-04-10,India,Uttar Pradesh,Mobile,54,Female,Facebook Ads
9050,2023-03-31,India,Telangana,Mobile,31,Male,Organic
9051,2023-06-08,India,Odisha,Desktop,43,Female,Referral
9052,2023-02-13,India,Karnataka,Mobile,25,Male,Facebook Ads
9053,2023-03-17,India,Telangana,Mobile,21,Male,Referral
9054,2023-05-25,India,Odisha,Mobile,53,Female,Organic
9055,2023-03-20,India,West Bengal,Mobile,35,Female,Referral
9056,2023-03-14,India,Karnataka,Desktop,44,Male,Referral
9057,2023-06-16,India,Odisha,Mobile,36,Male,Organic
9058,2023-06-19,India,Maharashtra,Mobile,20,Female,Referral
9059,2023-06-25,India,Telangana,Mobile,26,Male,Referral
9060,2023-05-20,India,West Bengal,Mobile,56,Female,Referral
9061,2023-04-06,India,Karnataka,Mobile,19,Female,Google Ads
9062,2023-03-30,India,Tamil Nadu,Mobile,26,Female,Google Ads
9063,2023-04-13,India,Rajasthan,Mobile,23,Female,Google Ads
9064,2023-05-26,India,Tamil Nadu,Mobile,55,Male,Facebook Ads
9065,2023-01-06,India,Maharashtra,Mobile,45,Female,Referral
9066,2023-05-02,India,Maharashtra,Mobile,51,Female,Referral
9067,2023-06-20,India,Gujarat,Desktop,46,Male,Referral
9068,2023-04-26,India,Gujarat,Mobile,20,Male,Facebook Ads
9069,2023-06-12,India,Tamil Nadu,Desktop,33,Male,Facebook Ads
9070,2023-03-03,India,Telangana,Mobile,52,Female,Organic
9071,2023-05-24,India,Uttar Pradesh,Desktop,28,Male,Referral
9072,2023-05-16,India,Odisha,Mobile,40,Male,Organic
9073,2023-03-30,India,Rajasthan,Mobile,47,Female,Organic
9074,2023-04-06,India,West Bengal,Mobile,22,Male,Facebook Ads
9075,2023-05-06,India,Rajasthan,Mobile,25,Male,Google Ads
9076,2023-03-31,India,Maharashtra,Desktop,27,Male,Facebook Ads
9077,2023-03-27,India,Gujarat,Mobile,45,Male,Facebook Ads
9078,2023-06-08,India,Uttar Pradesh,Mobile,53,Female,Google Ads
9079,2023-05-18,India,Delhi,Desktop,27,Female,Google Ads
9080,2023-05-01,India,Karnataka,Mobile,31,Female,Facebook Ads
9081,2023-03-17,India,Delhi,Mobile,55,Male,Referral
9082,2023-04-02,India,Delhi,Mobile,54,Male,Organic
9083,2023-03-11,India,Telangana,Mobile,22,Male,Referral
9084,2023-05-28,India,Telangana,Desktop,23,Female,Organic
9085,2023-05-13,India,Gujarat,Mobile,47,Male,Referral
9086,2023-01-23,India,Delhi,Mobile,36,Female,Google Ads
9087,2023-05-17,India,West Bengal,Mobile,31,Female,Referral
9088,2023-02-27,India,Maharashtra,Mobile,28,Male,Facebook Ads
9089,2023-02-15,India,Delhi,Mobile,22,Male,Organic
9090,2023-01-22,India,Uttar Pradesh,Mobile,48,Male,Organic
9091,2023-01-08,India,Karnataka,Mobile,49,Female,Referral
9092,2023-05-03,India,Odisha,Desktop,41,Male,Google Ads
9093,2023-01-20,India,Gujarat,Mobile,27,Male,Facebook Ads
9094,2023-06-28,India,Gujarat,Mobile,30,Male,Google Ads
9095,2023-03-19,India,Tamil Nadu,Mobile,30,Male,Facebook Ads
9096,2023-02-08,India,Uttar Pradesh,Desktop,53,Male,Facebook Ads
9097,2023-02-06,India,Telangana,Mobile,39,Female,Facebook Ads
9098,2023-06-27,India,Maharashtra,Desktop,26,Male,Referral
9099,2023-06-11,India,West Bengal,Desktop,36,Female,Facebook Ads
9100,2023-03-16,India,Uttar Pradesh,Desktop,24,Female,Facebook Ads
9101,2023-04-28,India,Rajasthan,Mobile,32,Male,Facebook Ads
9102,2023-04-14,India,Odisha,Mobile,34,Female,Organic
9103,2023-06-10,India,Karnataka,Mobile,31,Female,Organic
9104,2023-01-31,India,Tamil Nadu,Desktop,58,Male,Referral
9105,2023-05-03,India,Uttar Pradesh,Desktop,19,Female,Referral
9106,2023-02-23,India,Tamil Nadu,Desktop,31,Female,Organic
9107,2023-06-21,India,Odisha,Mobile,21,Female,Organic
9108,2023-02-03,India,Delhi,Mobile,20,Female,Facebook Ads
9109,2023-05-02,India,Tamil Nadu,Mobile,20,Male,Organic
9110,2023-04-23,India,Gujarat,Mobile,28,Female,Referral
9111,2023-03-03,India,Telangana,Mobile,22,Male,Referral
9112,2023-01-23,India,Delhi,Mobile,46,Female,Facebook Ads
9113,2023-02-15,India,Uttar Pradesh,Desktop,45,Female,Google Ads
9114,2023-02-25,India,Karnataka,Mobile,40,Male,Google Ads
9115,2023-05-15,India,Gujarat,Desktop,47,Female,Organic
9116,2023-04-28,India,Odisha,Desktop,40,Female,Facebook Ads
9117,2023-05-11,India,Delhi,Mobile,58,Male,Organic
9118,2023-06-15,India,Gujarat,Mobile,39,Male,Facebook Ads
9119,2023-06-11,India,Telangana,Mobile,29,Male,Organic
9120,2023-04-23,India,Delhi,Mobile,44,Male,Referral
9121,2023-02-13,India,Maharashtra,Mobile,57,Male,Referral
9122,2023-05-08,India,Maharashtra,Mobile,32,Male,Google Ads
9123,2023-04-18,India,Delhi,Desktop,40,Male,Google Ads
9124,2023-06-07,India,Delhi,Mobile,58,Male,Organic
9125,2023-01-17,India,Maharashtra,Mobile,36,Female,Referral
9126,2023-02-28,India,Uttar Pradesh,Desktop,28,Male,Organic
9127,2023-05-18,India,Tamil Nadu,Mobile,55,Female,Referral
9128,2023-04-09,India,Karnataka,Mobile,57,Female,Facebook Ads
9129,2023-03-25,India,Gujarat,Desktop,20,Female,Referral
9130,2023-05-26,India,Gujarat,Mobile,33,Male,Google Ads
9131,2023-02-14,India,Odisha,Mobile,49,Male,Referral
9132,2023-04-18,India,Karnataka,Desktop,55,Female,Organic
9133,2023-03-03,India,West Bengal,Mobile,26,Male,Facebook Ads
9134,2023-02-28,India,Maharashtra,Mobile,58,Male,Google Ads
9135,2023-06-26,India,West Bengal,Mobile,55,Male,Facebook Ads
9136,2023-06-09,India,Telangana,Mobile,22,Male,Google Ads
9137,2023-05-18,India,Karnataka,Desktop,18,Female,Google Ads
9138,2023-01-11,India,Rajasthan,Desktop,52,Male,Facebook Ads
9139,2023-04-12,India,Odisha,Mobile,52,Female,Facebook Ads
9140,2023-03-11,India,Delhi,Desktop,29,Male,Referral
9141,2023-05-03,India,Telangana,Desktop,53,Female,Referral
9142,2023-06-24,India,Tamil Nadu,Mobile,38,Female,Google Ads
9143,2023-02-03,India,Rajasthan,Mobile,25,Male,Referral
9144,2023-04-11,India,Karnataka,Mobile,44,Male,Referral
9145,2023-05-25,India,Karnataka,Mobile,26,Female,Google Ads
9146,2023-04-14,India,West Bengal,Mobile,45,Female,Referral
9147,2023-02-09,India,Uttar Pradesh,Mobile,47,Male,Facebook Ads
9148,2023-01-19,India,West Bengal,Mobile,31,Male,Organic
9149,2023-03-08,India,Gujarat,Desktop,40,Male,Facebook Ads
9150,2023-03-23,India,West Bengal,Desktop,46,Male,Organic
9151,2023-03-05,India,Uttar Pradesh,Mobile,43,Female,Facebook Ads
9152,2023-03-24,India,Tamil Nadu,Desktop,39,Male,Organic
9153,2023-02-16,India,Telangana,Mobile,32,Male,Organic
9154,2023-01-06,India,Maharashtra,Mobile,26,Male,Referral
9155,2023-01-16,India,Karnataka,Mobile,43,Female,Google Ads
9156,2023-05-26,India,Delhi,Desktop,34,Male,Facebook Ads
9157,2023-06-29,India,West Bengal,Desktop,26,Female,Referral
9158,2023-06-25,India,Rajasthan,Desktop,20,Male,Facebook Ads
9159,2023-06-20,India,Tamil Nadu,Desktop,33,Female,Facebook Ads
9160,2023-02-08,India,Odisha,Mobile,30,Female,Organic
9161,2023-06-26,India,Karnataka,Desktop,43,Male,Organic
9162,2023-04-23,India,Uttar Pradesh,Mobile,34,Female,Google Ads
9163,2023-05-20,India,Gujarat,Mobile,49,Female,Organic
9164,2023-05-18,India,Uttar Pradesh,Mobile,41,Male,Facebook Ads
9165,2023-03-12,India,West Bengal,Mobile,53,Female,Organic
9166,2023-04-20,India,Telangana,Mobile,39,Male,Referral
9167,2023-02-24,India,Gujarat,Mobile,26,Male,Referral
9168,2023-05-09,India,Rajasthan,Mobile,39,Male,Organic
9169,2023-02-18,India,Uttar Pradesh,Mobile,58,Female,Google Ads
9170,2023-06-13,India,Rajasthan,Mobile,37,Female,Organic
9171,2023-01-21,India,Odisha,Mobile,20,Female,Referral
9172,2023-02-06,India,Rajasthan,Mobile,53,Female,Facebook Ads
9173,2023-04-26,India,Karnataka,Desktop,50,Male,Facebook Ads
9174,2023-01-24,India,Tamil Nadu,Desktop,35,Female,Facebook Ads
9175,2023-02-24,India,Gujarat,Mobile,53,Male,Referral
9176,2023-01-25,India,Karnataka,Desktop,27,Female,Referral
9177,2023-05-15,India,Delhi,Mobile,53,Female,Facebook Ads
9178,2023-05-07,India,Uttar Pradesh,Mobile,38,Female,Google Ads
9179,2023-04-03,India,Uttar Pradesh,Mobile,42,Male,Google Ads
9180,2023-04-04,India,Delhi,Mobile,57,Male,Facebook Ads
9181,2023-03-12,India,Rajasthan,Mobile,26,Male,Facebook Ads
9182,2023-05-02,India,Karnataka,Mobile,44,Male,Referral
9183,2023-01-24,India,Gujarat,Mobile,32,Female,Organic
9184,2023-01-11,India,Gujarat,Mobile,49,Female,Referral
9185,2023-03-14,India,Delhi,Desktop,56,Female,Organic
9186,2023-01-12,India,Uttar Pradesh,Mobile,33,Female,Organic
9187,2023-02-04,India,Delhi,Desktop,45,Male,Organic
9188,2023-05-21,India,Odisha,Mobile,23,Male,Organic
9189,2023-01-23,India,Odisha,Desktop,23,Male,Facebook Ads
9190,2023-03-24,India,Odisha,Mobile,55,Female,Organic
9191,2023-06-16,India,Maharashtra,Desktop,19,Female,Organic
9192,2023-03-29,India,Tamil Nadu,Desktop,58,Female,Organic
9193,2023-03-21,India,Telangana,Mobile,57,Female,Referral
9194,2023-04-07,India,West Bengal,Mobile,24,Female,Referral
9195,2023-05-20,India,Maharashtra,Mobile,44,Female,Referral
9196,2023-02-03,India,Gujarat,Desktop,45,Female,Google Ads
9197,2023-03-16,India,Rajasthan,Mobile,33,Male,Referral
9198,2023-06-08,India,Uttar Pradesh,Mobile,26,Male,Google Ads
9199,2023-05-08,India,Rajasthan,Mobile,32,Female,Referral
9200,2023-05-21,India,Delhi,Mobile,51,Female,Google Ads
9201,2023-01-31,India,Uttar Pradesh,Mobile,37,Female,Referral
9202,2023-05-10,India,West Bengal,Desktop,31,Female,Facebook Ads
9203,2023-04-13,India,West Bengal,Mobile,28,Male,Referral
9204,2023-01-15,India,Karnataka,Desktop,47,Male,Google Ads
9205,2023-02-26,India,Rajasthan,Mobile,20,Female,Organic
9206,2023-03-16,India,Telangana,Mobile,19,Male,Referral
9207,2023-02-03,India,West Bengal,Mobile,31,Male,Organic
9208,2023-04-13,India,Tamil Nadu,Desktop,46,Female,Organic
9209,2023-03-16,India,Karnataka,Mobile,22,Male,Referral
9210,2023-01-29,India,Telangana,Mobile,23,Female,Referral
9211,2023-01-16,India,Uttar Pradesh,Mobile,25,Female,Facebook Ads
9212,2023-06-16,India,Rajasthan,Mobile,56,Female,Google Ads
9213,2023-03-18,India,Rajasthan,Desktop,56,Female,Referral
9214,2023-02-06,India,Telangana,Mobile,46,Male,Google Ads
9215,2023-03-22,India,Telangana,Mobile,56,Female,Referral
9216,2023-05-29,India,West Bengal,Mobile,44,Female,Organic
9217,2023-06-21,India,Uttar Pradesh,Mobile,33,Male,Organic
9218,2023-05-04,India,Karnataka,Mobile,44,Female,Referral
9219,2023-01-19,India,Tamil Nadu,Mobile,56,Male,Google Ads
9220,2023-04-12,India,Gujarat,Mobile,57,Male,Google Ads
9221,2023-05-16,India,Gujarat,Mobile,18,Female,Organic
9222,2023-03-18,India,Maharashtra,Mobile,50,Female,Google Ads
9223,2023-02-10,India,Tamil Nadu,Mobile,56,Male,Google Ads
9224,2023-03-02,India,Uttar Pradesh,Mobile,44,Male,Facebook Ads
9225,2023-01-26,India,Uttar Pradesh,Mobile,34,Female,Organic
9226,2023-03-12,India,Karnataka,Mobile,32,Female,Google Ads
9227,2023-04-13,India,Rajasthan,Mobile,39,Female,Facebook Ads
9228,2023-03-11,India,Maharashtra,Desktop,36,Female,Referral
9229,2023-04-17,India,Karnataka,Mobile,45,Female,Facebook Ads
9230,2023-06-06,India,Maharashtra,Mobile,40,Female,Facebook Ads
9231,2023-04-17,India,Rajasthan,Mobile,53,Female,Facebook Ads
9232,2023-04-13,India,Delhi,Mobile,56,Female,Facebook Ads
9233,2023-01-19,India,Maharashtra,Desktop,37,Male,Facebook Ads
9234,2023-03-09,India,Karnataka,Mobile,26,Male,Facebook Ads
9235,2023-03-11,India,Delhi,Mobile,40,Male,Referral
9236,2023-04-23,India,Telangana,Mobile,24,Male,Referral
9237,2023-02-26,India,Tamil Nadu,Desktop,48,Female,Organic
9238,2023-06-14,India,West Bengal,Desktop,28,Female,Organic
9239,2023-03-02,India,Karnataka,Mobile,57,Female,Referral
9240,2023-04-02,India,Telangana,Desktop,34,Male,Referral
9241,2023-01-30,India,Gujarat,Mobile,53,Male,Organic
9242,2023-06-02,India,Gujarat,Mobile,43,Female,Facebook Ads
9243,2023-05-07,India,Uttar Pradesh,Mobile,53,Male,Google Ads
9244,2023-04-25,India,Karnataka,Mobile,35,Female,Facebook Ads
9245,2023-01-06,India,Odisha,Mobile,48,Female,Referral
9246,2023-01-18,India,West Bengal,Desktop,52,Male,Organic
9247,2023-01-10,India,Odisha,Mobile,58,Male,Organic
9248,2023-04-02,India,Tamil Nadu,Mobile,45,Female,Facebook Ads
9249,2023-05-19,India,Uttar Pradesh,Mobile,43,Male,Organic
9250,2023-03-18,India,West Bengal,Mobile,23,Female,Referral
9251,2023-04-11,India,Delhi,Mobile,51,Female,Referral
9252,2023-03-25,India,Maharashtra,Mobile,45,Female,Google Ads
9253,2023-02-21,India,West Bengal,Mobile,26,Female,Referral
9254,2023-01-31,India,Rajasthan,Mobile,46,Male,Google Ads
9255,2023-05-25,India,Delhi,Mobile,51,Female,Google Ads
9256,2023-04-20,India,Maharashtra,Mobile,29,Male,Facebook Ads
9257,2023-04-03,India,Tamil Nadu,Mobile,33,Female,Organic
9258,2023-06-13,India,Gujarat,Mobile,24,Male,Referral
9259,2023-06-03,India,Maharashtra,Mobile,48,Female,Organic
9260,2023-02-22,India,Rajasthan,Mobile,50,Female,Google Ads
9261,2023-05-25,India,Uttar Pradesh,Mobile,24,Male,Referral
9262,2023-03-27,India,Maharashtra,Desktop,20,Female,Organic
9263,2023-06-02,India,West Bengal,Desktop,37,Female,Referral
9264,2023-01-02,India,West Bengal,Desktop,22,Female,Facebook Ads
9265,2023-03-27,India,Uttar Pradesh,Mobile,20,Female,Referral
9266,2023-05-13,India,West Bengal,Mobile,55,Male,Google Ads
9267,2023-01-04,India,Tamil Nadu,Mobile,32,Male,Referral
9268,2023-06-13,India,Rajasthan,Mobile,52,Female,Facebook Ads
9269,2023-01-06,India,Karnataka,Mobile,40,Female,Facebook Ads
9270,2023-05-29,India,Karnataka,Desktop,50,Female,Organic
9271,2023-04-28,India,Gujarat,Mobile,19,Male,Facebook Ads
9272,2023-03-30,India,Telangana,Mobile,53,Female,Google Ads
9273,2023-06-03,India,Tamil Nadu,Mobile,38,Male,Facebook Ads
9274,2023-06-16,India,Telangana,Mobile,31,Male,Organic
9275,2023-06-10,India,Karnataka,Mobile,31,Male,Facebook Ads
9276,2023-01-14,India,Maharashtra,Mobile,59,Male,Facebook Ads
9277,2023-02-25,India,Maharashtra,Mobile,28,Female,Referral
9278,2023-03-22,India,Maharashtra,Desktop,21,Female,Organic
9279,2023-05-29,India,West Bengal,Mobile,47,Male,Referral
9280,2023-02-15,India,West Bengal,Desktop,53,Male,Organic
9281,2023-05-24,India,Odisha,Mobile,37,Female,Organic
9282,2023-01-16,India,Maharashtra,Mobile,33,Female,Organic
9283,2023-04-30,India,Maharashtra,Mobile,51,Female,Organic
9284,2023-03-25,India,Delhi,Desktop,25,Female,Organic
9285,2023-06-06,India,Uttar Pradesh,Mobile,37,Male,Organic
9286,2023-01-08,India,Karnataka,Mobile,38,Female,Facebook Ads
9287,2023-03-29,India,West Bengal,Mobile,57,Male,Facebook Ads
9288,2023-05-11,India,Rajasthan,Mobile,47,Female,Facebook Ads
9289,2023-01-19,India,West Bengal,Mobile,53,Male,Google Ads
9290,2023-04-07,India,Rajasthan,Desktop,22,Female,Organic
9291,2023-03-07,India,Odisha,Mobile,38,Female,Facebook Ads
9292,2023-03-20,India,Rajasthan,Mobile,55,Female,Organic
9293,2023-03-27,India,West Bengal,Desktop,40,Female,Referral
9294,2023-05-04,India,Gujarat,Desktop,36,Male,Google Ads
9295,2023-05-30,India,West Bengal,Mobile,27,Female,Organic
9296,2023-02-15,India,Tamil Nadu,Mobile,44,Female,Facebook Ads
9297,2023-04-23,India,Gujarat,Mobile,52,Male,Google Ads
9298,2023-04-01,India,Maharashtra,Desktop,30,Male,Referral
9299,2023-05-21,India,Karnataka,Desktop,26,Male,Organic
9300,2023-02-02,India,Rajasthan,Desktop,34,Male,Google Ads
9301,2023-05-13,India,West Bengal,Mobile,48,Female,Organic
9302,2023-03-18,India,West Bengal,Mobile,59,Female,Google Ads
9303,2023-06-04,India,Rajasthan,Mobile,41,Female,Facebook Ads
9304,2023-05-01,India,Telangana,Mobile,59,Female,Organic
9305,2023-05-08,India,Karnataka,Desktop,36,Male,Organic
9306,2023-03-19,India,Delhi,Mobile,47,Female,Organic
9307,2023-06-01,India,Uttar Pradesh,Mobile,22,Male,Facebook Ads
9308,2023-03-08,India,Maharashtra,Desktop,25,Female,Google Ads
9309,2023-04-25,India,Gujarat,Mobile,54,Male,Facebook Ads
9310,2023-03-04,India,West Bengal,Mobile,53,Male,Referral
9311,2023-04-23,India,Odisha,Desktop,42,Male,Referral
9312,2023-04-04,India,Karnataka,Desktop,22,Male,Referral
9313,2023-02-17,India,Rajasthan,Desktop,50,Male,Google Ads
9314,2023-01-12,India,West Bengal,Mobile,39,Male,Organic
9315,2023-06-05,India,Gujarat,Mobile,59,Male,Google Ads
9316,2023-06-21,India,Odisha,Mobile,42,Male,Referral
9317,2023-06-20,India,Uttar Pradesh,Mobile,46,Female,Google Ads
9318,2023-05-25,India,Uttar Pradesh,Mobile,47,Male,Organic
9319,2023-02-09,India,Gujarat,Desktop,47,Female,Organic
9320,2023-06-26,India,Karnataka,Mobile,48,Male,Google Ads
9321,2023-03-26,India,Odisha,Mobile,51,Female,Referral
9322,2023-02-26,India,Rajasthan,Desktop,45,Female,Organic
9323,2023-03-28,India,Odisha,Desktop,27,Male,Referral
9324,2023-03-25,India,Tamil Nadu,Mobile,21,Female,Organic
9325,2023-05-01,India,Rajasthan,Desktop,50,Female,Referral
9326,2023-03-15,India,Maharashtra,Desktop,34,Female,Google Ads
9327,2023-04-17,India,Delhi,Desktop,28,Male,Facebook Ads
9328,2023-05-04,India,Maharashtra,Desktop,24,Male,Facebook Ads
9329,2023-04-10,India,Delhi,Desktop,34,Male,Referral
9330,2023-02-12,India,Maharashtra,Mobile,45,Male,Organic
9331,2023-04-29,India,Odisha,Mobile,34,Female,Google Ads
9332,2023-01-23,India,Karnataka,Mobile,58,Female,Organic
9333,2023-06-04,India,Gujarat,Mobile,27,Female,Facebook Ads
9334,2023-02-06,India,West Bengal,Mobile,43,Female,Facebook Ads
9335,2023-05-14,India,Delhi,Mobile,23,Male,Google Ads
9336,2023-03-06,India,West Bengal,Mobile,34,Male,Referral
9337,2023-05-14,India,Tamil Nadu,Desktop,33,Male,Google Ads
9338,2023-06-27,India,Tamil Nadu,Desktop,56,Male,Facebook Ads
9339,2023-01-22,India,West Bengal,Mobile,43,Female,Google Ads
9340,2023-04-15,India,Tamil Nadu,Mobile,21,Female,Facebook Ads
9341,2023-03-29,India,Rajasthan,Desktop,37,Female,Organic
9342,2023-06-02,India,West Bengal,Desktop,58,Male,Facebook Ads
9343,2023-05-05,India,Tamil Nadu,Desktop,28,Female,Facebook Ads
9344,2023-03-20,India,Delhi,Desktop,40,Female,Google Ads
9345,2023-03-31,India,Karnataka,Desktop,50,Female,Google Ads
9346,2023-02-20,India,Tamil Nadu,Mobile,48,Female,Google Ads
9347,2023-06-25,India,West Bengal,Mobile,24,Female,Organic
9348,2023-04-12,India,Delhi,Desktop,39,Female,Google Ads
9349,2023-04-16,India,West Bengal,Mobile,22,Male,Organic
9350,2023-03-01,India,Uttar Pradesh,Desktop,54,Female,Referral
9351,2023-02-15,India,Odisha,Mobile,18,Male,Google Ads
9352,2023-02-05,India,Odisha,Desktop,23,Male,Google Ads
9353,2023-06-15,India,Odisha,Mobile,21,Male,Referral
9354,2023-01-11,India,Maharashtra,Mobile,47,Female,Referral
9355,2023-01-12,India,Rajasthan,Mobile,47,Female,Referral
9356,2023-06-19,India,West Bengal,Desktop,34,Male,Facebook Ads
9357,2023-02-08,India,Rajasthan,Mobile,41,Female,Facebook Ads
9358,2023-05-19,India,West Bengal,Desktop,48,Female,Facebook Ads
9359,2023-02-05,India,Uttar Pradesh,Desktop,45,Female,Referral
9360,2023-02-21,India,Tamil Nadu,Desktop,21,Male,Organic
9361,2023-01-31,India,Maharashtra,Desktop,56,Female,Google Ads
9362,2023-02-02,India,Karnataka,Mobile,36,Female,Facebook Ads
9363,2023-05-21,India,West Bengal,Mobile,41,Male,Referral
9364,2023-05-26,India,Delhi,Mobile,24,Male,Google Ads
9365,2023-06-18,India,Tamil Nadu,Desktop,26,Female,Facebook Ads
9366,2023-02-27,India,Gujarat,Desktop,39,Female,Referral
9367,2023-06-01,India,Gujarat,Mobile,19,Male,Google Ads
9368,2023-05-08,India,Karnataka,Mobile,44,Male,Facebook Ads
9369,2023-01-31,India,Delhi,Mobile,33,Male,Facebook Ads
9370,2023-02-24,India,Odisha,Mobile,22,Female,Facebook Ads
9371,2023-01-10,India,Maharashtra,Mobile,29,Female,Facebook Ads
9372,2023-05-10,India,Rajasthan,Mobile,43,Female,Facebook Ads
9373,2023-01-15,India,Telangana,Mobile,32,Female,Referral
9374,2023-01-03,India,Telangana,Mobile,20,Female,Google Ads
9375,2023-02-12,India,Maharashtra,Mobile,26,Female,Facebook Ads
9376,2023-06-08,India,Tamil Nadu,Mobile,45,Male,Google Ads
9377,2023-03-08,India,Uttar Pradesh,Mobile,56,Female,Facebook Ads
9378,2023-02-25,India,Tamil Nadu,Mobile,53,Female,Referral
9379,2023-03-04,India,Gujarat,Mobile,42,Male,Referral
9380,2023-01-15,India,Rajasthan,Mobile,58,Male,Google Ads
9381,2023-04-19,India,Gujarat,Mobile,45,Male,Facebook Ads
9382,2023-04-26,India,West Bengal,Mobile,38,Male,Referral
9383,2023-04-02,India,Gujarat,Desktop,46,Male,Facebook Ads
9384,2023-05-18,India,Telangana,Mobile,42,Male,Facebook Ads
9385,2023-06-15,India,Telangana,Mobile,47,Male,Organic
9386,2023-02-16,India,Rajasthan,Mobile,56,Male,Referral
9387,2023-02-26,India,Gujarat,Mobile,28,Male,Google Ads
9388,2023-02-19,India,Maharashtra,Desktop,36,Female,Google Ads
9389,2023-03-12,India,Maharashtra,Mobile,28,Female,Facebook Ads
9390,2023-05-23,India,Karnataka,Mobile,42,Female,Facebook Ads
9391,2023-05-26,India,Uttar Pradesh,Mobile,18,Male,Facebook Ads
9392,2023-03-23,India,Rajasthan,Mobile,49,Female,Organic
9393,2023-04-26,India,Gujarat,Mobile,38,Male,Facebook Ads
9394,2023-04-15,India,Rajasthan,Mobile,30,Male,Facebook Ads
9395,2023-03-29,India,Tamil Nadu,Mobile,51,Male,Google Ads
9396,2023-01-02,India,Odisha,Mobile,34,Male,Organic
9397,2023-04-14,India,Delhi,Mobile,36,Female,Google Ads
9398,2023-03-25,India,Tamil Nadu,Desktop,27,Female,Organic
9399,2023-02-12,India,Tamil Nadu,Mobile,59,Male,Organic
9400,2023-06-03,India,Gujarat,Mobile,26,Female,Referral
9401,2023-03-12,India,Odisha,Mobile,28,Female,Referral
9402,2023-06-15,India,Maharashtra,Mobile,55,Male,Referral
9403,2023-04-04,India,Maharashtra,Desktop,48,Female,Google Ads
9404,2023-02-11,India,Tamil Nadu,Mobile,19,Female,Referral
9405,2023-05-13,India,Uttar Pradesh,Mobile,41,Female,Referral
9406,2023-05-19,India,Maharashtra,Mobile,59,Male,Google Ads
9407,2023-03-06,India,West Bengal,Mobile,22,Female,Organic
9408,2023-02-03,India,Tamil Nadu,Mobile,47,Female,Organic
9409,2023-04-30,India,Delhi,Desktop,56,Male,Facebook Ads
9410,2023-01-01,India,Odisha,Desktop,52,Female,Facebook Ads
9411,2023-05-10,India,Karnataka,Mobile,34,Female,Referral
9412,2023-05-28,India,Telangana,Desktop,48,Male,Google Ads
9413,2023-03-02,India,Rajasthan,Mobile,19,Male,Organic
9414,2023-05-29,India,Tamil Nadu,Desktop,33,Female,Google Ads
9415,2023-03-29,India,Maharashtra,Desktop,38,Male,Facebook Ads
9416,2023-03-09,India,Rajasthan,Mobile,47,Female,Referral
9417,2023-05-07,India,Delhi,Mobile,18,Male,Facebook Ads
9418,2023-05-20,India,Gujarat,Desktop,31,Male,Facebook Ads
9419,2023-01-22,India,Telangana,Mobile,33,Male,Organic
9420,2023-05-28,India,Uttar Pradesh,Mobile,26,Female,Google Ads
9421,2023-03-23,India,Karnataka,Mobile,25,Female,Organic
9422,2023-05-09,India,Gujarat,Desktop,26,Male,Organic
9423,2023-01-30,India,Delhi,Desktop,51,Male,Facebook Ads
9424,2023-05-06,India,Maharashtra,Mobile,50,Female,Referral
9425,2023-04-07,India,West Bengal,Desktop,39,Male,Facebook Ads
9426,2023-01-24,India,Odisha,Mobile,47,Male,Google Ads
9427,2023-01-14,India,Gujarat,Desktop,24,Male,Referral
9428,2023-02-05,India,Gujarat,Mobile,35,Female,Organic
9429,2023-01-24,India,Karnataka,Mobile,38,Female,Google Ads
9430,2023-04-05,India,Odisha,Mobile,22,Male,Google Ads
9431,2023-02-24,India,Delhi,Mobile,24,Male,Google Ads
9432,2023-01-24,India,Rajasthan,Mobile,29,Female,Google Ads
9433,2023-06-01,India,Rajasthan,Desktop,34,Female,Facebook Ads
9434,2023-01-26,India,Odisha,Mobile,41,Male,Google Ads
9435,2023-03-21,India,Uttar Pradesh,Desktop,54,Male,Facebook Ads
9436,2023-06-15,India,Tamil Nadu,Mobile,36,Male,Referral
9437,2023-03-06,India,Uttar Pradesh,Mobile,33,Female,Google Ads
9438,2023-03-16,India,Uttar Pradesh,Mobile,42,Male,Facebook Ads
9439,2023-06-28,India,Gujarat,Desktop,44,Female,Google Ads
9440,2023-06-12,India,Gujarat,Mobile,59,Male,Referral
9441,2023-02-12,India,Telangana,Desktop,24,Male,Organic
9442,2023-01-29,India,Maharashtra,Desktop,59,Male,Referral
9443,2023-06-14,India,Delhi,Mobile,25,Female,Organic
9444,2023-03-22,India,Delhi,Mobile,32,Female,Facebook Ads
9445,2023-02-23,India,Telangana,Desktop,33,Male,Referral
9446,2023-02-08,India,Gujarat,Desktop,25,Male,Facebook Ads
9447,2023-02-11,India,Karnataka,Mobile,53,Male,Referral
9448,2023-06-05,India,Karnataka,Mobile,49,Female,Google Ads
9449,2023-01-29,India,Maharashtra,Mobile,34,Male,Organic
9450,2023-06-20,India,Odisha,Mobile,53,Male,Google Ads
9451,2023-05-11,India,Gujarat,Mobile,39,Female,Facebook Ads
9452,2023-05-18,India,Rajasthan,Mobile,49,Female,Google Ads
9453,2023-05-22,India,Rajasthan,Mobile,28,Male,Organic
9454,2023-06-24,India,Gujarat,Mobile,23,Female,Organic
9455,2023-02-11,India,West Bengal,Desktop,39,Female,Organic
9456,2023-04-04,India,Odisha,Desktop,31,Female,Organic
9457,2023-06-09,India,Rajasthan,Desktop,45,Female,Organic
9458,2023-02-01,India,Tamil Nadu,Desktop,56,Female,Facebook Ads
9459,2023-06-19,India,Uttar Pradesh,Mobile,29,Female,Google Ads
9460,2023-06-09,India,Gujarat,Desktop,44,Female,Referral
9461,2023-01-26,India,West Bengal,Desktop,18,Female,Google Ads
9462,2023-04-25,India,Tamil Nadu,Desktop,27,Male,Google Ads
9463,2023-05-09,India,Uttar Pradesh,Mobile,50,Male,Facebook Ads
9464,2023-02-25,India,Uttar Pradesh,Mobile,33,Female,Facebook Ads
9465,2023-05-02,India,Maharashtra,Mobile,56,Female,Facebook Ads
9466,2023-04-16,India,Odisha,Mobile,23,Male,Facebook Ads
9467,2023-05-10,India,Gujarat,Desktop,42,Male,Google Ads
9468,2023-03-22,India,West Bengal,Mobile,37,Male,Organic
9469,2023-06-07,India,Telangana,Desktop,53,Male,Organic
9470,2023-04-30,India,Maharashtra,Mobile,40,Male,Facebook Ads
9471,2023-02-21,India,Karnataka,Mobile,33,Female,Referral
9472,2023-04-01,India,Tamil Nadu,Mobile,18,Female,Google Ads
9473,2023-05-17,India,Telangana,Mobile,47,Male,Google Ads
9474,2023-01-22,India,Tamil Nadu,Mobile,44,Female,Referral
9475,2023-02-03,India,Gujarat,Mobile,19,Male,Facebook Ads
9476,2023-04-20,India,West Bengal,Mobile,38,Male,Google Ads
9477,2023-02-18,India,West Bengal,Desktop,26,Female,Referral
9478,2023-05-09,India,Uttar Pradesh,Mobile,41,Female,Organic
9479,2023-03-14,India,Telangana,Desktop,58,Female,Referral
9480,2023-03-25,India,West Bengal,Mobile,56,Female,Referral
9481,2023-02-22,India,Rajasthan,Mobile,59,Male,Facebook Ads
9482,2023-04-10,India,Tamil Nadu,Mobile,24,Female,Google Ads
9483,2023-05-04,India,Uttar Pradesh,Desktop,47,Male,Referral
9484,2023-06-17,India,Gujarat,Mobile,19,Female,Google Ads
9485,2023-02-14,India,West Bengal,Mobile,29,Female,Google Ads
9486,2023-05-17,India,Delhi,Desktop,30,Male,Facebook Ads
9487,2023-04-15,India,Gujarat,Mobile,20,Male,Organic
9488,2023-05-30,India,Telangana,Mobile,57,Male,Google Ads
9489,2023-05-26,India,Rajasthan,Desktop,35,Female,Facebook Ads
9490,2023-04-16,India,Odisha,Mobile,56,Male,Facebook Ads
9491,2023-02-12,India,Karnataka,Mobile,23,Female,Referral
9492,2023-06-16,India,Delhi,Mobile,59,Male,Google Ads
9493,2023-05-14,India,Uttar Pradesh,Mobile,44,Male,Facebook Ads
9494,2023-02-17,India,Tamil Nadu,Mobile,32,Female,Organic
9495,2023-05-06,India,Telangana,Mobile,32,Female,Referral
9496,2023-01-07,India,Telangana,Desktop,36,Male,Organic
9497,2023-01-16,India,Odisha,Mobile,55,Male,Facebook Ads
9498,2023-05-09,India,Delhi,Mobile,37,Female,Referral
9499,2023-04-25,India,Tamil Nadu,Desktop,37,Female,Google Ads
9500,2023-02-06,India,Karnataka,Mobile,35,Male,Referral
9501,2023-06-14,India,Maharashtra,Desktop,51,Male,Referral
9502,2023-05-05,India,Maharashtra,Desktop,56,Female,Organic
9503,2023-03-22,India,Telangana,Mobile,54,Male,Google Ads
9504,2023-03-03,India,Delhi,Mobile,52,Male,Facebook Ads
9505,2023-03-13,India,Odisha,Desktop,55,Female,Organic
9506,2023-05-05,India,Telangana,Desktop,55,Male,Google Ads
9507,2023-06-10,India,Maharashtra,Mobile,18,Female,Facebook Ads
9508,2023-03-07,India,Telangana,Mobile,29,Female,Referral
9509,2023-01-30,India,Maharashtra,Mobile,22,Male,Google Ads
9510,2023-01-20,India,Delhi,Mobile,44,Female,Organic
9511,2023-03-23,India,Delhi,Mobile,56,Female,Facebook Ads
9512,2023-04-17,India,Odisha,Mobile,37,Female,Facebook Ads
9513,2023-06-01,India,Uttar Pradesh,Desktop,57,Male,Google Ads
9514,2023-05-12,India,Uttar Pradesh,Mobile,36,Male,Google Ads
9515,2023-02-06,India,Telangana,Desktop,55,Male,Referral
9516,2023-05-12,India,Telangana,Mobile,32,Female,Facebook Ads
9517,2023-03-18,India,Telangana,Mobile,23,Female,Referral
9518,2023-03-30,India,Odisha,Mobile,26,Male,Referral
9519,2023-05-26,India,Gujarat,Mobile,53,Male,Organic
9520,2023-03-29,India,Telangana,Mobile,40,Female,Organic
9521,2023-06-25,India,Uttar Pradesh,Desktop,27,Male,Google Ads
9522,2023-02-02,India,Uttar Pradesh,Mobile,18,Female,Google Ads
9523,2023-02-27,India,Tamil Nadu,Desktop,28,Male,Google Ads
9524,2023-01-28,India,Delhi,Mobile,37,Male,Organic
9525,2023-02-04,India,Gujarat,Mobile,45,Male,Referral
9526,2023-05-05,India,Maharashtra,Mobile,39,Male,Referral
9527,2023-05-18,India,Uttar Pradesh,Desktop,37,Female,Organic
9528,2023-03-06,India,Karnataka,Mobile,55,Male,Google Ads
9529,2023-02-11,India,Karnataka,Mobile,33,Female,Google Ads
9530,2023-03-26,India,Uttar Pradesh,Desktop,19,Female,Referral
9531,2023-05-17,India,Karnataka,Desktop,42,Male,Facebook Ads
9532,2023-04-21,India,West Bengal,Mobile,44,Female,Facebook Ads
9533,2023-01-15,India,Gujarat,Desktop,20,Female,Facebook Ads
9534,2023-03-10,India,Delhi,Mobile,40,Male,Facebook Ads
9535,2023-04-15,India,Uttar Pradesh,Desktop,49,Male,Google Ads
9536,2023-05-30,India,Uttar Pradesh,Mobile,34,Male,Organic
9537,2023-03-05,India,Maharashtra,Mobile,57,Male,Organic
9538,2023-02-10,India,Gujarat,Mobile,37,Male,Facebook Ads
9539,2023-03-12,India,Telangana,Mobile,47,Male,Organic
9540,2023-02-25,India,Telangana,Mobile,45,Female,Referral
9541,2023-05-31,India,Rajasthan,Desktop,40,Female,Facebook Ads
9542,2023-01-25,India,Tamil Nadu,Desktop,36,Male,Google Ads
9543,2023-04-15,India,West Bengal,Mobile,42,Female,Facebook Ads
9544,2023-05-14,India,Odisha,Mobile,41,Female,Referral
9545,2023-04-29,India,Odisha,Mobile,18,Female,Organic
9546,2023-06-11,India,Rajasthan,Mobile,45,Male,Organic
9547,2023-01-09,India,Delhi,Desktop,46,Male,Organic
9548,2023-03-01,India,Odisha,Mobile,52,Male,Google Ads
9549,2023-05-05,India,Telangana,Mobile,34,Male,Facebook Ads
9550,2023-02-18,India,Karnataka,Mobile,28,Female,Google Ads
9551,2023-02-20,India,Tamil Nadu,Mobile,54,Male,Referral
9552,2023-03-11,India,Gujarat,Mobile,24,Male,Google Ads
9553,2023-02-06,India,Telangana,Mobile,43,Male,Facebook Ads
9554,2023-01-31,India,Maharashtra,Mobile,40,Female,Organic
9555,2023-06-18,India,Gujarat,Mobile,35,Female,Organic
9556,2023-03-03,India,Odisha,Mobile,46,Female,Organic
9557,2023-04-03,India,Maharashtra,Mobile,56,Male,Organic
9558,2023-01-14,India,Gujarat,Mobile,51,Male,Google Ads
9559,2023-06-13,India,Uttar Pradesh,Desktop,55,Female,Facebook Ads
9560,2023-06-13,India,West Bengal,Mobile,25,Female,Facebook Ads
9561,2023-03-20,India,Telangana,Desktop,38,Female,Facebook Ads
9562,2023-01-08,India,Maharashtra,Mobile,38,Male,Google Ads
9563,2023-06-03,India,Rajasthan,Mobile,53,Male,Organic
9564,2023-02-05,India,West Bengal,Mobile,34,Female,Organic
9565,2023-02-17,India,Gujarat,Mobile,33,Female,Facebook Ads
9566,2023-03-26,India,Delhi,Desktop,32,Female,Organic
9567,2023-01-28,India,Rajasthan,Mobile,32,Male,Google Ads
9568,2023-02-20,India,Telangana,Mobile,57,Male,Referral
9569,2023-04-14,India,Uttar Pradesh,Desktop,34,Female,Organic
9570,2023-06-19,India,Maharashtra,Mobile,18,Female,Referral
9571,2023-04-11,India,Karnataka,Mobile,30,Male,Referral
9572,2023-01-29,India,Maharashtra,Mobile,55,Female,Referral
9573,2023-05-07,India,West Bengal,Mobile,27,Male,Organic
9574,2023-03-23,India,Maharashtra,Mobile,50,Male,Referral
9575,2023-01-10,India,West Bengal,Mobile,43,Female,Organic
9576,2023-04-16,India,Rajasthan,Desktop,29,Male,Facebook Ads
9577,2023-06-16,India,Maharashtra,Desktop,36,Male,Google Ads
9578,2023-01-01,India,Rajasthan,Mobile,32,Male,Referral
9579,2023-02-08,India,Uttar Pradesh,Mobile,22,Male,Referral
9580,2023-01-21,India,Uttar Pradesh,Mobile,19,Male,Facebook Ads
9581,2023-03-06,India,West Bengal,Mobile,31,Male,Google Ads
9582,2023-01-15,India,Gujarat,Mobile,46,Female,Facebook Ads
9583,2023-05-12,India,Uttar Pradesh,Desktop,58,Male,Google Ads
9584,2023-03-02,India,Tamil Nadu,Desktop,18,Male,Referral
9585,2023-05-28,India,Maharashtra,Mobile,30,Male,Google Ads
9586,2023-05-18,India,Tamil Nadu,Mobile,49,Male,Facebook Ads
9587,2023-03-28,India,Maharashtra,Mobile,51,Male,Referral
9588,2023-04-15,India,Odisha,Mobile,31,Female,Facebook Ads
9589,2023-02-03,India,Rajasthan,Mobile,55,Male,Referral
9590,2023-05-04,India,West Bengal,Mobile,55,Male,Organic
9591,2023-04-20,India,Telangana,Mobile,58,Female,Referral
9592,2023-06-25,India,Telangana,Mobile,32,Male,Google Ads
9593,2023-02-02,India,Delhi,Mobile,56,Female,Google Ads
9594,2023-04-08,India,Gujarat,Desktop,23,Female,Google Ads
9595,2023-03-02,India,West Bengal,Mobile,46,Male,Google Ads
9596,2023-01-10,India,Uttar Pradesh,Mobile,54,Female,Google Ads
9597,2023-03-25,India,Karnataka,Mobile,36,Female,Organic
9598,2023-03-06,India,Gujarat,Mobile,18,Male,Referral
9599,2023-03-18,India,Gujarat,Desktop,38,Male,Referral
9600,2023-01-01,India,Karnataka,Mobile,56,Female,Organic
9601,2023-05-13,India,Rajasthan,Desktop,35,Female,Organic
9602,2023-03-21,India,Gujarat,Mobile,44,Male,Google Ads
9603,2023-01-15,India,Odisha,Mobile,45,Male,Facebook Ads
9604,2023-01-28,India,Gujarat,Mobile,25,Male,Facebook Ads
9605,2023-01-23,India,Delhi,Mobile,48,Male,Google Ads
9606,2023-04-19,India,Tamil Nadu,Mobile,29,Male,Organic
9607,2023-04-17,India,Telangana,Desktop,59,Female,Referral
9608,2023-05-25,India,Rajasthan,Mobile,23,Female,Facebook Ads
9609,2023-04-23,India,West Bengal,Mobile,43,Female,Facebook Ads
9610,2023-04-08,India,Uttar Pradesh,Mobile,33,Female,Organic
9611,2023-05-21,India,Odisha,Mobile,47,Male,Google Ads
9612,2023-05-22,India,Rajasthan,Mobile,36,Female,Referral
9613,2023-05-19,India,Tamil Nadu,Mobile,35,Female,Google Ads
9614,2023-01-28,India,Delhi,Mobile,41,Female,Google Ads
9615,2023-02-11,India,Tamil Nadu,Mobile,37,Male,Google Ads
9616,2023-04-09,India,West Bengal,Desktop,24,Male,Google Ads
9617,2023-03-02,India,Karnataka,Desktop,24,Male,Facebook Ads
9618,2023-05-03,India,Uttar Pradesh,Mobile,33,Male,Organic
9619,2023-03-05,India,Karnataka,Desktop,59,Female,Referral
9620,2023-01-31,India,Maharashtra,Desktop,31,Female,Facebook Ads
9621,2023-03-22,India,Delhi,Mobile,29,Female,Referral
9622,2023-01-10,India,Uttar Pradesh,Mobile,46,Female,Referral
9623,2023-01-08,India,West Bengal,Mobile,32,Female,Facebook Ads
9624,2023-05-29,India,Rajasthan,Mobile,25,Female,Facebook Ads
9625,2023-02-28,India,Telangana,Desktop,56,Female,Referral
9626,2023-06-27,India,Uttar Pradesh,Desktop,26,Female,Referral
9627,2023-01-30,India,Rajasthan,Desktop,45,Male,Organic
9628,2023-05-25,India,Rajasthan,Mobile,44,Female,Facebook Ads
9629,2023-01-20,India,Maharashtra,Mobile,24,Female,Facebook Ads
9630,2023-02-17,India,Odisha,Mobile,31,Male,Referral
9631,2023-05-10,India,Delhi,Mobile,28,Female,Referral
9632,2023-02-06,India,Delhi,Mobile,49,Female,Google Ads
9633,2023-05-09,India,Maharashtra,Mobile,45,Male,Referral
9634,2023-05-12,India,Karnataka,Mobile,23,Male,Referral
9635,2023-04-10,India,Karnataka,Mobile,52,Female,Organic
9636,2023-02-23,India,West Bengal,Desktop,23,Male,Referral
9637,2023-05-02,India,Odisha,Mobile,41,Male,Google Ads
9638,2023-01-25,India,Rajasthan,Desktop,26,Male,Google Ads
9639,2023-05-11,India,Gujarat,Desktop,19,Male,Facebook Ads
9640,2023-01-09,India,Gujarat,Desktop,55,Female,Google Ads
9641,2023-02-03,India,Karnataka,Desktop,31,Male,Facebook Ads
9642,2023-02-12,India,Maharashtra,Mobile,48,Male,Referral
9643,2023-03-15,India,Odisha,Mobile,47,Female,Google Ads
9644,2023-04-04,India,Tamil Nadu,Desktop,44,Male,Organic
9645,2023-01-22,India,Telangana,Desktop,53,Male,Organic
9646,2023-03-11,India,Odisha,Mobile,48,Male,Google Ads
9647,2023-05-10,India,West Bengal,Desktop,59,Female,Facebook Ads
9648,2023-04-04,India,Rajasthan,Mobile,23,Male,Facebook Ads
9649,2023-02-01,India,Rajasthan,Mobile,35,Male,Facebook Ads
9650,2023-04-16,India,Delhi,Mobile,31,Male,Google Ads
9651,2023-05-24,India,Uttar Pradesh,Mobile,37,Male,Referral
9652,2023-01-01,India,Uttar Pradesh,Mobile,28,Male,Referral
9653,2023-03-13,India,Delhi,Mobile,54,Male,Referral
9654,2023-06-25,India,West Bengal,Mobile,57,Female,Facebook Ads
9655,2023-02-19,India,Rajasthan,Desktop,21,Male,Google Ads
9656,2023-05-21,India,Uttar Pradesh,Mobile,23,Female,Organic
9657,2023-01-15,India,Uttar Pradesh,Mobile,40,Female,Referral
9658,2023-02-22,India,Telangana,Mobile,25,Female,Referral
9659,2023-06-21,India,Uttar Pradesh,Mobile,47,Female,Facebook Ads
9660,2023-01-08,India,Rajasthan,Mobile,53,Male,Referral
9661,2023-03-15,India,West Bengal,Mobile,59,Male,Google Ads
9662,2023-02-15,India,Tamil Nadu,Desktop,28,Male,Referral
9663,2023-03-10,India,Karnataka,Mobile,22,Male,Facebook Ads
9664,2023-04-24,India,Odisha,Mobile,20,Male,Google Ads
9665,2023-05-27,India,Maharashtra,Desktop,32,Male,Facebook Ads
9666,2023-06-15,India,Gujarat,Desktop,19,Female,Organic
9667,2023-05-03,India,Odisha,Mobile,19,Male,Referral
9668,2023-05-19,India,Telangana,Mobile,25,Male,Google Ads
9669,2023-04-27,India,Uttar Pradesh,Mobile,47,Female,Google Ads
9670,2023-02-12,India,West Bengal,Mobile,58,Male,Referral
9671,2023-01-20,India,Tamil Nadu,Mobile,22,Female,Organic
9672,2023-05-28,India,Gujarat,Desktop,47,Male,Organic
9673,2023-01-21,India,Delhi,Mobile,27,Male,Referral
9674,2023-03-23,India,Tamil Nadu,Mobile,50,Female,Referral
9675,2023-02-26,India,Karnataka,Mobile,41,Male,Referral
9676,2023-06-27,India,Uttar Pradesh,Desktop,36,Male,Facebook Ads
9677,2023-03-15,India,Maharashtra,Mobile,47,Female,Google Ads
9678,2023-04-08,India,Gujarat,Mobile,42,Male,Google Ads
9679,2023-06-03,India,Uttar Pradesh,Mobile,28,Male,Referral
9680,2023-06-07,India,Gujarat,Mobile,52,Male,Facebook Ads
9681,2023-04-20,India,Maharashtra,Desktop,18,Male,Facebook Ads
9682,2023-04-25,India,Karnataka,Mobile,34,Female,Google Ads
9683,2023-06-08,India,Delhi,Mobile,48,Female,Organic
9684,2023-02-11,India,Rajasthan,Mobile,23,Female,Referral
9685,2023-03-09,India,West Bengal,Desktop,30,Female,Referral
9686,2023-03-11,India,Tamil Nadu,Mobile,43,Female,Facebook Ads
9687,2023-03-19,India,Odisha,Desktop,53,Male,Google Ads
9688,2023-03-31,India,Delhi,Mobile,22,Male,Facebook Ads
9689,2023-04-21,India,Delhi,Mobile,31,Female,Organic
9690,2023-04-22,India,Telangana,Mobile,32,Female,Google Ads
9691,2023-04-13,India,Gujarat,Mobile,29,Male,Referral
9692,2023-05-25,India,Gujarat,Desktop,59,Female,Google Ads
9693,2023-01-19,India,Telangana,Desktop,25,Female,Google Ads
9694,2023-06-28,India,Tamil Nadu,Mobile,48,Male,Referral
9695,2023-03-11,India,Gujarat,Mobile,43,Male,Organic
9696,2023-03-04,India,Rajasthan,Mobile,46,Female,Facebook Ads
9697,2023-03-16,India,West Bengal,Desktop,21,Female,Organic
9698,2023-06-07,India,Odisha,Mobile,45,Male,Organic
9699,2023-06-02,India,Odisha,Mobile,42,Female,Organic
9700,2023-04-14,India,Maharashtra,Mobile,57,Female,Google Ads
9701,2023-03-16,India,Maharashtra,Mobile,49,Male,Organic
9702,2023-05-08,India,West Bengal,Desktop,53,Female,Google Ads
9703,2023-06-03,India,Uttar Pradesh,Desktop,28,Female,Google Ads
9704,2023-02-25,India,Uttar Pradesh,Mobile,54,Female,Facebook Ads
9705,2023-01-22,India,Delhi,Mobile,27,Male,Facebook Ads
9706,2023-03-30,India,Delhi,Mobile,55,Male,Organic
9707,2023-01-19,India,Telangana,Desktop,53,Male,Google Ads
9708,2023-06-08,India,Karnataka,Mobile,44,Female,Referral
9709,2023-01-26,India,Maharashtra,Mobile,34,Female,Google Ads
9710,2023-06-19,India,Karnataka,Mobile,24,Female,Facebook Ads
9711,2023-06-18,India,Gujarat,Mobile,26,Male,Referral
9712,2023-01-23,India,Odisha,Mobile,52,Female,Google Ads
9713,2023-02-16,India,Delhi,Mobile,26,Male,Organic
9714,2023-01-13,India,Uttar Pradesh,Desktop,53,Female,Google Ads
9715,2023-03-07,India,West Bengal,Mobile,47,Female,Referral
9716,2023-05-24,India,Maharashtra,Mobile,48,Male,Organic
9717,2023-03-14,India,Odisha,Mobile,36,Female,Referral
9718,2023-06-05,India,Tamil Nadu,Mobile,58,Female,Facebook Ads
9719,2023-03-18,India,West Bengal,Mobile,40,Male,Facebook Ads
9720,2023-06-12,India,Karnataka,Mobile,37,Female,Google Ads
9721,2023-06-18,India,Rajasthan,Mobile,23,Female,Google Ads
9722,2023-01-31,India,Karnataka,Mobile,41,Female,Facebook Ads
9723,2023-03-26,India,Maharashtra,Mobile,39,Female,Referral
9724,2023-06-09,India,West Bengal,Mobile,23,Male,Referral
9725,2023-02-28,India,Rajasthan,Desktop,41,Female,Organic
9726,2023-02-10,India,Gujarat,Mobile,59,Male,Organic
9727,2023-04-22,India,Tamil Nadu,Mobile,39,Female,Organic
9728,2023-04-06,India,Karnataka,Mobile,35,Female,Facebook Ads
9729,2023-06-17,India,Tamil Nadu,Mobile,33,Female,Facebook Ads
9730,2023-05-02,India,West Bengal,Desktop,53,Male,Facebook Ads
9731,2023-06-05,India,Odisha,Mobile,30,Female,Google Ads
9732,2023-06-14,India,West Bengal,Desktop,54,Female,Referral
9733,2023-04-15,India,Uttar Pradesh,Mobile,41,Male,Facebook Ads
9734,2023-03-15,India,Rajasthan,Desktop,36,Male,Organic
9735,2023-05-12,India,Odisha,Desktop,37,Female,Organic
9736,2023-04-09,India,Karnataka,Mobile,44,Male,Facebook Ads
9737,2023-05-06,India,Gujarat,Desktop,34,Male,Facebook Ads
9738,2023-05-18,India,Tamil Nadu,Mobile,33,Female,Referral
9739,2023-06-24,India,West Bengal,Desktop,18,Male,Organic
9740,2023-03-16,India,Telangana,Desktop,38,Female,Referral
9741,2023-01-14,India,Maharashtra,Desktop,44,Male,Facebook Ads
9742,2023-02-07,India,Karnataka,Mobile,18,Male,Referral
9743,2023-05-20,India,Maharashtra,Desktop,47,Female,Google Ads
9744,2023-02-14,India,Odisha,Mobile,37,Female,Facebook Ads
9745,2023-05-25,India,Uttar Pradesh,Mobile,41,Female,Organic
9746,2023-06-12,India,Karnataka,Mobile,19,Male,Organic
9747,2023-03-16,India,Uttar Pradesh,Desktop,32,Female,Referral
9748,2023-06-18,India,Uttar Pradesh,Mobile,46,Female,Facebook Ads
9749,2023-01-29,India,Gujarat,Mobile,52,Female,Organic
9750,2023-01-18,India,Odisha,Mobile,30,Male,Referral
9751,2023-01-20,India,West Bengal,Mobile,36,Female,Referral
9752,2023-01-14,India,Telangana,Desktop,18,Female,Facebook Ads
9753,2023-06-11,India,Rajasthan,Desktop,33,Male,Organic
9754,2023-06-26,India,Uttar Pradesh,Mobile,20,Female,Organic
9755,2023-02-23,India,Odisha,Mobile,57,Female,Organic
9756,2023-01-31,India,Gujarat,Mobile,23,Female,Facebook Ads
9757,2023-02-27,India,Karnataka,Mobile,48,Female,Facebook Ads
9758,2023-04-14,India,Delhi,Mobile,22,Male,Facebook Ads
9759,2023-06-19,India,Delhi,Mobile,43,Female,Google Ads
9760,2023-05-08,India,Telangana,Mobile,45,Female,Referral
9761,2023-06-07,India,Gujarat,Mobile,32,Female,Google Ads
9762,2023-01-25,India,Odisha,Mobile,26,Female,Google Ads
9763,2023-01-19,India,Gujarat,Mobile,39,Female,Organic
9764,2023-05-16,India,Rajasthan,Mobile,54,Male,Organic
9765,2023-01-03,India,Rajasthan,Mobile,38,Female,Referral
9766,2023-03-27,India,West Bengal,Desktop,59,Female,Referral
9767,2023-05-25,India,Delhi,Mobile,46,Female,Facebook Ads
9768,2023-05-22,India,Delhi,Mobile,43,Male,Organic
9769,2023-01-09,India,Rajasthan,Mobile,23,Female,Google Ads
9770,2023-04-04,India,Gujarat,Desktop,28,Male,Referral
9771,2023-05-29,India,Telangana,Desktop,53,Female,Referral
9772,2023-06-14,India,Telangana,Desktop,37,Female,Google Ads
9773,2023-05-19,India,Uttar Pradesh,Mobile,37,Male,Facebook Ads
9774,2023-01-20,India,Karnataka,Mobile,44,Female,Organic
9775,2023-02-04,India,Delhi,Desktop,23,Female,Organic
9776,2023-02-22,India,Rajasthan,Mobile,50,Male,Google Ads
9777,2023-06-24,India,Gujarat,Desktop,47,Female,Facebook Ads
9778,2023-04-20,India,Odisha,Mobile,51,Female,Google Ads
9779,2023-06-29,India,Karnataka,Mobile,22,Female,Organic
9780,2023-05-16,India,Telangana,Desktop,33,Male,Google Ads
9781,2023-01-04,India,Maharashtra,Mobile,29,Male,Google Ads
9782,2023-06-04,India,Maharashtra,Mobile,29,Female,Organic
9783,2023-06-21,India,Gujarat,Mobile,28,Female,Organic
9784,2023-06-17,India,Tamil Nadu,Desktop,38,Male,Organic
9785,2023-04-12,India,Tamil Nadu,Mobile,24,Female,Google Ads
9786,2023-02-16,India,Delhi,Mobile,51,Female,Google Ads
9787,2023-04-04,India,Odisha,Mobile,46,Male,Google Ads
9788,2023-06-21,India,Uttar Pradesh,Desktop,23,Male,Facebook Ads
9789,2023-02-17,India,Gujarat,Desktop,53,Male,Referral
9790,2023-04-01,India,Maharashtra,Mobile,51,Female,Facebook Ads
9791,2023-06-29,India,Maharashtra,Mobile,25,Female,Referral
9792,2023-03-25,India,Odisha,Mobile,54,Male,Organic
9793,2023-03-09,India,Delhi,Mobile,27,Female,Referral
9794,2023-05-19,India,Tamil Nadu,Desktop,33,Female,Facebook Ads
9795,2023-05-05,India,West Bengal,Mobile,19,Female,Organic
9796,2023-03-14,India,Delhi,Mobile,36,Female,Referral
9797,2023-01-04,India,Delhi,Mobile,24,Male,Referral
9798,2023-03-17,India,Telangana,Mobile,19,Female,Referral
9799,2023-03-14,India,Uttar Pradesh,Mobile,40,Male,Google Ads
9800,2023-03-18,India,Uttar Pradesh,Mobile,48,Female,Organic
9801,2023-02-17,India,Maharashtra,Desktop,21,Male,Google Ads
9802,2023-06-03,India,Uttar Pradesh,Mobile,33,Male,Organic
9803,2023-04-12,India,Maharashtra,Mobile,27,Female,Referral
9804,2023-04-16,India,Delhi,Mobile,38,Male,Referral
9805,2023-03-18,India,Odisha,Desktop,45,Female,Facebook Ads
9806,2023-02-08,India,West Bengal,Mobile,29,Female,Referral
9807,2023-02-27,India,Odisha,Desktop,30,Male,Google Ads
9808,2023-01-19,India,Delhi,Desktop,57,Male,Google Ads
9809,2023-03-29,India,Rajasthan,Desktop,34,Male,Referral
9810,2023-04-23,India,Gujarat,Mobile,35,Male,Google Ads
9811,2023-03-18,India,Tamil Nadu,Mobile,27,Female,Referral
9812,2023-03-18,India,Gujarat,Mobile,45,Female,Facebook Ads
9813,2023-01-28,India,West Bengal,Mobile,30,Male,Facebook Ads
9814,2023-03-07,India,Uttar Pradesh,Desktop,51,Male,Referral
9815,2023-01-10,India,Gujarat,Mobile,23,Male,Facebook Ads
9816,2023-05-06,India,Uttar Pradesh,Mobile,29,Female,Referral
9817,2023-02-27,India,Delhi,Mobile,46,Male,Google Ads
9818,2023-05-22,India,West Bengal,Desktop,30,Female,Referral
9819,2023-05-05,India,Telangana,Mobile,43,Female,Organic
9820,2023-04-22,India,Tamil Nadu,Mobile,21,Male,Organic
9821,2023-03-25,India,Tamil Nadu,Mobile,32,Female,Referral
9822,2023-05-23,India,Rajasthan,Desktop,33,Female,Referral
9823,2023-04-06,India,Telangana,Mobile,36,Female,Referral
9824,2023-02-02,India,Maharashtra,Mobile,43,Male,Facebook Ads
9825,2023-05-25,India,Tamil Nadu,Mobile,49,Male,Organic
9826,2023-06-01,India,Karnataka,Desktop,23,Female,Referral
9827,2023-06-07,India,Maharashtra,Mobile,23,Male,Referral
9828,2023-05-21,India,Tamil Nadu,Desktop,22,Female,Google Ads
9829,2023-02-16,India,Delhi,Mobile,19,Male,Google Ads
9830,2023-04-22,India,West Bengal,Mobile,19,Female,Facebook Ads
9831,2023-05-24,India,West Bengal,Mobile,54,Male,Facebook Ads
9832,2023-02-12,India,Karnataka,Mobile,20,Male,Organic
9833,2023-01-08,India,Delhi,Mobile,23,Female,Organic
9834,2023-01-03,India,Karnataka,Mobile,48,Male,Referral
9835,2023-05-05,India,Uttar Pradesh,Mobile,22,Female,Organic
9836,2023-01-12,India,Odisha,Mobile,27,Male,Referral
9837,2023-03-25,India,Tamil Nadu,Mobile,44,Male,Facebook Ads
9838,2023-01-16,India,Delhi,Desktop,41,Male,Facebook Ads
9839,2023-03-19,India,Odisha,Desktop,39,Male,Facebook Ads
9840,2023-02-28,India,Odisha,Mobile,42,Female,Google Ads
9841,2023-06-26,India,West Bengal,Mobile,20,Female,Organic
9842,2023-03-04,India,West Bengal,Desktop,33,Female,Facebook Ads
9843,2023-02-18,India,Telangana,Desktop,47,Female,Facebook Ads
9844,2023-02-20,India,Uttar Pradesh,Desktop,21,Male,Facebook Ads
9845,2023-02-02,India,Delhi,Mobile,57,Male,Organic
9846,2023-01-30,India,Rajasthan,Mobile,33,Female,Organic
9847,2023-03-17,India,Delhi,Mobile,57,Female,Google Ads
9848,2023-01-15,India,Uttar Pradesh,Mobile,58,Female,Google Ads
9849,2023-03-23,India,West Bengal,Mobile,25,Female,Google Ads
9850,2023-04-02,India,West Bengal,Mobile,41,Male,Google Ads
9851,2023-01-23,India,Tamil Nadu,Mobile,33,Female,Facebook Ads
9852,2023-04-04,India,Gujarat,Mobile,44,Male,Referral
9853,2023-02-14,India,West Bengal,Mobile,19,Male,Google Ads
9854,2023-03-03,India,Karnataka,Mobile,37,Male,Referral
9855,2023-01-15,India,Tamil Nadu,Desktop,37,Male,Facebook Ads
9856,2023-02-15,India,Maharashtra,Desktop,37,Male,Facebook Ads
9857,2023-03-05,India,Gujarat,Mobile,36,Male,Organic
9858,2023-06-23,India,Gujarat,Desktop,35,Male,Referral
9859,2023-06-21,India,Karnataka,Mobile,30,Female,Referral
9860,2023-03-16,India,Gujarat,Mobile,34,Female,Facebook Ads
9861,2023-06-06,India,Rajasthan,Desktop,50,Male,Organic
9862,2023-02-21,India,West Bengal,Mobile,45,Female,Google Ads
9863,2023-03-29,India,West Bengal,Mobile,22,Male,Google Ads
9864,2023-02-26,India,Tamil Nadu,Mobile,45,Female,Organic
9865,2023-03-24,India,Uttar Pradesh,Mobile,42,Female,Organic
9866,2023-03-07,India,Karnataka,Mobile,37,Female,Google Ads
9867,2023-05-30,India,West Bengal,Mobile,38,Female,Facebook Ads
9868,2023-01-20,India,Odisha,Mobile,30,Female,Facebook Ads
9869,2023-02-02,India,Telangana,Desktop,23,Female,Organic
9870,2023-03-13,India,West Bengal,Mobile,46,Female,Facebook Ads
9871,2023-01-25,India,Delhi,Mobile,59,Female,Facebook Ads
9872,2023-02-15,India,Odisha,Mobile,26,Male,Referral
9873,2023-03-14,India,Uttar Pradesh,Desktop,46,Male,Google Ads
9874,2023-04-08,India,Odisha,Desktop,55,Male,Organic
9875,2023-02-26,India,Gujarat,Desktop,18,Female,Google Ads
9876,2023-03-28,India,Telangana,Mobile,47,Male,Referral
9877,2023-05-13,India,Maharashtra,Mobile,49,Male,Facebook Ads
9878,2023-02-24,India,Telangana,Mobile,40,Female,Facebook Ads
9879,2023-03-02,India,West Bengal,Mobile,56,Male,Referral
9880,2023-03-30,India,Tamil Nadu,Mobile,27,Male,Google Ads
9881,2023-01-08,India,Rajasthan,Desktop,38,Female,Referral
9882,2023-01-16,India,Uttar Pradesh,Mobile,43,Female,Facebook Ads
9883,2023-06-25,India,Tamil Nadu,Desktop,32,Male,Facebook Ads
9884,2023-04-26,India,West Bengal,Mobile,34,Female,Google Ads
9885,2023-03-02,India,Tamil Nadu,Desktop,52,Female,Facebook Ads
9886,2023-01-15,India,Delhi,Mobile,42,Male,Google Ads
9887,2023-05-30,India,Odisha,Desktop,32,Female,Organic
9888,2023-05-11,India,Rajasthan,Mobile,50,Male,Facebook Ads
9889,2023-04-12,India,West Bengal,Desktop,28,Female,Facebook Ads
9890,2023-02-23,India,Gujarat,Mobile,41,Female,Google Ads
9891,2023-01-14,India,Uttar Pradesh,Mobile,23,Male,Organic
9892,2023-02-05,India,Gujarat,Mobile,45,Female,Facebook Ads
9893,2023-04-15,India,Odisha,Mobile,46,Female,Facebook Ads
9894,2023-03-23,India,Rajasthan,Mobile,38,Male,Organic
9895,2023-03-08,India,Odisha,Desktop,29,Female,Facebook Ads
9896,2023-01-10,India,Karnataka,Mobile,39,Female,Google Ads
9897,2023-02-18,India,Gujarat,Desktop,44,Female,Organic
9898,2023-04-21,India,Odisha,Mobile,38,Female,Organic
9899,2023-03-06,India,Odisha,Mobile,32,Male,Referral
9900,2023-02-26,India,Tamil Nadu,Mobile,35,Female,Facebook Ads
9901,2023-01-27,India,West Bengal,Desktop,27,Female,Organic
9902,2023-04-23,India,Tamil Nadu,Mobile,39,Female,Organic
9903,2023-05-13,India,Karnataka,Mobile,37,Female,Organic
9904,2023-03-12,India,Telangana,Mobile,36,Female,Referral
9905,2023-03-24,India,Telangana,Mobile,45,Male,Facebook Ads
9906,2023-02-26,India,Tamil Nadu,Mobile,54,Female,Organic
9907,2023-04-30,India,Maharashtra,Mobile,18,Male,Facebook Ads
9908,2023-04-03,India,Gujarat,Mobile,51,Male,Organic
9909,2023-01-15,India,Tamil Nadu,Mobile,52,Male,Google Ads
9910,2023-04-21,India,Delhi,Desktop,43,Male,Organic
9911,2023-04-11,India,Delhi,Mobile,47,Female,Organic
9912,2023-04-29,India,Uttar Pradesh,Desktop,29,Male,Referral
9913,2023-03-17,India,Karnataka,Mobile,31,Female,Organic
9914,2023-06-07,India,Karnataka,Mobile,56,Female,Google Ads
9915,2023-01-20,India,Tamil Nadu,Mobile,21,Male,Organic
9916,2023-06-14,India,Rajasthan,Mobile,29,Male,Google Ads
9917,2023-05-11,India,Odisha,Mobile,41,Female,Google Ads
9918,2023-03-14,India,West Bengal,Mobile,57,Male,Google Ads
9919,2023-05-02,India,Odisha,Mobile,48,Female,Referral
9920,2023-02-10,India,Odisha,Mobile,18,Male,Facebook Ads
9921,2023-06-16,India,Karnataka,Mobile,54,Female,Facebook Ads
9922,2023-06-03,India,Karnataka,Mobile,18,Female,Google Ads
9923,2023-05-10,India,Delhi,Desktop,32,Male,Referral
9924,2023-01-23,India,Karnataka,Desktop,30,Male,Referral
9925,2023-01-23,India,Tamil Nadu,Mobile,46,Male,Facebook Ads
9926,2023-05-24,India,Delhi,Desktop,21,Male,Google Ads
9927,2023-01-09,India,Gujarat,Desktop,32,Female,Facebook Ads
9928,2023-01-13,India,Odisha,Mobile,57,Male,Facebook Ads
9929,2023-06-05,India,Gujarat,Mobile,29,Female,Referral
9930,2023-06-04,India,Odisha,Desktop,42,Female,Referral
9931,2023-02-20,India,Odisha,Mobile,44,Female,Organic
9932,2023-03-05,India,Uttar Pradesh,Mobile,23,Female,Referral
9933,2023-02-21,India,Odisha,Mobile,40,Male,Referral
9934,2023-02-07,India,Rajasthan,Desktop,32,Male,Facebook Ads
9935,2023-04-10,India,Gujarat,Desktop,56,Female,Referral
9936,2023-05-26,India,Odisha,Mobile,22,Female,Referral
9937,2023-02-20,India,Maharashtra,Desktop,40,Male,Facebook Ads
9938,2023-05-17,India,Maharashtra,Mobile,32,Male,Referral
9939,2023-05-21,India,Maharashtra,Mobile,42,Female,Referral
9940,2023-06-17,India,Tamil Nadu,Mobile,47,Female,Organic
9941,2023-02-24,India,Delhi,Desktop,21,Female,Google Ads
9942,2023-04-19,India,Gujarat,Mobile,30,Male,Organic
9943,2023-06-20,India,Odisha,Mobile,57,Male,Referral
9944,2023-02-13,India,Telangana,Mobile,56,Male,Facebook Ads
9945,2023-04-20,India,Delhi,Mobile,40,Female,Facebook Ads
9946,2023-06-10,India,Telangana,Mobile,33,Male,Google Ads
9947,2023-06-01,India,West Bengal,Mobile,52,Female,Facebook Ads
9948,2023-06-13,India,Rajasthan,Desktop,33,Male,Referral
9949,2023-05-08,India,West Bengal,Mobile,24,Female,Organic
9950,2023-04-15,India,Karnataka,Mobile,30,Male,Google Ads
9951,2023-01-10,India,Delhi,Mobile,46,Female,Organic
9952,2023-04-10,India,Telangana,Mobile,56,Female,Facebook Ads
9953,2023-05-28,India,Uttar Pradesh,Mobile,37,Female,Referral
9954,2023-04-19,India,Odisha,Desktop,46,Male,Google Ads
9955,2023-04-18,India,Tamil Nadu,Mobile,35,Male,Facebook Ads
9956,2023-05-20,India,Gujarat,Desktop,39,Female,Facebook Ads
9957,2023-05-26,India,Odisha,Desktop,53,Female,Organic
9958,2023-04-04,India,Gujarat,Mobile,58,Female,Facebook Ads
9959,2023-03-04,India,Uttar Pradesh,Mobile,53,Female,Organic
9960,2023-03-25,India,Odisha,Mobile,25,Female,Facebook Ads
9961,2023-01-25,India,Rajasthan,Mobile,20,Female,Organic
9962,2023-01-12,India,Karnataka,Mobile,46,Female,Organic
9963,2023-05-29,India,Maharashtra,Mobile,26,Female,Referral
9964,2023-01-25,India,Uttar Pradesh,Mobile,25,Female,Google Ads
9965,2023-01-11,India,Karnataka,Desktop,47,Male,Google Ads
9966,2023-03-05,India,Odisha,Mobile,29,Female,Referral
9967,2023-05-06,India,Telangana,Mobile,45,Female,Facebook Ads
9968,2023-02-19,India,Karnataka,Mobile,59,Female,Facebook Ads
9969,2023-03-30,India,Tamil Nadu,Mobile,27,Female,Google Ads
9970,2023-04-09,India,Karnataka,Mobile,30,Male,Organic
9971,2023-04-26,India,West Bengal,Desktop,19,Female,Organic
9972,2023-04-06,India,Rajasthan,Desktop,18,Female,Google Ads
9973,2023-06-26,India,Uttar Pradesh,Mobile,39,Female,Google Ads
9974,2023-01-14,India,Maharashtra,Mobile,50,Female,Referral
9975,2023-01-01,India,Odisha,Mobile,33,Female,Facebook Ads
9976,2023-01-25,India,Uttar Pradesh,Mobile,59,Male,Organic
9977,2023-03-13,India,Delhi,Desktop,46,Female,Referral
9978,2023-03-10,India,Uttar Pradesh,Desktop,27,Female,Google Ads
9979,2023-05-13,India,Tamil Nadu,Mobile,56,Female,Referral
9980,2023-04-15,India,Uttar Pradesh,Mobile,24,Male,Referral
9981,2023-05-27,India,Delhi,Mobile,18,Male,Organic
9982,2023-01-23,India,Karnataka,Mobile,43,Male,Referral
9983,2023-01-09,India,West Bengal,Mobile,22,Male,Organic
9984,2023-04-28,India,Karnataka,Mobile,52,Female,Google Ads
9985,2023-04-04,India,Karnataka,Mobile,30,Female,Organic
9986,2023-06-27,India,Delhi,Mobile,44,Male,Facebook Ads
9987,2023-05-24,India,Gujarat,Mobile,29,Male,Google Ads
9988,2023-02-02,India,Maharashtra,Mobile,47,Female,Organic
9989,2023-05-10,India,Delhi,Mobile,49,Male,Google Ads
9990,2023-01-14,India,Karnataka,Mobile,48,Female,Referral
9991,2023-01-01,India,Uttar Pradesh,Mobile,22,Male,Google Ads
9992,2023-03-31,India,Maharashtra,Desktop,54,Male,Organic
9993,2023-03-30,India,Odisha,Mobile,19,Male,Referral
9994,2023-05-24,India,Telangana,Desktop,55,Male,Facebook Ads
9995,2023-03-31,India,Odisha,Mobile,24,Male,Google Ads
9996,2023-06-24,India,Tamil Nadu,Mobile,18,Male,Organic
9997,2023-06-21,India,Karnataka,Mobile,20,Female,Google Ads
9998,2023-01-14,India,Uttar Pradesh,Mobile,37,Female,Google Ads
9999,2023-06-01,India,Gujarat,Mobile,19,Female,Organic
10000,2023-04-21,India,West Bengal,Desktop,59,Female,Facebook Ads
